Customer ID,Recency,Frequency,Monetary
12346.0,263,3,77352.96
12347.0,67,6,3402.3900000000003
12348.0,12,5,1658.3999999999999
12349.0,345,2,2221.14
12350.0,247,1,294.4
12351.0,312,1,300.93
12352.0,9,8,1497.81
12353.0,141,2,406.76
12354.0,169,1,1079.4
12355.0,151,2,947.61
12356.0,183,5,5553.38
12357.0,326,1,11229.99
12358.0,88,4,2923.87
12359.0,127,9,6059.09
12360.0,50,5,2689.11
12361.0,224,4,451.25
12362.0,10,5,2352.34
12363.0,47,2,552.0
12364.0,15,2,643.72
12365.0,228,1,320.69
12366.0,571,1,500.24
12368.0,565,1,917.6999999999999
12369.0,350,3,1511.15
12370.0,212,6,3217.28
12371.0,346,3,1819.42
12372.0,9,3,1196.04
12373.0,248,3,927.6500000000001
12374.0,359,2,2046.29
12375.0,35,1,190.3
12376.0,327,2,383.15
12377.0,252,4,3266.32
12378.0,67,2,5416.32
12379.0,19,4,1470.22
12380.0,15,6,5917.4
12381.0,57,1,1028.74
12383.0,122,5,1628.56
12384.0,59,1,212.69
12385.0,316,1,1668.4
12386.0,275,2,401.9
12387.0,352,1,143.94
12388.0,13,7,3614.71
12389.0,340,3,1433.33
12390.0,17,1,504.84000000000003
12391.0,402,5,2285.18
12392.0,528,1,234.75000000000003
12393.0,9,6,2399.4500000000003
12394.0,1,2,1080.48
12395.0,3,12,3549.79
12396.0,611,1,931.43
12397.0,72,1,1109.81
12399.0,56,7,1842.3
12400.0,351,1,205.25
12401.0,240,1,69.3
12402.0,260,6,1136.9
12403.0,459,1,555.6600000000001
12405.0,86,1,1390.39
12406.0,121,4,4596.31
12407.0,71,4,1242.3600000000001
12408.0,36,7,3226.27
12409.0,16,7,23419.29
12410.0,246,3,773.71
12411.0,347,1,346.9
12412.0,12,6,2404.93
12413.0,4,4,871.45
12414.0,154,4,532.41
12415.0,3,20,137678.49
12416.0,594,1,202.56
12417.0,44,18,5255.83
12418.0,50,4,2021.2
12419.0,323,2,391.01
12420.0,1,1,600.39
12421.0,52,5,724.12
12422.0,33,12,3639.35
12423.0,38,9,2107.75
12424.0,100,4,3340.03
12425.0,15,2,1741.41
12426.0,132,2,1201.21
12427.0,309,1,249.5
12428.0,57,7,6076.92
12429.0,110,7,4936.89
12431.0,2,23,9198.1
12432.0,109,2,3316.6600000000003
12433.0,28,6,9813.5
12434.0,22,3,1103.43
12435.0,17,6,13925.93
12436.0,37,1,429.01000000000005
12437.0,15,32,9545.0
12438.0,77,1,770.0699999999999
12439.0,620,2,1142.88
12440.0,399,2,739.2
12441.0,304,1,155.55
12443.0,669,1,365.31
12444.0,23,3,2829.81
12445.0,358,1,301.58000000000004
12447.0,180,1,431.49
12449.0,29,4,3058.18
12450.0,93,5,688.2
12451.0,2,6,11481.74
12453.0,71,1,707.09
12454.0,333,3,12931.44
12455.0,10,9,5722.95
12456.0,68,2,1825.4
12457.0,3,7,2555.91
12458.0,8,4,1502.49
12459.0,542,1,398.36
12460.0,393,1,296.65
12461.0,92,1,626.88
12462.0,240,1,594.11
12463.0,112,3,877.79
12464.0,43,6,615.55
12465.0,106,1,410.94
12467.0,360,1,132.8
12468.0,125,5,3238.74
12469.0,460,2,3070.54
12470.0,627,1,211.95
12471.0,3,64,30113.39
12472.0,76,17,13452.78
12473.0,52,2,1013.75
12474.0,36,24,8600.72
12475.0,347,1,396.26
12476.0,22,14,9570.76
12477.0,1,7,16949.9
12480.0,80,6,3842.17
12481.0,3,13,10864.71
12482.0,513,27,21941.72
12483.0,36,17,3448.26
12484.0,40,8,4828.43
12485.0,466,1,708.1
12486.0,369,1,917.28
12487.0,668,1,285.29999999999995
12488.0,13,1,553.39
12489.0,273,1,298.93
12490.0,30,16,7115.3
12492.0,0,3,607.21
12493.0,103,2,379.74
12494.0,99,7,1240.03
12495.0,578,1,277.4
12496.0,557,2,45.34
12497.0,19,3,5996.5
12499.0,497,1,357.72
12500.0,2,14,3261.48
12501.0,274,1,2025.39
12502.0,33,5,2995.87
12503.0,521,1,896.0
12504.0,354,2,261.0
12505.0,346,1,787.2
12506.0,170,1,73.5
12507.0,71,4,1508.06
12509.0,221,1,158.5
12510.0,80,7,3039.03
12511.0,366,1,3084.02
12512.0,3,2,132.18
12513.0,50,1,558.29
12514.0,204,2,1597.76
12515.0,290,1,278.7
12516.0,15,4,2288.62
12517.0,11,3,1812.65
12518.0,14,2,759.73
12519.0,1,2,626.54
12520.0,16,5,2346.2599999999998
12521.0,80,1,545.68
12523.0,1,21,3519.71
12524.0,1,16,9522.31
12525.0,435,3,883.73
12526.0,31,1,484.3
12527.0,19,5,717.51
12528.0,1,5,1327.88
12529.0,465,1,316.48
12530.0,61,8,2976.63
12531.0,623,1,1645.98
12533.0,565,2,1223.89
12534.0,68,1,981.18
12535.0,29,2,716.35
12537.0,346,1,612.94
12538.0,315,1,276.5
12539.0,199,6,10136.09
12540.0,1,29,17021.04
12541.0,110,2,480.14
12542.0,421,2,481.88
12543.0,385,1,840.25
12545.0,12,2,832.39
12546.0,15,1,676.2
12547.0,135,3,299.58
12548.0,103,1,67.19999999999999
12549.0,513,5,1570.68
12550.0,16,1,824.83
12551.0,295,1,168.0
12553.0,47,9,2940.06
12554.0,386,1,384.5
12556.0,88,1,308.75
12557.0,95,7,15106.14
12559.0,248,2,525.71
12560.0,80,1,1292.31
12561.0,240,1,238.85
12562.0,19,6,2819.05
12563.0,346,1,221.24
12564.0,198,1,402.9
12565.0,226,1,145.92
12566.0,23,1,297.65
12567.0,33,14,9298.18
12568.0,582,1,52.0
12569.0,1,17,1989.48
12571.0,59,1,248.35
12573.0,164,5,717.41
12574.0,253,1,182.45000000000002
12575.0,394,2,568.8199999999999
12576.0,33,7,1683.44
12577.0,296,6,1186.3899999999999
12578.0,267,3,3036.6
12579.0,15,1,386.42
12580.0,184,2,962.9
12582.0,176,4,1820.4
12583.0,7,23,10474.44
12584.0,17,5,978.3900000000001
12585.0,171,2,1824.1
12586.0,312,3,1865.73
12588.0,337,2,543.88
12589.0,82,5,2833.73
12590.0,148,1,9341.26
12591.0,254,3,1114.95
12592.0,29,4,1723.6399999999999
12593.0,46,3,382.09999999999997
12594.0,58,12,4081.79
12595.0,442,1,281.02
12596.0,179,1,213.95
12597.0,120,2,1120.81
12598.0,8,7,3133.15
12599.0,64,12,1869.18
12600.0,21,19,4060.2700000000004
12601.0,127,6,573.26
12604.0,16,2,236.18
12605.0,313,3,1124.95
12608.0,342,1,415.79
12609.0,15,9,3021.86
12610.0,43,2,1104.25
12612.0,11,1,668.0400000000001
12613.0,135,8,4521.51
12614.0,215,1,315.6
12615.0,9,6,4373.18
12616.0,32,3,1023.1
12619.0,15,7,2294.84
12620.0,18,2,939.3199999999999
12621.0,18,32,19866.170000000002
12622.0,169,1,162.1
12623.0,213,7,3315.84
12624.0,43,2,569.13
12625.0,149,4,4678.88
12626.0,1,7,5539.55
12627.0,1,5,3569.55
12628.0,2,1,315.64
12629.0,323,2,1198.22
12631.0,393,5,2841.07
12632.0,458,2,714.88
12633.0,67,6,4958.93
12634.0,485,1,360.0
12635.0,27,4,2624.41
12637.0,4,12,8085.8099999999995
12638.0,577,1,169.8
12639.0,176,3,1072.37
12640.0,19,1,674.59
12641.0,52,1,145.9
12642.0,45,1,330.45
12643.0,65,11,7803.82
12644.0,67,4,1900.49
12645.0,47,7,2804.98
12647.0,15,34,13878.4
12648.0,92,4,1039.0
12649.0,44,8,2096.65
12651.0,272,4,377.75
12652.0,268,2,891.03
12653.0,86,3,4160.83
12654.0,135,3,301.75
12655.0,361,1,243.35000000000002
12656.0,10,7,5210.08
12657.0,16,1,546.44
12661.0,373,1,162.0
12662.0,44,16,5024.42
12663.0,562,2,185.4
12664.0,3,7,3335.2400000000002
12665.0,262,3,259.6
12666.0,331,1,1248.42
12668.0,196,8,9167.35
12669.0,88,2,1427.73
12670.0,36,5,2182.71
12671.0,543,1,2622.48
12672.0,267,2,407.05
12673.0,264,2,786.4
12674.0,29,3,1312.0
12675.0,491,2,873.25
12676.0,8,9,2191.43
12677.0,492,2,359.1
12678.0,16,13,24082.22
12679.0,25,3,874.7
12680.0,10,3,541.36
12681.0,15,38,24238.34
12682.0,19,42,17651.61
12683.0,30,18,8789.32
12684.0,1,4,1471.24
12685.0,12,3,1667.02
12686.0,309,1,71.14
12687.0,418,1,1858.91
12688.0,51,1,4873.8099999999995
12689.0,65,1,475.03
12690.0,143,1,335.01
12691.0,82,4,600.9
12692.0,574,1,110.95
12693.0,64,7,1415.02
12694.0,7,3,1663.35
12695.0,3,6,1286.02
12696.0,372,2,731.91
12697.0,68,2,573.91
12698.0,527,1,285.75
12699.0,355,1,566.11
12700.0,3,3,3337.24
12701.0,17,6,2248.41
12703.0,8,4,898.53
12704.0,15,4,1066.47
12705.0,14,10,9412.95
12707.0,229,1,603.42
12708.0,9,16,4281.89
12709.0,8,29,27842.28
12710.0,34,3,1023.02
12711.0,549,2,1213.05
12712.0,44,19,5555.9800000000005
12714.0,44,11,11586.55
12715.0,43,1,263.36
12716.0,70,1,623.9
12717.0,88,3,1058.91
12718.0,8,1,202.25
12719.0,2,1,247.60000000000002
12720.0,3,23,5635.65
12721.0,17,7,3074.7599999999998
12722.0,22,4,979.63
12723.0,2,2,299.40999999999997
12724.0,19,6,1893.28
12725.0,308,3,1906.76
12726.0,23,10,2960.14
12727.0,32,9,4334.53
12728.0,8,5,926.17
12729.0,51,1,417.01
12730.0,459,1,703.25
12731.0,8,15,21630.45
12732.0,117,1,218.26000000000002
12733.0,171,4,2424.02
12734.0,290,3,603.65
12735.0,252,2,689.5699999999999
12736.0,270,1,144.0
12738.0,309,1,137.35
12739.0,36,2,2421.23
12740.0,1,1,427.6
12741.0,470,1,236.07
12742.0,563,1,1201.52
12743.0,71,2,540.13
12744.0,82,7,12158.9
12745.0,424,2,723.85
12746.0,478,1,254.55
12747.0,4,24,8147.25
12748.0,1,259,36793.17
12749.0,68,7,5561.71
12750.0,66,1,275.88
12751.0,382,1,268.27
12752.0,18,1,4366.78
12753.0,73,5,16620.91
12754.0,173,3,3010.74
12755.0,218,11,5236.259999999999
12756.0,24,1,112.07999999999998
12757.0,1,5,3387.5
12758.0,54,7,9903.24
12759.0,109,7,4214.82
12760.0,393,1,317.8
12761.0,402,1,712.95
12763.0,75,2,494.08
12764.0,254,1,1693.88
12765.0,409,6,1299.58
12766.0,86,7,6209.55
12767.0,313,1,949.82
12768.0,388,1,168.69000000000003
12769.0,176,1,1143.6
12770.0,148,2,3246.45
12771.0,423,1,226.3
12773.0,501,1,124.25
12774.0,473,1,83.7
12775.0,127,6,1344.76
12776.0,605,1,27.5
12777.0,395,1,519.45
12778.0,0,8,1437.44
12779.0,127,13,5492.16
12780.0,536,1,322.4
12781.0,1,2,786.74
12782.0,87,10,3637.9900000000002
12783.0,12,1,283.02
12784.0,466,1,1034.33
12785.0,301,3,904.4
12786.0,547,1,668.5
12787.0,29,3,695.18
12788.0,400,4,384.9
12789.0,2,3,225.35
12790.0,129,2,546.85
12791.0,311,5,656.83
12792.0,194,2,715.01
12793.0,272,3,745.53
12794.0,36,1,317.0
12796.0,565,1,351.0
12797.0,303,2,468.08000000000004
12798.0,108,2,3140.93
12799.0,466,1,219.35
12800.0,407,2,500.25
12801.0,438,1,871.82
12802.0,124,5,2186.42
12803.0,330,1,1017.81
12804.0,403,2,325.37
12805.0,319,4,1230.95
12806.0,509,2,2558.96
12807.0,320,1,250.35
12808.0,122,4,546.4
12809.0,115,3,1384.3400000000001
12810.0,472,2,534.99
12811.0,199,4,893.9
12813.0,439,3,1621.8
12814.0,39,1,85.92
12815.0,85,2,863.46
12816.0,33,2,452.20000000000005
12817.0,218,3,570.98
12818.0,199,1,1182.0800000000002
12819.0,395,1,540.52
12820.0,12,9,2135.41
12821.0,151,2,220.8
12822.0,8,2,948.88
12823.0,12,18,6501.5
12825.0,458,2,518.63
12826.0,9,10,2378.65
12828.0,3,4,661.3100000000001
12829.0,274,3,385.3
12830.0,28,5,6414.32
12831.0,199,3,451.11
12832.0,35,1,267.8
12833.0,82,1,417.38
12834.0,220,1,312.38
12835.0,365,41,5996.83
12836.0,74,14,6061.9
12837.0,110,2,662.66
12838.0,311,9,2694.75
12839.0,9,22,7453.75
12840.0,81,7,4041.97
12841.0,3,34,6204.01
12842.0,7,4,1917.99
12843.0,3,28,6461.87
12844.0,67,3,497.52
12845.0,204,4,354.09
12847.0,325,1,765.36
12848.0,613,1,208.0
12849.0,206,5,2674.54
12850.0,383,1,330.0
12851.0,34,2,280.76
12852.0,232,1,311.55
12853.0,72,11,3907.5
12854.0,16,7,2970.9700000000003
12855.0,310,4,612.84
12856.0,1,1,392.49
12857.0,148,6,3688.0
12858.0,320,1,147.27
12859.0,396,1,575.1
12860.0,630,1,54.22
12861.0,557,1,68.25
12862.0,363,2,984.62
12863.0,316,5,2271.35
12864.0,75,2,299.57
12865.0,61,3,2736.62
12866.0,220,3,1092.35
12867.0,33,12,6835.88
12868.0,123,8,2043.76
12869.0,619,1,337.66999999999996
12870.0,312,3,1676.95
12871.0,21,3,744.02
12872.0,264,12,3283.96
12873.0,219,3,2027.3
12874.0,322,2,873.42
12875.0,80,5,1356.99
12876.0,133,3,2365.2000000000003
12877.0,15,18,2566.7400000000002
12878.0,173,2,854.99
12879.0,18,2,507.7
12880.0,319,2,640.13
12881.0,213,1,298.0
12883.0,26,1,291.63
12884.0,25,1,309.05
12885.0,0,3,1175.22
12886.0,5,2,1378.4
12887.0,321,1,222.4
12888.0,151,2,354.12
12889.0,318,4,385.46000000000004
12890.0,324,1,329.3
12891.0,123,11,840.5
12892.0,334,1,263.38
12894.0,512,1,157.35
12895.0,24,1,267.8
12897.0,142,4,514.25
12898.0,401,2,296.21000000000004
12899.0,351,1,366.4
12900.0,359,1,340.33
12901.0,18,20,13159.27
12902.0,202,1,138.68
12903.0,366,1,833.53
12904.0,109,1,244.69
12905.0,514,2,1018.42
12906.0,15,2,1936.5900000000001
12907.0,333,2,508.91
12908.0,113,5,1776.0
12909.0,25,7,2781.87
12910.0,1,11,5338.06
12911.0,489,1,1651.72
12913.0,220,11,4666.0
12914.0,338,1,223.98
12915.0,86,4,975.1
12916.0,76,7,4479.73
12917.0,65,6,4359.2
12919.0,54,3,441.65
12920.0,508,3,323.86
12921.0,21,64,30042.13
12922.0,98,1,405.38
12923.0,1,3,769.17
12924.0,25,12,2461.45
12925.0,12,2,403.59
12926.0,348,4,1523.59
12927.0,332,1,197.31
12928.0,85,10,3378.33
12929.0,249,1,117.85
12930.0,15,2,415.8
12931.0,4,54,84731.44
12932.0,476,8,1698.56
12933.0,108,7,1386.59
12934.0,674,1,181.65
12935.0,47,12,3618.5
12936.0,15,1,798.46
12937.0,8,8,2419.78
12939.0,1,20,25264.8
12940.0,25,1,361.27
12941.0,661,1,377.49
12942.0,68,3,675.6
12943.0,495,2,496.5
12944.0,292,1,286.95
12945.0,225,2,900.11
12946.0,374,1,324.45
12947.0,81,6,1603.99
12948.0,42,6,1676.44
12949.0,51,21,14808.9
12951.0,111,14,2901.4300000000003
12952.0,15,1,731.54
12953.0,459,1,498.96000000000004
12954.0,576,1,162.45
12955.0,30,6,1843.36
12956.0,243,4,521.89
12957.0,9,11,7330.150000000001
12958.0,337,2,467.34
12959.0,421,1,150.95
12960.0,351,4,1322.07
12961.0,316,1,211.99
12962.0,50,1,170.54000000000002
12963.0,22,6,1998.87
12964.0,374,1,132.24
12965.0,26,1,769.8100000000001
12967.0,295,3,2938.52
12968.0,49,1,135.95
12969.0,540,1,122.45
12970.0,259,8,1070.87
12971.0,3,99,13502.73
12972.0,351,4,1161.2
12973.0,351,1,385.55
12974.0,135,2,408.95
12975.0,374,6,2100.09
12976.0,149,8,3156.38
12977.0,93,4,513.88
12978.0,322,5,2502.82
12979.0,666,1,517.7
12980.0,95,21,16245.78
12981.0,70,1,187.18
12982.0,180,8,2744.81
12983.0,535,1,490.08000000000004
12986.0,366,10,2729.84
12987.0,11,5,1312.21
12988.0,229,1,505.82
12989.0,4,29,12585.26
12990.0,122,6,809.9
12991.0,49,2,564.62
12992.0,662,1,93.35000000000001
12993.0,58,7,1217.27
12994.0,57,2,645.47
12995.0,22,1,211.32
12996.0,313,1,355.5
12997.0,26,7,1800.41
12998.0,430,3,920.08
12999.0,133,3,455.88
13000.0,44,4,1032.5
13001.0,95,31,22839.25
13002.0,255,3,414.13
13003.0,43,3,149.05
13004.0,0,33,10603.94
13005.0,111,4,999.68
13007.0,517,1,175.25
13008.0,260,3,612.13
13009.0,610,1,234.0
13010.0,311,2,330.12
13011.0,309,1,50.550000000000004
13012.0,15,8,2501.83
13013.0,2,26,10189.390000000001
13014.0,12,7,4336.43
13015.0,134,10,5003.18
13016.0,10,3,789.89
13018.0,1,29,8575.8
13019.0,316,6,1229.95
13020.0,500,2,618.96
13021.0,7,14,3890.14
13022.0,367,1,50.3
13023.0,1,3,1251.03
13024.0,408,2,555.87
13025.0,669,1,323.39
13026.0,30,7,1361.92
13027.0,51,19,17239.2
13029.0,76,4,1453.0
13030.0,305,1,402.36
13031.0,344,5,3292.84
13032.0,24,8,2302.08
13033.0,294,2,220.55
13034.0,306,2,279.91
13035.0,11,3,1364.2
13036.0,622,1,307.1
13037.0,75,12,3914.9500000000003
13038.0,17,3,908.46
13039.0,521,4,1010.73
13041.0,388,4,799.13
13042.0,535,3,1488.59
13043.0,210,1,516.42
13044.0,228,11,4848.05
13045.0,36,3,808.92
13046.0,203,2,517.66
13047.0,64,22,7873.0
13048.0,51,8,3588.27
13049.0,1,4,1408.24
13050.0,43,30,10550.17
13051.0,516,2,155.8
13052.0,149,7,3118.48
13053.0,559,1,127.65
13055.0,15,4,2321.11
13056.0,488,1,209.48
13057.0,467,3,709.59
13058.0,89,1,47.550000000000004
13059.0,187,10,2291.77
13060.0,191,1,307.53
13061.0,9,1,248.61
13062.0,128,1,346.98
13063.0,418,1,188.4
13064.0,25,5,1403.58
13065.0,310,5,1055.05
13067.0,19,3,508.51
13068.0,257,1,165.0
13069.0,37,34,8723.03
13070.0,129,4,751.7
13071.0,549,1,129.22
13072.0,204,1,177.15
13073.0,348,2,418.08
13074.0,448,4,1378.74
13075.0,67,1,919.61
13076.0,395,1,135.4
13077.0,227,10,2588.82
13078.0,2,50,25562.65
13079.0,12,4,371.48
13080.0,116,4,280.73
13081.0,81,25,47371.11
13082.0,63,21,7335.75
13083.0,13,2,284.07
13084.0,429,1,122.39999999999999
13085.0,95,8,2433.28
13086.0,320,1,439.33000000000004
13087.0,663,1,313.64
13088.0,354,1,236.11
13089.0,1,187,101348.45
13090.0,2,19,9980.01
13091.0,667,1,762.98
13092.0,8,12,2140.28
13093.0,213,55,54144.25
13094.0,17,12,2056.8
13095.0,8,1,74.39999999999999
13096.0,331,1,419.70000000000005
13097.0,14,26,12484.22
13098.0,24,19,17349.76
13099.0,36,1,207.35999999999999
13101.0,171,4,695.4
13102.0,18,33,10248.85
13103.0,375,2,465.70000000000005
13104.0,23,7,1189.62
13105.0,373,1,72.0
13106.0,70,2,603.46
13107.0,23,8,5128.87
13108.0,310,2,748.46
13109.0,94,2,717.34
13110.0,74,10,2511.04
13111.0,656,1,321.88000000000005
13112.0,478,1,20.6
13113.0,51,33,16771.170000000002
13114.0,668,1,234.38
13115.0,121,7,4078.4700000000003
13116.0,75,1,501.14
13117.0,59,17,2112.52
13118.0,145,7,2017.3
13119.0,606,1,134.9
13120.0,176,1,30.599999999999998
13121.0,206,1,283.73
13122.0,31,2,922.39
13123.0,410,2,506.75
13124.0,27,4,4641.66
13125.0,461,1,148.62
13126.0,10,11,3061.15
13127.0,15,1,259.17
13128.0,568,1,263.5
13129.0,389,2,233.25
13130.0,31,1,64.0
13131.0,8,6,3012.67
13132.0,199,1,77.3
13133.0,211,3,200.45000000000002
13134.0,23,6,2475.23
13135.0,134,2,3371.45
13136.0,25,12,5815.03
13137.0,30,13,5871.97
13138.0,17,5,999.51
13139.0,9,5,6722.6
13140.0,45,5,1054.92
13141.0,22,17,7656.08
13143.0,522,1,405.1
13144.0,270,2,135.35
13145.0,29,6,1009.72
13147.0,37,1,118.80000000000001
13148.0,71,24,7571.07
13149.0,43,3,1132.62
13150.0,421,3,449.96999999999997
13151.0,233,3,2454.71
13152.0,354,7,2146.38
13154.0,336,3,1624.84
13155.0,17,5,1281.22
13156.0,322,3,1586.54
13157.0,78,8,4819.34
13158.0,32,5,1508.18
13159.0,43,2,843.09
13161.0,250,2,472.13
13162.0,59,16,9275.49
13163.0,547,1,17.65
13164.0,506,2,372.2
13165.0,288,2,784.32
13166.0,220,2,875.93
13167.0,4,4,981.49
13168.0,136,4,1494.2
13169.0,1,3,840.08
13171.0,236,1,140.35
13172.0,337,1,69.6
13173.0,304,10,2202.11
13174.0,253,10,7263.7
13175.0,519,2,831.45
13177.0,2,2,512.2
13178.0,10,19,13490.45
13179.0,556,1,572.3100000000001
13180.0,544,1,86.10000000000001
13181.0,318,1,359.69
13183.0,24,13,6163.9800000000005
13184.0,68,9,1471.1
13185.0,205,1,71.4
13186.0,31,2,1301.94
13187.0,274,4,328.36
13189.0,52,1,127.0
13190.0,481,3,570.66
13191.0,595,1,159.21
13192.0,32,6,2558.58
13194.0,73,2,472.78
13195.0,351,1,136.73
13196.0,22,5,2858.01
13197.0,547,1,373.01000000000005
13198.0,58,7,4582.17
13199.0,2,52,11402.39
13200.0,11,2,627.01
13201.0,439,4,1233.06
13202.0,331,7,1580.3
13203.0,58,8,2088.65
13204.0,668,1,966.6600000000001
13205.0,380,1,2803.2
13206.0,337,13,8308.19
13207.0,88,3,483.12000000000006
13208.0,92,7,1587.47
13209.0,66,10,6773.98
13210.0,31,1,353.48
13211.0,32,9,2307.9900000000002
13213.0,65,10,3294.82
13214.0,355,7,3264.23
13215.0,339,1,81.6
13216.0,205,1,333.74
13217.0,59,4,666.48
13218.0,64,1,62.63999999999999
13219.0,555,1,76.23
13220.0,15,5,1336.0900000000001
13221.0,177,2,844.86
13222.0,514,1,88.5
13223.0,137,6,969.1200000000001
13224.0,88,1,1212.26
13225.0,80,14,14095.79
13226.0,210,2,312.46
13227.0,139,1,257.7
13228.0,18,1,358.0
13229.0,163,1,160.95
13230.0,75,28,5549.11
13232.0,35,5,1018.45
13233.0,11,4,1176.46
13234.0,610,2,346.5
13235.0,149,1,1031.07
13236.0,44,1,439.23
13237.0,325,1,643.0
13238.0,101,4,624.75
13239.0,199,5,1594.69
13240.0,33,8,1455.39
13241.0,349,1,112.53
13242.0,49,7,699.4
13243.0,140,5,1220.38
13244.0,30,1,121.74000000000001
13245.0,369,1,558.72
13246.0,113,10,3228.74
13247.0,20,1,305.07
13248.0,62,2,465.68
13249.0,29,9,1608.93
13250.0,398,2,253.09
13251.0,339,1,252.68
13252.0,331,2,399.3
13253.0,94,4,2951.11
13254.0,313,1,51.410000000000004
13255.0,311,2,504.95
13257.0,373,1,149.75
13258.0,142,3,535.4699999999999
13259.0,335,8,1115.61
13261.0,206,2,944.1
13262.0,200,3,573.45
13263.0,3,30,6987.49
13264.0,380,1,722.5600000000001
13265.0,26,4,1787.3
13266.0,13,16,5142.13
13267.0,29,32,8027.66
13268.0,22,7,2436.38
13269.0,3,24,7108.94
13270.0,303,1,590.0
13272.0,27,1,140.96
13273.0,50,1,138.98
13274.0,346,1,360.85
13275.0,321,2,238.86
13276.0,1,5,1891.91
13277.0,53,5,390.8
13278.0,337,3,882.62
13279.0,15,1,137.75
13280.0,59,7,2293.33
13281.0,376,1,350.85
13282.0,99,3,954.1500000000001
13283.0,123,3,305.2
13284.0,268,1,201.19
13285.0,98,5,2625.57
13286.0,537,1,734.91
13287.0,540,3,781.59
13288.0,380,5,927.61
13289.0,661,1,307.95
13291.0,93,11,3270.79
13292.0,221,4,665.14
13293.0,329,6,1192.94
13294.0,127,3,1689.53
13295.0,297,4,1101.97
13296.0,74,6,792.51
13297.0,4,4,3594.15
13299.0,205,3,1218.7
13300.0,106,3,1285.51
13301.0,41,4,600.19
13302.0,92,2,159.2
13303.0,337,1,61.72
13304.0,288,4,1217.99
13305.0,30,14,3086.8
13306.0,367,1,53.65
13307.0,57,3,273.34
13308.0,140,2,1099.81
13309.0,25,4,1177.72
13310.0,143,4,1226.82
13311.0,87,1,490.11
13312.0,388,1,124.75
13313.0,78,10,2808.34
13314.0,0,2,589.47
13315.0,626,1,310.26
13316.0,17,9,11426.65
13317.0,3,19,6486.09
13319.0,4,53,18726.25
13320.0,15,6,2211.6
13321.0,9,2,567.36
13323.0,21,1,120.30000000000001
13324.0,27,17,9829.35
13325.0,19,1,675.3
13326.0,369,1,281.76
13327.0,50,18,8163.85
13328.0,253,1,1308.48
13329.0,304,7,4323.97
13330.0,30,6,2796.1
13331.0,339,1,262.4
13333.0,348,3,1015.74
13334.0,19,5,6201.8
13336.0,14,1,795.12
13337.0,483,1,1575.26
13338.0,95,4,2345.62
13339.0,138,1,860.12
13340.0,43,10,20593.62
13341.0,198,1,775.85
13343.0,115,1,303.43
13344.0,5,3,2511.69
13345.0,225,1,339.5
13346.0,400,6,299.4
13347.0,7,1,291.36
13348.0,1,1,233.76
13350.0,16,1,596.57
13351.0,3,1,323.94
13354.0,8,1,743.53
13355.0,59,1,674.7
13356.0,17,1,768.24
13357.0,194,5,3795.0099999999998
13358.0,206,1,389.03
13359.0,1,2,943.3100000000001
13360.0,369,4,1503.65
13361.0,409,2,1450.5
13362.0,183,5,3884.86
13363.0,347,1,731.36
13364.0,8,1,134.95999999999998
13365.0,155,1,700.6
13367.0,369,1,460.20000000000005
13368.0,194,4,1021.5
13369.0,303,1,258.28000000000003
13370.0,309,1,754.87
13371.0,442,2,2297.66
13372.0,27,1,328.64
13373.0,96,5,6330.52
13374.0,352,2,372.8
13375.0,26,2,1792.23
13376.0,36,3,869.76
13377.0,334,2,1452.88
13379.0,5,2,435.82
13380.0,370,1,62.4
13381.0,26,11,7567.29
13382.0,218,5,1387.58
13383.0,481,1,305.28000000000003
13384.0,11,9,5660.37
13385.0,267,1,534.57
13386.0,351,2,835.46
13387.0,354,1,181.84
13388.0,68,3,1185.65
13389.0,12,2,580.15
13390.0,12,1,544.08
13391.0,141,1,59.8
13392.0,614,1,91.14
13393.0,521,4,1131.45
13394.0,15,17,5947.87
13395.0,122,3,1180.23
13396.0,256,1,387.27000000000004
13397.0,10,10,3191.87
13398.0,129,2,670.34
13399.0,401,3,275.4
13400.0,520,1,310.83
13402.0,64,4,1226.8500000000001
13403.0,325,2,154.5
13404.0,150,1,217.81
13405.0,141,5,1198.81
13406.0,364,2,568.92
13407.0,516,3,2244.7
13408.0,4,92,43434.58
13410.0,12,8,1927.56
13411.0,44,1,213.55
13412.0,557,1,487.34999999999997
13413.0,577,6,429.44
13414.0,71,6,2494.14
13415.0,410,4,784.17
13416.0,18,2,503.3
13417.0,142,5,1264.66
13418.0,22,29,10500.36
13419.0,1,1,221.06
13420.0,87,2,159.85
13421.0,227,7,3039.58
13422.0,1,1,2626.3
13423.0,366,1,217.03
13424.0,387,1,572.77
13425.0,45,5,3390.4300000000003
13426.0,1,19,7234.17
13427.0,57,5,888.79
13428.0,451,2,276.76
13429.0,12,1,330.6
13430.0,23,1,336.31
13431.0,4,8,3316.24
13432.0,508,2,436.55
13433.0,438,4,658.3199999999999
13434.0,11,5,1666.8600000000001
13435.0,12,6,2610.46
13437.0,36,4,2173.6
13438.0,484,1,46.5
13439.0,192,3,986.61
13440.0,360,7,1295.25
13441.0,29,2,720.9
13442.0,604,3,419.87
13443.0,386,6,1269.3700000000001
13444.0,311,2,619.08
13445.0,563,1,241.89999999999998
13446.0,367,11,3881.89
13448.0,17,11,7335.900000000001
13450.0,26,12,3803.6
13451.0,63,10,6576.16
13452.0,196,3,729.8
13453.0,103,3,781.6899999999999
13454.0,578,1,219.87
13455.0,303,5,1847.59
13456.0,0,4,1309.8200000000002
13457.0,626,2,148.22
13458.0,3,13,10489.48
13459.0,562,2,1160.4099999999999
13461.0,76,5,3599.2
13462.0,190,5,1153.85
13464.0,332,5,2422.96
13465.0,383,2,931.12
13466.0,121,5,1013.35
13468.0,3,66,12065.5
13469.0,590,1,82.4
13470.0,36,2,165.0
13472.0,401,2,592.24
13473.0,270,7,2476.38
13474.0,173,3,646.59
13475.0,128,4,1431.78
13476.0,116,5,2061.4700000000003
13477.0,75,9,2264.14
13478.0,406,5,2215.78
13479.0,138,4,851.37
13480.0,354,2,627.82
13481.0,45,10,3387.61
13482.0,169,2,336.09
13483.0,3,1,140.34
13484.0,178,3,790.72
13485.0,170,11,3015.2200000000003
13486.0,15,3,1122.41
13487.0,150,4,680.27
13488.0,9,21,12604.84
13489.0,42,4,449.52
13490.0,591,1,154.25
13491.0,85,26,4340.29
13492.0,73,3,1269.84
13493.0,212,2,498.63
13494.0,249,1,316.26000000000005
13495.0,169,8,3890.87
13496.0,297,1,501.01
13497.0,220,6,1166.83
13498.0,667,1,327.38
13499.0,11,3,613.85
13500.0,60,2,625.93
13501.0,225,3,2885.11
13502.0,212,4,677.66
13503.0,8,5,1778.04
13504.0,1,1,295.93
13505.0,10,4,3633.63
13506.0,253,5,1338.08
13507.0,35,3,2022.79
13508.0,181,2,287.05
13509.0,37,5,825.02
13510.0,32,9,3664.54
13511.0,614,1,282.76
13512.0,198,4,713.39
13513.0,64,3,824.59
13514.0,11,4,815.9000000000001
13515.0,10,6,1265.82
13516.0,10,3,916.26
13517.0,44,2,1612.18
13518.0,23,1,627.16
13519.0,15,2,343.21
13520.0,75,10,4849.63
13523.0,137,4,2938.93
13524.0,19,4,483.86
13525.0,185,1,282.88
13526.0,675,2,1182.0
13527.0,27,11,4146.72
13529.0,16,2,307.76
13530.0,571,1,402.97999999999996
13531.0,142,6,1433.07
13533.0,120,3,269.09
13534.0,45,31,6222.35
13535.0,340,1,89.5
13536.0,12,1,455.17
13537.0,363,2,717.85
13538.0,31,11,2813.03
13539.0,23,7,1569.3600000000001
13540.0,404,3,632.39
13541.0,364,2,785.25
13542.0,314,17,3959.4900000000002
13543.0,571,2,1439.6100000000001
13544.0,178,5,627.15
13545.0,328,2,364.93
13546.0,138,3,647.41
13547.0,345,1,164.53
13548.0,33,3,901.44
13549.0,1,7,919.8
13550.0,320,1,342.55
13551.0,256,2,244.2
13552.0,3,22,6948.92
13553.0,612,1,499.6
13554.0,317,7,1629.35
13555.0,11,13,8891.84
13556.0,366,2,200.82
13557.0,218,12,2688.88
13558.0,5,1,192.7
13559.0,450,2,990.0
13561.0,153,11,1803.4
13562.0,19,8,4838.18
13563.0,21,2,777.53
13564.0,291,36,15880.22
13565.0,271,2,284.76
13566.0,20,4,1395.22
13567.0,365,4,1079.29
13568.0,110,1,187.05
13569.0,305,3,497.74
13570.0,180,1,239.49
13571.0,6,22,3737.43
13572.0,143,1,1384.25
13573.0,190,5,644.59
13574.0,348,1,404.45
13575.0,8,3,477.21
13576.0,8,24,9828.630000000001
13577.0,30,10,2990.48
13578.0,346,1,147.66
13579.0,306,4,1072.0
13580.0,343,1,107.75
13581.0,246,2,280.53000000000003
13582.0,327,2,241.68
13583.0,93,2,1445.03
13584.0,244,3,385.7
13585.0,468,3,684.54
13586.0,478,1,127.28
13587.0,1,4,1673.5
13588.0,24,5,1605.94
13589.0,117,5,888.09
13590.0,88,16,5470.5
13591.0,2,7,2093.94
13592.0,143,3,205.51
13593.0,45,14,5493.29
13594.0,423,1,136.35000000000002
13595.0,454,3,784.48
13597.0,337,2,396.71
13598.0,432,4,601.92
13599.0,22,22,7495.0
13600.0,249,2,518.42
13601.0,148,3,839.87
13602.0,2,4,1025.17
13604.0,596,1,717.62
13605.0,324,2,522.67
13606.0,180,2,246.63
13607.0,340,1,400.3
13608.0,478,1,232.05
13609.0,530,1,167.35
13610.0,47,12,1784.89
13611.0,26,10,3297.9300000000003
13612.0,570,1,818.29
13613.0,390,5,1039.8500000000001
13614.0,26,5,1828.31
13615.0,256,8,6272.53
13616.0,505,2,283.85
13617.0,50,7,1100.27
13618.0,111,1,177.34
13619.0,482,2,223.44
13620.0,465,1,112.34
13621.0,54,1,213.85
13622.0,633,1,658.95
13623.0,147,9,2344.49
13624.0,325,1,462.08
13625.0,534,1,301.26
13626.0,190,2,707.04
13627.0,16,6,1941.61
13628.0,613,1,310.14
13629.0,1,17,11833.86
13630.0,13,6,1799.78
13631.0,37,11,3070.42
13632.0,111,6,2339.14
13634.0,24,14,4785.2
13635.0,5,4,2999.16
13636.0,59,4,646.55
13637.0,124,2,677.4
13639.0,11,2,1346.27
13640.0,548,1,405.0
13641.0,578,4,942.37
13642.0,153,4,472.2
13643.0,36,9,1896.73
13644.0,11,2,1398.6100000000001
13645.0,57,1,252.1
13646.0,337,2,326.25
13647.0,8,7,2669.46
13648.0,337,8,1759.07
13649.0,194,6,1453.68
13650.0,4,9,2989.76
13651.0,319,1,132.65
13652.0,194,4,1805.21
13653.0,425,1,152.2
13654.0,82,9,5314.94
13655.0,51,6,2280.51
13656.0,102,4,1078.85
13657.0,139,1,152.34
13658.0,22,7,5483.1
13659.0,143,12,4884.68
13660.0,337,1,306.64
13661.0,540,1,325.24
13662.0,23,11,2233.61
13663.0,116,5,2047.51
13665.0,323,3,1711.6599999999999
13666.0,224,4,106.45
13667.0,86,1,299.05
13668.0,50,30,11539.62
13669.0,87,2,243.15
13670.0,12,1,349.7
13671.0,332,1,172.6
13672.0,238,3,419.92
13674.0,370,1,240.68
13675.0,88,2,486.82000000000005
13676.0,476,2,243.9
13677.0,342,2,551.24
13678.0,89,1,232.6
13679.0,431,3,281.26
13680.0,275,10,10092.14
13681.0,6,2,531.08
13682.0,124,1,59.5
13683.0,395,1,258.6
13684.0,223,4,594.88
13686.0,120,3,409.04
13687.0,375,1,11880.84
13688.0,572,1,375.5
13689.0,0,2,1259.5
13691.0,333,1,210.78
13692.0,151,4,2497.66
13693.0,311,9,2011.82
13694.0,9,135,182128.13
13695.0,1,15,2473.95
13696.0,359,3,2020.4
13698.0,534,2,451.73
13699.0,92,2,764.15
13700.0,30,11,1983.11
13701.0,384,1,161.0
13702.0,383,1,135.18
13703.0,255,2,425.56
13704.0,11,5,1289.4
13705.0,82,6,1528.01
13706.0,240,2,631.17
13707.0,204,5,3365.86
13708.0,208,1,283.33
13709.0,2,12,4861.53
13710.0,361,2,329.04
13711.0,156,9,1792.26
13712.0,184,2,766.42
13713.0,345,3,740.76
13714.0,402,1,161.35
13715.0,218,17,8153.04
13716.0,206,1,138.28
13717.0,66,6,1274.28
13718.0,183,2,306.55
13719.0,142,8,2079.16
13720.0,54,4,799.9
13721.0,332,1,217.39999999999998
13722.0,69,10,5635.41
13723.0,154,6,1194.08
13724.0,574,1,213.01
13725.0,106,7,1865.7
13726.0,38,1,292.68
13727.0,549,6,740.6700000000001
13728.0,44,15,2636.05
13729.0,373,3,724.73
13730.0,73,2,752.6
13731.0,156,2,610.59
13733.0,348,2,487.03000000000003
13734.0,446,4,6695.6900000000005
13735.0,113,11,8288.92
13736.0,197,6,2380.2
13737.0,137,1,339.59999999999997
13738.0,333,1,434.78000000000003
13739.0,465,1,75.3
13740.0,178,5,1582.77
13741.0,9,3,668.4300000000001
13742.0,27,11,2775.4700000000003
13743.0,26,6,1065.84
13744.0,32,2,1080.52
13745.0,99,2,777.36
13746.0,351,1,176.69
13747.0,311,2,169.79999999999998
13748.0,33,9,2064.35
13750.0,77,10,3271.55
13751.0,225,1,296.25
13752.0,61,7,1579.8300000000002
13753.0,225,4,2094.57
13754.0,89,3,447.05
13755.0,0,1,462.81
13756.0,30,17,6438.76
13757.0,612,1,195.55
13758.0,138,12,7756.26
13759.0,8,1,560.4100000000001
13760.0,193,4,1211.94
13761.0,117,5,1373.23
13762.0,156,5,2472.48
13763.0,0,3,5217.4400000000005
13764.0,8,6,2908.67
13765.0,590,1,352.82
13766.0,432,1,190.35
13767.0,18,69,29986.58
13768.0,664,2,875.97
13769.0,29,18,4858.2300000000005
13770.0,359,4,785.37
13771.0,1,9,5728.82
13772.0,34,7,2660.36
13773.0,334,2,301.54
13774.0,19,1,345.0
13775.0,528,1,1049.66
13777.0,15,55,36682.6
13778.0,40,4,1124.49
13779.0,453,1,161.13
13780.0,108,2,488.34000000000003
13781.0,188,3,778.83
13782.0,6,11,1504.52
13783.0,425,4,1542.09
13784.0,32,12,2571.59
13785.0,366,4,542.49
13786.0,304,6,3127.99
13787.0,13,6,1222.5
13788.0,442,1,3.75
13789.0,325,1,239.45999999999998
13791.0,65,2,1516.0
13792.0,3,3,383.95
13793.0,584,1,96.0
13794.0,484,1,126.03
13795.0,325,4,836.3
13796.0,436,1,289.7
13797.0,374,3,1179.45
13798.0,1,100,70535.32
13799.0,54,9,2803.57
13800.0,247,3,1679.56
13801.0,4,1,324.8
13802.0,76,19,26259.11
13803.0,192,3,1338.91
13804.0,16,7,2808.31
13805.0,66,1,500.24
13806.0,1,1,256.38
13807.0,304,3,422.2
13808.0,3,3,1362.4
13809.0,242,3,679.7
13811.0,121,2,519.75
13812.0,1,2,382.62
13813.0,8,7,2033.93
13814.0,29,3,2257.32
13815.0,109,6,5760.13
13816.0,1,1,317.69
13817.0,289,1,110.7
13818.0,367,1,61.28
13819.0,239,6,2642.35
13820.0,355,3,652.75
13821.0,82,6,1379.08
13823.0,29,6,3096.21
13824.0,73,11,3045.66
13825.0,559,2,255.59
13826.0,113,1,189.5
13827.0,71,2,300.76
13829.0,358,1,102.0
13830.0,519,1,156.85000000000002
13831.0,25,17,6178.139999999999
13832.0,359,1,557.6899999999999
13833.0,96,2,700.41
13834.0,514,2,324.19
13835.0,92,5,798.04
13836.0,336,2,620.37
13837.0,149,2,266.59000000000003
13838.0,55,9,1482.79
13839.0,423,1,139.95000000000002
13840.0,353,1,651.4
13841.0,190,1,85.0
13842.0,9,17,4737.65
13843.0,318,1,319.75
13845.0,2,1,312.98
13846.0,179,3,1106.66
13847.0,657,1,310.72
13848.0,29,8,3015.0
13849.0,108,4,2524.93
13850.0,66,1,1595.48
13851.0,33,8,4606.46
13852.0,548,1,187.35000000000002
13854.0,2,36,10923.16
13855.0,438,4,1310.3400000000001
13856.0,106,11,1142.03
13857.0,330,6,1000.91
13859.0,263,2,515.86
13860.0,24,1,405.88
13861.0,366,2,273.26
13862.0,10,8,2436.43
13863.0,185,4,1239.55
13864.0,324,1,662.4000000000001
13865.0,74,3,383.34000000000003
13866.0,11,1,145.67000000000002
13867.0,12,2,582.64
13869.0,60,10,7996.87
13870.0,39,12,5120.61
13871.0,29,13,6095.24
13872.0,464,3,919.57
13873.0,57,8,1038.92
13874.0,295,7,2049.15
13875.0,71,13,4452.38
13876.0,1,1,122.7
13877.0,23,3,449.68
13878.0,485,3,1145.33
13879.0,583,1,395.5
13880.0,25,15,3575.11
13881.0,4,36,39640.92
13882.0,1,1,192.76
13883.0,156,13,5603.67
13884.0,26,9,1577.93
13885.0,126,2,506.8
13886.0,8,1,243.56
13887.0,141,1,349.55
13888.0,57,7,2001.59
13889.0,30,6,1991.23
13890.0,44,6,1544.68
13891.0,315,3,859.21
13892.0,1,4,1030.41
13893.0,235,1,821.1
13894.0,247,1,160.85
13895.0,4,5,3326.56
13896.0,563,1,388.55
13897.0,375,2,849.56
13898.0,263,2,686.4
13899.0,212,1,298.5
13900.0,120,6,1610.59
13901.0,9,15,5676.34
13902.0,569,5,34023.26
13903.0,337,1,165.45000000000002
13904.0,232,1,201.12
13905.0,670,1,312.65
13906.0,346,1,42.0
13907.0,629,1,136.8
13908.0,17,4,2319.55
13909.0,360,2,282.85
13911.0,81,19,4091.71
13912.0,361,1,124.95
13913.0,444,1,42.22
13915.0,331,1,70.80000000000001
13916.0,401,4,1275.81
13917.0,129,1,65.38
13918.0,190,1,198.2
13919.0,59,3,1099.02
13920.0,369,4,1774.68
13921.0,339,4,730.7
13922.0,289,3,865.2
13924.0,9,1,679.03
13925.0,30,4,678.25
13927.0,12,2,708.26
13928.0,44,2,225.45000000000002
13929.0,106,11,3494.1
13930.0,74,1,210.0
13931.0,33,11,5257.38
13932.0,232,1,307.4
13933.0,46,2,608.7900000000001
13934.0,201,1,922.1
13935.0,534,3,6116.92
13936.0,117,3,939.66
13937.0,106,2,880.13
13939.0,46,6,1382.62
13940.0,1,3,616.3
13941.0,27,14,8773.52
13942.0,472,1,320.0
13943.0,515,1,246.54
13944.0,590,1,200.43
13945.0,332,2,854.15
13946.0,16,6,1876.23
13947.0,2,1,90.6
13948.0,298,4,548.76
13949.0,3,3,1212.17
13950.0,10,2,323.65999999999997
13951.0,113,3,674.45
13952.0,155,14,12823.52
13953.0,53,10,5729.36
13954.0,8,1,227.41
13955.0,91,3,544.0699999999999
13956.0,75,3,676.07
13957.0,355,3,458.25
13958.0,317,8,4709.2300000000005
13959.0,16,6,1064.77
13960.0,9,1,128.1
13961.0,329,1,538.4
13962.0,183,2,310.85
13963.0,245,17,2860.57
13964.0,324,2,438.9
13965.0,414,3,996.61
13966.0,372,1,384.26
13967.0,83,2,166.3
13968.0,360,1,123.66
13969.0,44,28,7832.52
13970.0,323,2,846.55
13971.0,43,12,3895.21
13972.0,8,2,190.25
13973.0,224,1,264.7
13974.0,519,1,264.13
13975.0,65,10,4261.83
13976.0,144,4,1192.36
13977.0,348,1,519.8100000000001
13979.0,10,7,3373.63
13980.0,376,4,568.68
13981.0,353,1,331.14
13982.0,100,8,3312.62
13983.0,26,18,6214.0
13984.0,63,11,1792.6200000000001
13985.0,9,15,6751.99
13987.0,317,2,682.54
13988.0,10,6,3795.15
13989.0,3,5,2026.06
13990.0,150,1,311.3
13991.0,12,2,337.2
13992.0,317,2,142.7
13993.0,1,18,6402.06
13994.0,4,4,1549.74
13995.0,53,12,3380.2200000000003
13996.0,323,2,845.76
13997.0,456,3,376.46
13998.0,384,3,566.7
13999.0,2,27,8777.86
14000.0,148,5,2046.3400000000001
14001.0,170,8,3494.91
14002.0,71,2,529.73
14003.0,670,1,209.41
14004.0,16,10,5445.3
14005.0,13,4,977.68
14006.0,53,7,2196.67
14007.0,450,1,79.48
14008.0,369,1,509.04
14009.0,135,3,1099.91
14010.0,502,2,445.15
14011.0,417,2,457.82
14012.0,215,1,328.8
14013.0,47,5,1084.57
14014.0,14,3,1948.21
14016.0,99,11,11303.41
14017.0,508,1,229.75
14018.0,582,1,367.15000000000003
14019.0,35,2,800.53
14020.0,25,3,937.35
14021.0,92,7,1716.58
14022.0,162,2,792.15
14023.0,187,1,273.14
14024.0,59,3,645.74
14025.0,402,8,4057.9
14026.0,408,2,713.11
14028.0,487,3,10396.5
14029.0,0,2,467.66
14030.0,26,19,6979.7699999999995
14031.0,4,41,35783.8
14032.0,24,12,3718.39
14033.0,492,1,109.44
14034.0,94,2,473.90999999999997
14035.0,44,7,2203.99
14036.0,222,1,626.65
14037.0,113,6,836.95
14038.0,15,5,3069.88
14039.0,513,1,115.08000000000001
14040.0,31,33,11697.95
14041.0,203,1,141.41
14042.0,662,1,431.98
14043.0,428,2,302.6
14044.0,40,9,2963.2400000000002
14045.0,46,16,10986.63
14046.0,221,1,151.59
14047.0,10,13,3616.96
14048.0,242,3,748.69
14049.0,96,12,10689.42
14050.0,43,1,485.98
14051.0,5,31,16406.38
14052.0,328,1,241.3
14053.0,61,4,572.3
14054.0,2,1,92.46
14055.0,43,3,1520.96
14056.0,3,19,6115.06
14057.0,4,21,7707.5
14058.0,400,2,469.19
14059.0,204,1,183.6
14060.0,16,27,7893.42
14061.0,444,3,917.4300000000001
14062.0,9,23,24346.27
14063.0,624,7,9471.5
14064.0,50,14,3022.93
14065.0,326,3,891.02
14066.0,204,1,152.55
14067.0,1,2,374.7
14068.0,257,4,1516.72
14069.0,452,2,225.81
14070.0,622,1,321.6
14071.0,197,2,356.81
14072.0,604,1,390.85
14074.0,560,1,219.39999999999998
14075.0,198,3,1090.53
14076.0,66,1,118.67
14077.0,15,5,482.36
14078.0,39,9,1551.82
14079.0,62,1,375.1
14080.0,350,4,1070.08
14081.0,239,10,4867.57
14082.0,302,2,413.36
14083.0,63,9,612.68
14084.0,449,1,150.5
14085.0,78,26,8505.32
14086.0,400,1,39.95
14087.0,342,2,638.0
14088.0,66,10,39052.88
14090.0,262,1,76.32000000000001
14091.0,591,2,9530.08
14092.0,5,21,6249.13
14094.0,377,1,311.77
14095.0,660,1,2.95
14096.0,5,7,10004.44
14097.0,418,2,422.85999999999996
14099.0,2,18,5319.84
14100.0,75,1,191.95000000000002
14101.0,11,13,9961.93
14104.0,92,5,740.53
14105.0,176,5,5988.83
14106.0,674,1,214.79999999999998
14107.0,33,10,4636.01
14108.0,39,3,738.38
14109.0,10,1,144.2
14110.0,4,29,11775.03
14111.0,33,3,295.5
14112.0,68,10,4820.26
14113.0,15,14,6178.570000000001
14114.0,211,7,1364.09
14115.0,439,2,622.6700000000001
14116.0,1,3,956.3199999999999
14117.0,81,1,90.0
14118.0,366,1,458.45
14119.0,313,2,183.37
14122.0,343,3,362.42
14123.0,670,1,436.18
14124.0,21,1,419.58000000000004
14125.0,15,1,1295.43
14126.0,381,1,466.33000000000004
14127.0,60,6,1900.0800000000002
14128.0,193,2,592.25
14129.0,33,7,2193.71
14130.0,256,4,1858.77
14131.0,586,1,168.22
14132.0,24,6,1900.2
14133.0,67,4,911.14
14134.0,320,15,11123.35
14135.0,13,20,7663.68
14136.0,338,5,1570.81
14137.0,633,1,332.7
14138.0,1,1,621.71
14139.0,427,3,670.98
14141.0,11,2,489.31
14142.0,310,2,671.34
14143.0,71,1,115.8
14144.0,423,1,30.599999999999998
14145.0,94,6,6709.05
14146.0,18,11,8225.14
14147.0,15,9,2590.2
14148.0,171,2,466.29
14149.0,158,1,446.62
14150.0,297,1,306.18
14151.0,610,2,679.45
14152.0,12,7,1997.3400000000001
14153.0,420,1,233.4
14154.0,176,8,6460.7
14155.0,203,1,118.75
14156.0,8,132,290615.67
14157.0,222,4,822.98
14159.0,19,17,6341.33
14160.0,547,7,8421.47
14161.0,153,7,2996.93
14162.0,111,2,289.36
14163.0,24,5,2594.62
14164.0,8,2,1631.77
14165.0,213,1,120.44
14166.0,442,2,251.15
14167.0,102,7,1101.55
14168.0,358,2,370.45
14169.0,368,2,613.11
14170.0,312,3,570.18
14171.0,35,2,498.79
14172.0,542,3,369.02
14173.0,156,3,249.2
14175.0,108,7,5662.57
14176.0,234,5,756.46
14177.0,23,13,2209.69
14178.0,4,4,676.03
14180.0,28,30,5627.9
14181.0,348,2,308.35
14182.0,381,4,678.77
14183.0,348,2,278.34000000000003
14184.0,4,1,452.89
14185.0,268,1,197.65
14186.0,364,5,1550.63
14187.0,411,1,123.5
14188.0,9,5,1717.96
14189.0,33,12,4116.99
14190.0,603,1,79.9
14191.0,18,10,2658.19
14192.0,325,1,293.74
14193.0,5,3,1210.19
14194.0,13,29,14297.03
14195.0,139,6,2615.6
14196.0,44,1,335.52
14197.0,348,1,390.05
14198.0,24,8,1397.13
14199.0,155,4,1091.7
14200.0,554,1,379.2
14201.0,18,9,1073.24
14202.0,318,3,847.76
14203.0,334,1,339.34
14204.0,359,3,874.22
14205.0,201,8,2170.4
14206.0,176,3,1185.01
14207.0,625,1,157.8
14208.0,32,2,567.05
14209.0,58,14,4796.17
14210.0,43,16,5556.570000000001
14211.0,17,16,3500.28
14212.0,27,2,2190.14
14213.0,342,1,1192.2
14214.0,93,3,899.16
14215.0,15,8,2804.52
14216.0,351,1,310.74
14217.0,11,18,2763.28
14219.0,347,2,543.89
14220.0,184,4,1515.0
14221.0,18,16,6173.58
14222.0,114,1,683.17
14223.0,29,3,991.13
14224.0,47,9,1841.71
14225.0,372,4,2031.07
14226.0,8,4,2648.11
14227.0,23,14,6047.1
14228.0,375,3,745.5
14229.0,229,6,1808.97
14230.0,373,3,979.8000000000001
14231.0,121,4,1235.6200000000001
14232.0,52,4,1573.33
14233.0,149,6,2400.65
14235.0,12,9,4717.99
14236.0,18,5,1555.34
14237.0,310,2,471.14
14238.0,263,3,434.23
14239.0,8,20,4101.71
14240.0,163,2,584.0
14241.0,121,2,333.70000000000005
14242.0,172,2,280.55
14243.0,32,15,6934.93
14244.0,598,1,366.41999999999996
14245.0,157,2,1693.45
14246.0,48,3,1474.06
14247.0,215,5,753.56
14248.0,255,3,1032.95
14249.0,348,12,5400.46
14250.0,26,1,1228.83
14252.0,318,1,350.99
14253.0,430,2,363.40000000000003
14254.0,370,1,601.03
14256.0,197,5,2460.79
14257.0,1,9,5954.45
14258.0,27,24,30679.74
14259.0,79,1,120.0
14260.0,408,3,824.28
14261.0,16,1,943.75
14262.0,21,4,1379.3
14263.0,360,1,322.93
14264.0,92,6,1517.3600000000001
14265.0,46,4,1373.35
14266.0,365,1,40.56
14267.0,100,3,1516.24
14268.0,408,1,354.85
14269.0,376,1,295.73
14270.0,269,1,492.65000000000003
14271.0,163,2,214.18
14272.0,11,4,920.81
14273.0,73,3,450.05
14274.0,623,1,256.6
14275.0,333,6,1189.3799999999999
14276.0,36,7,2102.68
14277.0,149,6,14266.19
14278.0,347,1,205.83
14279.0,458,2,191.86
14280.0,134,1,134.04
14281.0,345,1,245.15
14282.0,18,20,6318.16
14283.0,400,4,628.4399999999999
14284.0,23,2,956.5
14285.0,13,6,2627.84
14286.0,180,5,5901.09
14287.0,136,2,83.28
14288.0,150,1,426.6
14289.0,72,5,832.78
14290.0,5,6,4001.51
14291.0,4,20,6986.81
14292.0,25,12,7498.27
14293.0,84,8,2595.86
14294.0,344,1,375.34
14295.0,376,3,2186.71
14296.0,358,2,456.40000000000003
14297.0,212,1,232.6
14298.0,9,79,83904.65
14299.0,16,24,12948.12
14301.0,54,4,1992.18
14302.0,368,3,742.9000000000001
14303.0,344,2,277.94
14304.0,160,3,1725.01
14305.0,8,3,1858.96
14306.0,23,5,2761.02
14307.0,26,10,4287.92
14309.0,31,9,3061.98
14310.0,370,1,492.1
14311.0,180,2,516.45
14312.0,28,10,2525.89
14314.0,44,2,229.8
14315.0,66,7,2266.84
14316.0,359,5,1370.34
14317.0,2,1,508.58000000000004
14318.0,397,1,158.02
14319.0,361,1,494.85
14320.0,144,5,1346.75
14321.0,11,6,1917.9
14322.0,366,4,474.1
14323.0,52,2,605.0600000000001
14324.0,347,2,701.61
14325.0,507,1,245.48000000000002
14326.0,179,3,940.98
14327.0,100,6,1894.93
14329.0,46,12,8397.41
14330.0,561,1,200.63
14331.0,61,2,462.65999999999997
14332.0,3,4,1636.44
14333.0,5,1,415.2
14334.0,31,11,4094.98
14335.0,33,1,347.5
14336.0,135,3,1114.39
14338.0,98,3,928.1
14339.0,180,2,620.27
14340.0,156,1,134.7
14341.0,67,16,3424.56
14342.0,74,4,669.62
14343.0,358,4,1079.66
14344.0,64,20,2993.05
14346.0,58,5,2315.75
14347.0,674,1,82.6
14348.0,197,1,409.57
14350.0,211,3,972.03
14351.0,102,1,51.0
14352.0,94,4,1078.96
14353.0,152,3,376.5
14355.0,303,3,840.0500000000001
14356.0,17,2,701.23
14358.0,326,2,400.06
14359.0,25,1,483.39
14360.0,5,3,1907.08
14361.0,516,1,214.70999999999998
14363.0,339,2,227.47000000000003
14364.0,46,8,3717.35
14365.0,332,2,634.68
14366.0,462,1,136.0
14367.0,13,12,6916.24
14368.0,257,1,155.0
14369.0,579,2,469.13
14370.0,388,6,1175.78
14371.0,232,1,100.5
14372.0,380,2,860.08
14373.0,295,1,76.55
14374.0,478,1,108.0
14375.0,122,3,1106.82
14376.0,620,1,215.46
14377.0,128,2,617.05
14378.0,559,1,131.25
14379.0,232,3,1028.04
14381.0,388,1,423.26
14382.0,327,1,578.14
14383.0,1,2,917.81
14384.0,438,1,58.5
14386.0,234,1,142.4
14387.0,11,2,929.74
14388.0,28,14,5453.13
14389.0,2,5,1898.01
14390.0,81,8,3098.17
14391.0,514,1,135.6
14392.0,369,1,266.4
14393.0,155,1,67.95
14394.0,502,1,93.8
14395.0,16,18,6932.400000000001
14396.0,2,7,1969.38
14397.0,17,11,1089.24
14398.0,338,2,707.79
14399.0,331,8,2108.21
14400.0,86,3,1732.47
14401.0,17,20,6129.3
14402.0,589,1,285.6
14403.0,67,6,1880.51
14404.0,46,12,2597.33
14405.0,324,1,195.0
14406.0,56,1,156.75
14407.0,44,5,2142.73
14408.0,32,10,3794.05
14409.0,8,9,3427.29
14410.0,29,11,2630.9
14411.0,248,1,1063.0
14412.0,10,2,1118.61
14413.0,299,3,421.72
14414.0,29,8,2399.33
14415.0,35,19,9890.65
14417.0,325,1,524.65
14418.0,45,1,150.44
14419.0,11,4,743.64
14420.0,36,4,1639.17
14421.0,149,5,2111.44
14422.0,8,16,8326.01
14423.0,155,3,916.6099999999999
14425.0,372,3,661.39
14426.0,78,13,10131.85
14427.0,1,3,1221.92
14428.0,16,3,534.12
14429.0,341,1,516.28
14430.0,449,3,1220.9
14431.0,240,4,2614.2
14432.0,5,2,555.9
14433.0,403,1,280.7
14434.0,2,2,410.40000000000003
14435.0,439,1,90.42
14436.0,36,2,271.70000000000005
14437.0,303,5,873.34
14438.0,243,1,131.9
14439.0,257,5,9443.04
14440.0,10,11,5183.08
14441.0,32,9,3596.2000000000003
14442.0,142,7,5367.0199999999995
14443.0,76,4,1654.29
14444.0,393,1,120.44
14445.0,393,1,221.65
14446.0,18,3,859.6899999999999
14447.0,133,3,1149.53
14448.0,301,1,102.35000000000001
14449.0,1,7,2043.63
14450.0,118,7,1128.44
14451.0,132,11,2974.78
14452.0,31,3,527.27
14453.0,127,1,119.93
14454.0,313,5,977.3
14455.0,369,4,617.72
14456.0,10,5,1817.86
14457.0,248,1,113.64
14458.0,318,1,219.26999999999998
14459.0,92,2,5375.74
14460.0,47,9,1093.5
14461.0,85,13,6676.52
14462.0,3,12,2237.81
14463.0,35,4,786.5699999999999
14464.0,505,2,111.0
14465.0,184,11,3925.85
14466.0,11,12,3780.4
14467.0,250,9,1738.68
14468.0,671,1,204.24
14469.0,353,4,2093.46
14470.0,225,2,548.49
14471.0,528,2,400.95
14472.0,41,9,2118.72
14473.0,11,2,234.34000000000003
14474.0,517,1,711.23
14475.0,9,4,1151.15
14476.0,194,1,193.0
14477.0,121,5,1183.0
14478.0,319,4,1276.66
14479.0,191,4,1124.71
14480.0,340,3,1020.47
14481.0,102,5,2284.69
14482.0,36,8,2749.86
14483.0,219,2,257.1
14484.0,338,3,749.0600000000001
14486.0,449,2,175.5
14487.0,20,5,917.4
14488.0,5,1,1064.28
14489.0,144,4,1574.93
14490.0,343,2,1273.47
14491.0,112,2,340.93
14492.0,367,7,1921.91
14493.0,92,6,3315.84
14494.0,338,2,261.9
14495.0,58,2,91.6
14496.0,249,7,2363.89
14497.0,246,2,697.0600000000001
14498.0,53,9,3225.3
14499.0,71,6,1661.16
14500.0,25,3,356.85
14501.0,121,2,251.21
14502.0,5,8,1627.86
14503.0,7,2,1284.45
14504.0,180,3,542.71
14505.0,46,17,10236.39
14506.0,3,6,2484.28
14507.0,38,9,2773.55
14508.0,27,4,692.43
14509.0,471,1,110.95
14510.0,313,3,979.85
14511.0,3,3,648.3299999999999
14512.0,125,7,1215.97
14513.0,38,6,788.01
14514.0,138,8,3792.95
14515.0,4,9,2971.04
14516.0,453,1,151.17
14517.0,79,1,252.45
14518.0,1,1,174.37
14519.0,621,2,203.14
14520.0,228,1,165.0
14521.0,428,1,199.45000000000002
14522.0,9,7,1605.38
14523.0,45,1,241.09
14524.0,9,12,2797.96
14525.0,37,15,6622.98
14526.0,326,1,258.65
14527.0,2,110,24687.38
14529.0,14,2,338.14
14530.0,30,15,5709.08
14531.0,417,1,376.34
14532.0,173,11,3845.78
14533.0,1,9,3290.31
14534.0,3,23,5523.02
14535.0,64,8,4759.86
14536.0,197,1,170.95
14537.0,560,1,285.84000000000003
14538.0,2,5,1370.8400000000001
14540.0,13,10,3394.91
14541.0,106,13,2345.38
14542.0,123,1,103.25
14543.0,11,37,14219.64
14544.0,299,2,2036.0
14545.0,611,1,349.25
14546.0,14,9,4213.01
14548.0,88,9,2541.29
14549.0,248,4,913.6
14550.0,325,2,587.69
14551.0,141,6,817.29
14552.0,89,3,507.93
14553.0,156,6,1271.65
14555.0,239,5,2177.83
14556.0,533,3,815.69
14557.0,22,1,788.38
14558.0,591,3,655.5
14559.0,327,1,75.6
14560.0,1,38,5706.08
14561.0,13,3,1080.76
14562.0,15,18,4630.6
14563.0,447,2,625.42
14564.0,372,2,2605.62
14565.0,33,5,3709.2200000000003
14566.0,48,4,4092.0
14567.0,67,1,800.76
14568.0,372,1,919.7
14569.0,390,3,369.94
14570.0,218,3,512.4
14571.0,362,1,160.0
14572.0,47,9,4779.68
14573.0,117,13,2163.12
14574.0,670,1,143.70000000000002
14575.0,425,1,420.22
14576.0,309,1,35.400000000000006
14577.0,101,6,1151.08
14579.0,369,1,105.56
14580.0,455,1,14.850000000000001
14581.0,481,1,271.05
14583.0,81,7,1415.05
14584.0,106,8,1738.16
14585.0,320,4,986.22
14586.0,214,1,237.36
14587.0,121,8,1452.68
14588.0,515,1,135.39
14589.0,309,1,39.75
14590.0,362,20,2993.37
14591.0,150,1,204.02
14592.0,1,1,262.71
14593.0,136,11,3380.47
14594.0,310,1,255.0
14595.0,22,4,723.88
14596.0,564,1,222.22000000000003
14597.0,129,5,1483.49
14598.0,506,1,162.07
14599.0,327,2,457.89
14600.0,243,2,865.1700000000001
14602.0,593,1,205.35999999999999
14603.0,212,1,660.0
14604.0,570,1,136.35999999999999
14605.0,311,4,920.71
14606.0,4,168,27625.17
14607.0,198,9,8048.63
14608.0,23,8,2348.7400000000002
14609.0,9,10,1486.2
14610.0,333,2,24.35
14611.0,381,2,604.3299999999999
14612.0,352,1,877.7
14613.0,617,1,76.32000000000001
14614.0,323,1,295.13
14615.0,331,5,951.76
14616.0,180,5,527.78
14617.0,340,2,190.47000000000003
14618.0,275,5,1000.6800000000001
14619.0,183,2,1291.24
14620.0,143,2,412.78000000000003
14621.0,94,7,2215.12
14622.0,122,1,320.58000000000004
14623.0,53,8,1731.76
14624.0,352,4,588.22
14625.0,133,11,4497.88
14626.0,2,10,4801.85
14627.0,316,1,462.75
14628.0,28,5,1998.0
14630.0,421,1,338.65
14631.0,172,5,1648.79
14632.0,200,1,114.56
14633.0,203,1,344.90000000000003
14634.0,375,4,2124.46
14635.0,391,1,215.22
14636.0,206,1,300.19
14637.0,614,1,106.67999999999999
14639.0,57,7,3983.7
14640.0,65,8,3025.34
14643.0,107,5,1679.89
14644.0,5,7,2247.72
14645.0,94,3,876.89
14646.0,2,122,450748.69
14647.0,138,2,506.04
14648.0,353,15,4463.39
14649.0,9,8,3143.78
14650.0,526,1,62.5
14651.0,4,9,2025.52
14652.0,14,1,114.18
14653.0,4,6,2173.05
14654.0,675,1,246.86
14655.0,8,5,3157.45
14656.0,106,5,790.0
14657.0,92,5,1240.91
14658.0,54,1,123.14
14659.0,16,7,2067.98
14660.0,24,2,285.74
14662.0,172,6,1147.34
14663.0,367,2,490.6
14665.0,27,6,2190.13
14667.0,11,48,18260.35
14668.0,382,1,111.63
14669.0,179,7,3216.78
14670.0,217,3,583.33
14671.0,486,2,1127.45
14672.0,172,4,1113.14
14673.0,305,3,1674.41
14674.0,446,1,173.66
14675.0,326,1,419.22
14676.0,16,11,7979.51
14677.0,530,1,184.91
14678.0,516,1,403.39
14679.0,319,3,1289.44
14680.0,9,57,54520.9
14681.0,8,6,875.1500000000001
14682.0,125,6,1514.81
14683.0,525,1,146.56
14684.0,19,4,851.29
14685.0,513,8,4536.64
14686.0,351,5,852.53
14687.0,44,3,1402.06
14688.0,8,24,6032.5
14689.0,146,1,112.8
14690.0,89,3,635.1899999999999
14691.0,8,4,1769.07
14692.0,74,12,1715.1399999999999
14693.0,202,7,1165.36
14694.0,554,1,244.31
14695.0,456,3,1534.22
14696.0,8,7,2172.7400000000002
14697.0,155,2,188.60999999999999
14699.0,151,4,702.6
14700.0,127,4,2422.06
14701.0,110,13,3902.4500000000003
14702.0,1,23,5102.75
14704.0,18,5,631.78
14705.0,136,1,179.0
14706.0,556,1,367.54
14707.0,373,2,139.2
14708.0,91,4,1368.03
14709.0,8,22,8229.33
14710.0,316,9,1300.31
14711.0,28,9,2355.63
14712.0,12,3,832.47
14713.0,36,19,4482.7699999999995
14714.0,344,3,746.05
14715.0,32,7,1536.92
14716.0,86,2,417.49
14717.0,670,1,81.3
14718.0,347,1,226.42
14719.0,116,2,488.12
14720.0,26,2,401.13
14721.0,316,1,109.07
14722.0,84,3,489.52
14723.0,295,8,1134.65
14724.0,527,1,341.9
14725.0,332,3,591.28
14726.0,592,1,116.5
14727.0,211,3,461.03
14728.0,350,1,190.58
14729.0,311,3,586.24
14730.0,2,7,1669.38
14731.0,143,2,251.01999999999998
14732.0,25,17,4741.77
14733.0,48,14,13793.44
14734.0,363,4,1056.42
14735.0,19,49,10506.72
14736.0,422,2,374.05
14737.0,66,3,3471.37
14738.0,1,8,1591.91
14739.0,3,23,10528.7
14740.0,134,11,4161.06
14741.0,50,5,1177.71
14742.0,372,1,579.85
14743.0,530,1,50.48
14744.0,235,12,3488.13
14745.0,50,12,2551.41
14746.0,343,4,593.5
14747.0,186,1,328.2
14748.0,61,9,2384.92
14749.0,417,1,310.15
14750.0,673,1,112.03
14751.0,621,2,126.45
14753.0,24,2,869.51
14754.0,233,5,1138.15
14755.0,11,22,8134.25
14756.0,320,2,1864.8
14757.0,12,1,420.5
14758.0,82,7,2864.97
14759.0,50,2,870.85
14760.0,234,1,89.2
14761.0,272,2,289.52
14762.0,201,2,417.57
14765.0,49,2,95.5
14766.0,18,10,5953.21
14767.0,411,1,382.81
14768.0,64,1,133.20000000000002
14769.0,19,16,15170.49
14770.0,169,8,3637.64
14771.0,558,2,594.62
14772.0,49,1,139.26
14773.0,530,1,140.55
14774.0,466,1,241.45
14775.0,75,2,701.46
14776.0,42,12,3032.22
14777.0,341,1,307.56
14778.0,64,2,730.86
14779.0,218,3,386.15
14780.0,16,1,332.8
14782.0,257,1,200.10000000000002
14783.0,596,1,307.3
14784.0,261,2,274.62
14786.0,487,1,90.96
14787.0,408,1,110.65
14788.0,533,1,476.88
14790.0,57,8,2145.6
14791.0,544,1,303.63
14792.0,1,1,6.2
14793.0,472,1,396.91
14794.0,141,7,1313.53
14795.0,103,1,131.45000000000002
14796.0,32,24,8773.460000000001
14797.0,444,1,300.31
14798.0,81,7,647.97
14799.0,675,1,180.45
14800.0,13,15,6787.84
14803.0,99,3,845.55
14805.0,251,4,645.4
14806.0,12,2,303.43
14807.0,328,2,504.14
14808.0,12,7,2184.41
14809.0,558,2,686.76
14810.0,41,12,2135.48
14811.0,324,1,170.5
14812.0,536,1,178.85
14813.0,307,4,888.91
14814.0,518,1,152.96
14815.0,5,1,551.58
14816.0,134,1,271.85
14817.0,137,7,3609.86
14818.0,11,6,1153.56
14819.0,1,4,456.41
14820.0,12,7,1009.66
14821.0,304,7,1230.15
14822.0,422,1,157.70000000000002
14823.0,117,3,321.43
14824.0,10,8,3650.71
14825.0,0,21,4158.9800000000005
14826.0,519,2,385.2
14828.0,134,13,9839.460000000001
14829.0,121,6,1289.95
14831.0,617,3,1676.57
14833.0,436,1,94.8
14834.0,9,4,1337.06
14835.0,466,2,297.0
14837.0,27,9,3460.32
14838.0,360,2,769.9200000000001
14839.0,355,3,915.28
14840.0,205,2,362.71
14841.0,116,12,6242.81
14842.0,32,3,1901.52
14843.0,374,1,211.79999999999998
14844.0,1,10,6702.43
14845.0,537,1,150.0
14846.0,364,1,437.4
14847.0,86,3,1348.95
14848.0,342,1,310.56
14849.0,2,37,14046.95
14850.0,249,7,1770.96
14851.0,193,2,524.19
14852.0,33,17,5484.16
14853.0,148,4,1115.57
14854.0,15,11,4303.06
14855.0,56,7,6520.3
14857.0,85,6,3001.25
14858.0,443,1,180.75
14859.0,17,3,1279.02
14861.0,318,9,1254.94
14862.0,86,1,304.09999999999997
14865.0,309,3,77.52000000000001
14866.0,18,10,13113.56
14867.0,123,16,2952.06
14868.0,9,9,2865.19
14869.0,40,5,2443.75
14870.0,199,6,1838.95
14871.0,115,8,1062.19
14872.0,421,3,816.6
14873.0,147,2,854.13
14874.0,472,1,116.18
14875.0,45,3,2862.4
14876.0,458,2,256.7
14877.0,355,2,425.85
14878.0,20,23,3784.67
14879.0,622,1,185.06
14880.0,14,3,690.59
14882.0,327,12,2956.9500000000003
14883.0,10,4,571.99
14884.0,606,1,120.6
14885.0,69,3,1598.12
14886.0,190,1,364.8
14887.0,16,1,1862.0
14888.0,144,1,369.2
14889.0,273,1,135.9
14890.0,191,3,817.25
14891.0,85,4,1106.73
14892.0,628,1,202.35000000000002
14893.0,555,1,571.76
14894.0,22,3,1492.81
14895.0,28,31,21955.62
14896.0,142,8,1826.0
14897.0,25,6,2119.56
14898.0,71,13,3087.82
14899.0,332,1,1331.38
14900.0,459,1,13.919999999999998
14901.0,11,10,1591.54
14902.0,333,2,702.96
14903.0,62,4,2398.62
14904.0,345,2,605.05
14905.0,95,8,1971.39
14907.0,36,14,4654.8
14908.0,11,2,381.9
14909.0,374,3,1404.68
14911.0,1,308,226752.19
14912.0,184,4,1464.52
14913.0,120,7,3762.85
14915.0,28,11,1811.25
14916.0,8,8,3042.95
14917.0,534,2,1123.75
14918.0,53,9,5955.81
14919.0,476,1,359.35
14920.0,150,3,1607.17
14921.0,138,1,903.01
14922.0,331,2,843.74
14924.0,183,3,931.01
14926.0,319,2,359.4
14927.0,334,1,308.2
14928.0,565,1,223.91000000000003
14929.0,359,1,612.8100000000001
14930.0,46,6,5236.7300000000005
14931.0,12,2,504.65
14932.0,303,2,566.13
14933.0,381,4,1770.0
14934.0,19,5,3403.5
14935.0,234,2,2849.83
14936.0,3,10,11107.67
14937.0,67,1,759.56
14938.0,499,2,2322.43
14940.0,355,2,531.49
14941.0,516,1,182.1
14942.0,339,4,746.56
14943.0,600,1,107.62
14944.0,14,16,8706.93
14945.0,351,1,179.4
14947.0,9,6,1049.79
14948.0,8,5,834.27
14949.0,406,4,515.0
14951.0,16,1,311.69
14952.0,9,30,16254.11
14953.0,355,3,683.15
14954.0,640,1,167.27
14955.0,670,1,163.77
14956.0,358,1,1325.0
14957.0,190,2,261.69
14958.0,84,6,941.99
14959.0,1,4,695.42
14960.0,108,1,88.3
14961.0,18,21,15265.4
14962.0,208,4,366.91
14963.0,121,8,1945.43
14964.0,184,1,206.21
14965.0,33,2,596.09
14966.0,324,5,881.24
14967.0,379,5,1518.81
14968.0,395,1,349.9
14969.0,641,1,906.23
14970.0,5,12,4919.35
14972.0,65,2,145.07
14973.0,44,3,1314.45
14975.0,358,1,192.45
14976.0,38,4,559.96
14977.0,663,1,31.929999999999996
14978.0,9,10,3112.19
14979.0,672,1,429.66
14980.0,674,1,150.68
14981.0,183,2,372.92
14982.0,509,1,234.88
14983.0,626,1,183.20000000000002
14984.0,118,5,1160.37
14985.0,135,2,292.01
14986.0,313,2,563.1
14987.0,303,7,1387.4499999999998
14988.0,149,7,2038.65
14989.0,599,1,342.4
14990.0,549,2,304.17
14991.0,367,1,314.67
14992.0,379,1,210.5
14993.0,501,1,36.13
14994.0,319,5,942.77
14995.0,217,1,119.31
14996.0,418,2,442.28999999999996
14997.0,25,3,664.0799999999999
14998.0,107,4,753.18
14999.0,530,1,129.48000000000002
15001.0,331,2,197.10999999999999
15002.0,53,9,4138.08
15003.0,410,6,1027.03
15004.0,84,1,1220.38
15005.0,1,51,12551.95
15006.0,390,1,277.4
15007.0,96,1,156.91
15008.0,417,2,360.0
15011.0,333,2,416.6
15012.0,311,2,429.78
15013.0,425,10,1610.82
15014.0,113,1,117.72999999999999
15015.0,438,13,2344.47
15016.0,110,5,620.89
15018.0,190,2,291.34000000000003
15019.0,204,1,252.81
15020.0,316,1,198.47
15021.0,23,9,2014.18
15022.0,614,1,281.05
15023.0,53,17,9863.06
15024.0,50,11,2753.58
15025.0,505,1,609.88
15026.0,17,5,1044.09
15027.0,105,9,3096.42
15028.0,306,3,521.78
15029.0,557,1,365.1
15030.0,9,8,1979.91
15031.0,47,12,2711.54
15032.0,193,8,11010.05
15033.0,46,6,1605.65
15034.0,7,12,7221.45
15035.0,27,1,252.73000000000002
15036.0,9,3,429.56
15037.0,313,2,397.76
15038.0,6,8,1131.53
15039.0,3,87,38218.9
15040.0,479,1,7.49
15041.0,107,2,288.98
15042.0,136,2,315.45
15043.0,400,5,2318.3199999999997
15044.0,3,30,14079.52
15045.0,89,2,735.66
15046.0,4,22,6702.16
15047.0,207,1,343.62
15048.0,2,4,381.0
15049.0,211,1,121.17000000000002
15050.0,8,4,3628.28
15051.0,87,7,2921.29
15052.0,256,1,207.73000000000002
15053.0,93,2,478.6
15055.0,412,3,549.12
15056.0,457,1,113.64999999999999
15057.0,212,5,3255.96
15058.0,18,13,2717.35
15059.0,44,17,3161.28
15061.0,2,122,113054.19
15062.0,8,8,2585.62
15063.0,150,1,370.79999999999995
15064.0,347,4,1154.41
15065.0,102,4,3027.48
15067.0,15,5,3862.88
15068.0,193,3,861.5
15069.0,116,1,1109.53
15070.0,310,3,737.0500000000001
15071.0,31,4,1455.56
15072.0,416,1,187.51999999999998
15073.0,123,7,2606.57
15074.0,42,3,1553.1299999999999
15075.0,15,1,773.03
15076.0,110,3,1447.74
15077.0,432,2,2428.08
15078.0,11,44,15113.77
15079.0,150,11,3625.4
15080.0,365,2,546.25
15081.0,3,11,1766.32
15082.0,606,1,93.35000000000001
15083.0,194,1,88.2
15084.0,317,2,965.2
15085.0,667,1,347.54
15086.0,502,2,218.53
15087.0,219,1,306.94
15088.0,4,1,864.19
15089.0,31,3,2036.28
15090.0,245,1,381.32
15091.0,5,3,1046.6100000000001
15092.0,152,3,776.46
15093.0,54,22,13132.46
15094.0,400,2,83.0
15095.0,41,10,3141.64
15097.0,520,2,660.27
15098.0,119,3,39916.5
15099.0,21,1,410.48
15100.0,271,7,2193.8999999999996
15101.0,296,5,1262.69
15102.0,468,2,554.67
15103.0,23,1,291.68
15104.0,134,2,993.54
15105.0,4,6,2513.55
15106.0,2,4,1302.46
15107.0,248,9,824.35
15108.0,79,3,1159.25
15109.0,183,3,983.1
15110.0,64,4,886.3000000000001
15111.0,4,4,2112.69
15112.0,548,1,209.4
15114.0,8,11,2891.84
15115.0,670,1,191.74
15116.0,72,2,790.97
15117.0,58,5,1609.92
15118.0,71,1,244.8
15119.0,183,1,266.4
15120.0,71,1,358.82
15121.0,226,1,295.15
15122.0,51,11,4487.27
15123.0,143,4,3526.33
15124.0,129,3,357.38
15125.0,50,21,16291.87
15126.0,474,2,449.49
15127.0,3,2,711.5
15128.0,64,4,1482.92
15129.0,44,22,6209.51
15130.0,107,1,330.11
15131.0,332,1,80.28
15132.0,43,3,842.23
15133.0,65,5,1806.9
15134.0,10,7,1105.8500000000001
15135.0,176,2,305.68
15136.0,33,1,582.9
15137.0,458,2,823.4
15138.0,331,1,502.52
15139.0,177,2,178.96
15140.0,17,7,2942.29
15141.0,395,7,1388.47
15142.0,347,5,2121.18
15143.0,163,2,563.63
15144.0,9,24,9585.51
15145.0,164,2,724.03
15146.0,102,2,1327.16
15147.0,177,1,623.5
15149.0,71,4,1524.6100000000001
15150.0,11,10,8046.9
15151.0,360,2,2085.61
15152.0,22,8,3230.37
15154.0,12,3,1343.72
15155.0,320,1,383.96999999999997
15157.0,91,4,2223.41
15158.0,338,1,204.62
15159.0,4,27,14885.86
15160.0,294,4,589.27
15161.0,325,1,119.92
15162.0,668,1,312.9
15163.0,129,1,155.0
15164.0,6,9,2028.1100000000001
15165.0,310,1,487.75
15166.0,405,1,167.16
15167.0,258,5,1627.62
15169.0,319,2,569.22
15170.0,344,1,81.15
15171.0,268,1,1289.5
15172.0,7,4,1247.95
15173.0,318,7,1494.6
15174.0,260,2,481.46
15175.0,9,1,224.14
15176.0,605,1,988.04
15177.0,363,1,948.93
15178.0,197,1,40.5
15179.0,171,11,6740.09
15180.0,304,3,816.9300000000001
15181.0,3,5,1200.2
15182.0,91,11,2998.9500000000003
15183.0,485,3,639.93
15184.0,128,3,518.42
15185.0,7,1,310.62
15186.0,105,4,1221.05
15187.0,8,7,2366.06
15188.0,662,1,310.43
15189.0,28,38,13934.76
15190.0,371,1,834.4399999999999
15191.0,400,3,588.05
15192.0,57,5,1666.39
15194.0,15,26,9893.22
15196.0,370,2,313.7
15197.0,190,5,1571.15
15198.0,29,5,571.35
15199.0,32,9,2821.45
15200.0,432,1,549.05
15201.0,24,7,1842.95
15203.0,17,14,4090.1
15204.0,294,1,316.58
15205.0,22,2,653.24
15206.0,37,3,236.7
15207.0,353,3,683.9200000000001
15208.0,0,4,596.22
15209.0,667,1,178.98000000000002
15210.0,162,3,1176.19
15211.0,302,1,383.07
15212.0,178,2,208.28
15213.0,256,2,328.35
15214.0,1,4,1061.35
15215.0,34,5,1987.53
15216.0,25,2,486.09
15217.0,500,1,426.24
15218.0,12,20,10342.85
15219.0,113,2,685.45
15220.0,52,5,1284.05
15221.0,303,4,2062.2000000000003
15222.0,256,11,3550.91
15223.0,163,5,1417.95
15224.0,295,5,871.36
15225.0,171,1,409.40000000000003
15226.0,248,1,154.41
15227.0,153,7,2145.91
15228.0,3,6,5580.2699999999995
15229.0,523,1,160.5
15230.0,176,2,429.6
15231.0,558,1,250.26
15232.0,50,2,612.06
15233.0,338,1,59.400000000000006
15234.0,214,1,197.0
15235.0,155,16,2772.76
15236.0,236,1,321.05
15237.0,15,3,1328.72
15238.0,32,2,772.78
15239.0,16,1,461.79
15240.0,21,11,4135.96
15241.0,4,11,3050.16
15242.0,359,1,302.04
15243.0,11,2,927.2800000000001
15244.0,2,3,912.08
15245.0,71,8,4610.84
15246.0,175,3,780.4
15247.0,59,3,976.06
15248.0,348,3,1893.93
15249.0,3,17,8858.45
15250.0,578,1,60.0
15251.0,28,18,19535.37
15252.0,120,4,1663.18
15253.0,26,6,1777.49
15254.0,64,3,1088.35
15255.0,4,9,3706.02
15256.0,86,2,170.4
15257.0,220,2,685.9
15258.0,106,2,623.16
15259.0,450,4,1182.3799999999999
15260.0,37,25,8767.73
15261.0,72,4,1508.0
15262.0,261,3,418.82
15263.0,44,1,156.51
15264.0,1,2,848.4
15265.0,88,4,3345.64
15266.0,275,5,852.21
15267.0,93,2,1407.76
15268.0,416,3,961.9000000000001
15269.0,317,2,816.56
15270.0,55,19,7995.66
15271.0,32,19,3627.78
15272.0,23,5,1607.97
15273.0,537,1,228.96
15276.0,3,4,619.8
15277.0,362,1,220.44
15278.0,499,4,496.15999999999997
15279.0,292,5,1580.54
15280.0,109,3,397.52
15281.0,74,15,8403.2
15282.0,507,1,348.59
15283.0,327,3,148.33
15284.0,437,1,24.75
15285.0,345,1,94.92
15287.0,8,4,710.32
15288.0,93,9,3406.37
15289.0,75,4,1351.29
15290.0,16,21,7012.929999999999
15291.0,32,36,12489.48
15292.0,138,1,178.39
15293.0,603,1,247.5
15294.0,348,1,233.35
15295.0,591,1,207.04
15296.0,46,11,9249.66
15297.0,1,1,230.46
15298.0,30,18,7620.09
15299.0,4,9,5556.53
15300.0,1,1,496.44
15301.0,10,16,6305.91
15302.0,667,1,308.0
15303.0,227,3,1224.18
15304.0,23,8,684.5
15305.0,492,1,93.6
15306.0,1,9,3484.73
15307.0,33,1,205.3
15308.0,211,1,310.47
15309.0,548,4,797.96
15310.0,416,1,1634.64
15311.0,1,188,103276.11
15312.0,12,12,2930.19
15313.0,47,1,52.0
15314.0,136,3,820.4499999999999
15315.0,1,2,570.5
15316.0,264,1,165.0
15317.0,614,1,129.75
15319.0,221,1,204.5
15321.0,8,12,6709.7300000000005
15322.0,23,2,1390.86
15323.0,500,3,434.6
15324.0,638,1,140.22000000000003
15325.0,41,8,1601.46
15326.0,271,5,1700.52
15328.0,345,1,107.24
15329.0,71,10,2663.13
15331.0,437,3,767.91
15332.0,303,6,4892.68
15333.0,145,1,1028.56
15334.0,94,3,347.87
15336.0,339,1,240.5
15337.0,348,1,373.02
15338.0,614,1,277.93
15339.0,3,7,1821.02
15340.0,499,1,105.5
15341.0,18,2,2402.7200000000003
15342.0,67,1,406.09
15343.0,24,1,364.5
15344.0,11,1,308.69
15346.0,270,3,596.12
15347.0,303,4,1162.0
15348.0,9,1,158.04
15349.0,95,2,463.90999999999997
15350.0,310,2,547.6
15351.0,2,6,2513.15
15352.0,486,1,111.15
15353.0,192,7,2794.4700000000003
15356.0,8,12,3089.53
15358.0,12,38,14813.52
15359.0,600,8,181.35
15361.0,299,4,689.07
15362.0,386,2,613.08
15363.0,310,2,678.11
15364.0,33,2,913.19
15365.0,19,10,4187.96
15366.0,12,7,2389.08
15367.0,183,9,4619.92
15368.0,331,1,275.8
15369.0,429,11,6251.26
15370.0,8,6,3392.21
15371.0,599,1,59.400000000000006
15372.0,74,8,6017.06
15373.0,53,14,2355.53
15374.0,66,2,307.32
15375.0,627,1,60.959999999999994
15376.0,54,2,977.22
15377.0,320,4,1211.75
15378.0,400,2,246.5
15379.0,106,8,4877.84
15380.0,23,9,2563.26
15381.0,151,5,1890.5700000000002
15382.0,22,11,12487.74
15384.0,107,4,2027.79
15385.0,330,2,625.2
15386.0,123,1,394.14
15387.0,429,1,468.65
15388.0,207,1,140.54
15389.0,109,5,2733.8
15390.0,333,2,1216.66
15391.0,521,1,289.87
15392.0,26,5,2041.55
15393.0,218,4,783.58
15394.0,15,10,4957.4
15395.0,263,1,107.45
15396.0,50,2,796.38
15397.0,227,1,94.0
15398.0,15,1,634.85
15399.0,16,1,305.17
15400.0,29,8,1302.3
15401.0,389,2,216.95000000000002
15402.0,86,6,1830.12
15403.0,429,2,170.88
15404.0,313,1,257.06
15405.0,126,2,659.84
15406.0,238,3,717.45
15407.0,121,3,740.73
15408.0,201,1,267.18
15409.0,658,1,131.25
15410.0,21,10,4685.72
15411.0,7,3,991.26
15412.0,108,1,190.53
15413.0,629,5,6798.72
15414.0,179,1,36.2
15415.0,250,1,559.61
15416.0,2,7,4572.82
15417.0,22,1,508.8
15418.0,362,2,449.42
15420.0,371,6,743.0
15421.0,152,9,3594.34
15422.0,260,7,1619.97
15423.0,519,2,223.39
15424.0,191,3,597.78
15425.0,337,4,1941.1200000000001
15426.0,194,6,1386.41
15428.0,324,3,668.97
15429.0,12,1,243.06
15430.0,405,2,954.75
15431.0,440,1,153.24
15432.0,478,1,149.57
15433.0,151,2,533.3
15434.0,44,9,2112.86
15436.0,171,1,484.1
15437.0,199,2,393.45
15438.0,68,1,156.57999999999998
15439.0,342,4,1269.05
15440.0,73,2,237.66
15441.0,333,3,1254.21
15442.0,186,1,594.0
15443.0,11,10,2954.98
15445.0,201,2,284.5
15446.0,314,3,396.75
15447.0,268,5,492.88
15448.0,250,2,788.81
15449.0,122,2,647.7
15451.0,371,2,226.86
15452.0,8,5,1659.71
15453.0,29,4,701.2
15454.0,299,2,303.89
15455.0,535,1,38.25
15456.0,220,10,2091.52
15457.0,199,1,237.07
15458.0,339,1,208.79999999999998
15459.0,354,2,202.82999999999998
15460.0,291,1,214.26
15461.0,398,2,429.7
15462.0,31,4,737.05
15464.0,275,1,1044.65
15465.0,20,30,11164.859999999999
15466.0,22,4,1560.46
15467.0,82,2,402.56
15468.0,330,1,962.97
15469.0,57,2,640.0
15470.0,513,1,63.419999999999995
15471.0,317,2,837.53
15472.0,50,1,371.56
15473.0,382,1,274.8
15474.0,533,1,150.35
15475.0,14,1,454.10999999999996
15476.0,317,4,2209.98
15477.0,587,1,368.4
15478.0,512,1,541.06
15479.0,670,1,147.4
15480.0,53,3,3592.25
15481.0,338,1,1993.34
15482.0,103,11,5465.9
15483.0,98,10,810.68
15484.0,15,3,2694.31
15485.0,273,6,3514.55
15486.0,464,1,102.0
15487.0,617,1,231.32
15488.0,30,5,431.92
15489.0,148,6,1633.5900000000001
15490.0,367,1,210.85
15491.0,32,6,3100.09
15492.0,11,1,487.74
15493.0,87,7,3446.73
15494.0,58,4,3541.9
15495.0,316,1,246.5
15496.0,568,1,146.14000000000001
15497.0,257,8,8365.789999999999
15498.0,22,38,21840.01
15499.0,661,1,158.65
15500.0,18,1,406.02
15501.0,342,2,399.95
15502.0,27,10,8894.97
15503.0,300,2,257.3
15504.0,18,4,391.45
15505.0,22,4,2730.38
15506.0,76,4,1267.02
15507.0,109,1,475.86
15508.0,126,6,1000.27
15509.0,317,1,152.41
15510.0,268,1,250.0
15511.0,22,1,202.9
15512.0,93,4,331.58
15513.0,32,33,23030.97
15514.0,163,13,4866.5
15515.0,324,1,171.81
15517.0,170,1,267.03
15518.0,1,15,4189.99
15519.0,320,2,344.61
15521.0,32,15,6414.22
15522.0,25,1,259.05
15523.0,21,16,17259.19
15524.0,544,1,151.4
15525.0,310,2,430.78
15527.0,26,21,4733.85
15528.0,191,1,229.33
15529.0,4,11,4431.55
15530.0,87,4,1475.06
15532.0,68,9,3366.96
15533.0,19,2,554.74
15534.0,663,1,162.25
15535.0,110,6,1044.3700000000001
15536.0,346,1,259.09
15537.0,100,1,110.92
15538.0,475,6,3358.3999999999996
15540.0,313,1,247.38
15541.0,51,1,85.13000000000001
15542.0,449,3,855.71
15543.0,225,2,242.26
15544.0,57,18,7033.55
15545.0,308,1,135.32999999999998
15546.0,544,2,1079.1000000000001
15547.0,5,24,9253.32
15548.0,533,1,158.09
15549.0,14,8,2330.41
15550.0,43,11,2068.7000000000003
15551.0,331,6,1243.75
15552.0,154,2,252.52
15554.0,215,1,217.2
15555.0,6,32,9862.87
15558.0,576,1,202.68
15559.0,505,1,1109.4
15560.0,335,2,153.52
15561.0,87,7,1583.47
15562.0,289,3,671.4300000000001
15563.0,138,5,2194.64
15564.0,400,2,70.74000000000001
15565.0,8,1,88.8
15566.0,330,2,227.87
15568.0,10,1,228.31
15569.0,41,10,3583.45
15570.0,79,22,7397.65
15571.0,15,11,3444.27
15572.0,47,7,2984.57
15573.0,23,4,1001.3199999999999
15574.0,115,6,1101.44
15575.0,557,1,30.1
15577.0,88,5,396.03000000000003
15578.0,99,1,127.1
15579.0,6,5,1250.63
15580.0,314,8,1375.39
15581.0,93,34,4505.16
15582.0,37,2,541.51
15583.0,313,1,95.96
15584.0,10,4,835.77
15585.0,114,1,455.3
15586.0,530,3,1139.1
15587.0,27,6,1410.1200000000001
15588.0,615,1,579.6
15589.0,193,3,478.53000000000003
15590.0,319,5,1496.6
15591.0,520,3,217.9
15593.0,8,1,199.8
15594.0,19,3,1506.43
15595.0,425,1,357.6
15596.0,38,9,2727.72
15597.0,512,1,238.8
15598.0,365,1,307.34
15599.0,141,2,937.15
15600.0,365,4,1199.31
15601.0,26,28,13232.2
15602.0,8,13,2785.28
15603.0,16,2,88.48
15605.0,27,8,1438.5
15606.0,56,16,4750.21
15607.0,274,9,1708.97
15608.0,58,2,977.98
15609.0,121,1,298.48
15611.0,7,21,2480.67
15613.0,547,1,433.71999999999997
15614.0,375,4,3147.36
15615.0,0,44,19166.49
15616.0,375,1,317.11
15617.0,333,3,828.5500000000001
15618.0,29,3,419.03999999999996
15620.0,158,3,1264.19
15622.0,24,16,7470.66
15623.0,78,8,2437.05
15624.0,54,4,588.13
15625.0,41,9,3236.4
15626.0,12,3,1067.52
15627.0,394,2,566.9
15628.0,2,14,4504.7
15629.0,387,4,2240.9
15630.0,142,2,691.91
15631.0,579,1,596.67
15632.0,1,7,2978.96
15633.0,446,13,4335.96
15634.0,320,1,311.1
15635.0,333,1,100.35
15636.0,27,4,1444.58
15637.0,351,4,574.23
15638.0,316,6,2265.2
15639.0,71,3,1065.08
15640.0,15,26,20404.4
15641.0,42,12,5345.55
15642.0,667,1,105.78000000000002
15643.0,129,3,664.0
15644.0,103,4,803.54
15645.0,351,2,443.16
15646.0,95,5,784.8100000000001
15647.0,352,1,169.0
15648.0,141,2,639.5
15649.0,273,4,1660.35
15650.0,459,2,553.88
15651.0,198,3,840.08
15652.0,28,5,1405.94
15653.0,30,2,877.4399999999999
15655.0,180,1,560.67
15656.0,115,3,563.63
15658.0,127,8,2117.27
15659.0,324,2,226.04
15660.0,22,13,2259.33
15661.0,254,8,1215.95
15662.0,598,2,283.73
15663.0,43,1,138.14
15664.0,386,3,845.1
15665.0,105,5,3987.07
15666.0,409,2,632.9399999999999
15668.0,155,1,76.32000000000001
15669.0,41,3,565.54
15670.0,234,2,325.2
15671.0,32,5,1972.89
15672.0,662,1,45.300000000000004
15673.0,25,9,6204.32
15674.0,10,12,6613.52
15675.0,18,4,542.04
15676.0,221,1,897.8
15677.0,358,2,648.4
15678.0,332,2,1473.24
15679.0,91,2,260.26
15680.0,303,8,3173.9
15681.0,120,12,2266.76
15682.0,536,2,318.24
15683.0,54,2,524.54
15684.0,484,3,173.95
15685.0,387,1,55.980000000000004
15686.0,357,1,90.0
15687.0,2,6,2241.18
15688.0,356,1,190.57
15689.0,57,3,521.03
15690.0,38,1,111.0
15691.0,189,4,571.3
15693.0,596,1,37.5
15694.0,4,19,8200.12
15695.0,204,4,1131.04
15696.0,17,12,3179.01
15697.0,627,1,246.75
15698.0,561,1,46.2
15700.0,109,2,696.68
15701.0,5,3,1210.06
15702.0,413,1,112.57000000000001
15703.0,202,1,211.5
15704.0,77,6,3734.6600000000003
15705.0,138,1,143.1
15706.0,1,4,1060.56
15707.0,1,2,347.1
15708.0,76,8,3241.2400000000002
15709.0,221,2,327.85
15710.0,354,1,898.87
15711.0,494,2,420.25
15712.0,8,11,3265.96
15713.0,80,4,839.64
15714.0,15,4,586.4100000000001
15715.0,493,5,658.02
15716.0,83,11,2482.7400000000002
15717.0,171,5,607.0
15718.0,477,1,293.79
15719.0,1,30,9580.38
15720.0,487,1,140.49
15722.0,46,9,4436.24
15723.0,302,4,930.7
15724.0,138,3,310.85
15726.0,327,1,321.91
15727.0,44,14,8802.04
15728.0,317,2,544.6
15729.0,150,3,192.55
15730.0,3,5,1726.58
15731.0,491,1,125.3
15732.0,149,10,1543.97
15733.0,220,1,162.3
15734.0,52,4,2263.3
15735.0,358,1,327.68
15736.0,372,2,1767.12
15737.0,16,6,1064.51
15738.0,1,39,12390.87
15739.0,3,1,449.12
15741.0,395,2,208.62
15742.0,556,1,156.87
15743.0,51,2,434.05
15744.0,15,1,34.8
15745.0,11,2,607.75
15746.0,71,1,196.88
15747.0,57,8,2078.54
15748.0,386,2,465.45000000000005
15749.0,172,3,44534.3
15750.0,9,15,5605.41
15751.0,398,11,1380.44
15752.0,30,8,3391.68
15753.0,242,1,79.2
15754.0,11,8,2882.46
15755.0,11,16,5705.61
15756.0,90,3,359.89
15757.0,3,6,2940.36
15759.0,155,7,830.9300000000001
15761.0,380,1,143.05
15762.0,2,2,583.75
15763.0,15,1,522.49
15764.0,25,8,4503.08
15765.0,604,1,370.63
15766.0,1,3,831.06
15768.0,53,34,15308.89
15769.0,1,42,80727.52
15770.0,550,1,321.45
15771.0,541,3,1006.54
15772.0,355,1,280.88
15773.0,346,1,138.84
15774.0,6,6,1287.09
15775.0,182,2,150.5
15776.0,70,1,241.62
15777.0,178,7,1762.61
15778.0,368,1,307.95
15779.0,400,2,124.08000000000001
15780.0,121,3,475.28000000000003
15781.0,75,2,211.3
15782.0,26,2,3037.7
15784.0,405,2,848.3299999999999
15785.0,95,15,5306.79
15786.0,51,3,6730.26
15788.0,446,1,221.82999999999998
15789.0,295,6,1962.01
15791.0,141,4,3218.89
15792.0,337,2,933.84
15793.0,206,6,1740.6
15794.0,673,2,777.0
15795.0,87,8,1979.8700000000001
15796.0,9,15,4346.78
15797.0,50,5,2806.08
15798.0,430,3,1535.37
15799.0,13,4,1421.34
15800.0,44,7,1227.07
15801.0,47,1,137.22
15803.0,382,3,1513.84
15804.0,2,9,3173.52
15805.0,2,25,8479.5
15806.0,95,2,521.88
15807.0,14,3,1549.22
15808.0,243,21,17180.25
15809.0,121,6,1157.88
15810.0,16,8,2999.04
15811.0,43,6,2947.73
15812.0,44,12,5201.47
15813.0,145,2,1303.9099999999999
15814.0,330,2,689.11
15815.0,1,5,2100.6
15816.0,479,2,144.14999999999998
15817.0,358,3,2766.4
15818.0,525,1,340.5
15819.0,68,9,3614.81
15820.0,257,1,206.98
15822.0,296,5,1394.79
15823.0,666,2,3867.17
15824.0,390,2,890.94
15825.0,109,1,532.94
15826.0,148,2,1663.97
15827.0,10,28,3603.14
15828.0,312,1,1108.82
15829.0,36,2,636.14
15831.0,61,2,451.11
15832.0,191,1,836.79
15833.0,675,1,80.4
15834.0,7,7,3761.89
15835.0,75,3,675.51
15837.0,2,2,777.01
15838.0,2,29,67896.0
15839.0,18,2,790.36
15840.0,110,1,241.74
15841.0,10,9,2742.41
15842.0,330,2,548.8
15843.0,241,1,118.95000000000002
15845.0,24,9,3784.51
15846.0,322,1,107.01
15847.0,225,4,613.98
15848.0,559,1,137.99
15850.0,105,5,888.03
15851.0,464,1,109.73
15852.0,124,3,257.26
15854.0,24,19,5449.1
15855.0,74,6,1052.72
15856.0,2,43,27882.62
15857.0,367,1,273.48
15858.0,15,11,3094.96
15859.0,369,1,438.46
15860.0,13,16,2256.79
15861.0,72,7,2337.74
15862.0,49,12,2333.9900000000002
15863.0,130,4,295.46
15864.0,4,5,1722.8400000000001
15865.0,26,4,1950.14
15866.0,38,1,211.89
15867.0,7,29,8364.85
15868.0,520,1,94.53
15869.0,214,3,321.11
15870.0,334,3,506.02
15871.0,374,1,33.099999999999994
15872.0,316,2,413.0
15873.0,437,4,313.91999999999996
15874.0,1,21,11284.76
15875.0,583,1,108.52
15876.0,346,2,1449.1399999999999
15878.0,499,2,330.77
15879.0,341,4,1137.8
15880.0,306,1,329.03000000000003
15881.0,249,5,501.39000000000004
15882.0,136,8,1122.38
15884.0,369,2,244.60000000000002
15885.0,30,13,1921.82
15886.0,354,3,871.78
15887.0,344,3,1027.15
15888.0,18,3,423.49
15889.0,94,8,1407.05
15890.0,332,5,535.65
15891.0,164,1,509.13
15892.0,606,1,128.2
15893.0,419,1,305.28000000000003
15894.0,190,2,257.6
15895.0,87,1,179.17
15897.0,131,2,208.59
15898.0,164,24,4606.81
15899.0,306,1,56.25
15900.0,351,3,549.29
15901.0,15,5,545.36
15902.0,317,1,145.01
15903.0,7,9,6333.4400000000005
15905.0,480,1,114.69
15906.0,5,8,2350.7
15907.0,114,2,477.59000000000003
15908.0,428,2,758.62
15909.0,111,1,191.94
15910.0,2,13,2284.06
15911.0,561,8,1683.79
15912.0,115,9,1074.7
15913.0,471,1,6.300000000000001
15914.0,315,2,205.99
15915.0,339,1,364.24
15916.0,14,11,2608.23
15917.0,185,5,530.17
15918.0,128,3,582.88
15919.0,306,1,214.07999999999998
15920.0,91,8,565.19
15921.0,110,4,765.61
15922.0,310,1,369.5
15923.0,310,1,127.08
15924.0,668,1,102.82
15925.0,131,1,207.15
15926.0,479,1,134.44
15927.0,584,1,106.54
15928.0,593,1,293.53
15929.0,581,1,594.0
15930.0,4,1,426.63
15931.0,365,1,239.9
15932.0,25,7,2195.65
15933.0,8,2,728.27
15934.0,355,2,2190.66
15935.0,176,1,108.03999999999999
15936.0,316,2,282.79
15937.0,1,1,145.35
15938.0,49,9,734.81
15939.0,27,15,9004.84
15940.0,248,1,35.8
15941.0,574,1,405.0
15942.0,71,1,337.44
15943.0,587,2,271.28999999999996
15944.0,214,4,2164.24
15945.0,302,4,646.27
15946.0,440,3,2304.18
15947.0,20,1,1708.24
15948.0,362,1,553.85
15949.0,8,1,237.04000000000002
15950.0,16,9,6702.62
15951.0,223,2,680.12
15952.0,6,3,558.64
15953.0,2,15,2858.79
15954.0,526,1,187.8
15955.0,3,19,6644.21
15956.0,488,2,617.6
15957.0,358,2,492.36
15958.0,11,4,462.12
15959.0,619,3,542.89
15960.0,311,4,410.95
15961.0,316,1,451.28999999999996
15962.0,386,1,289.48
15964.0,600,1,269.21000000000004
15965.0,304,10,2119.26
15966.0,388,1,426.53000000000003
15967.0,256,11,2730.22
15968.0,325,1,401.8
15969.0,123,3,769.65
15970.0,241,2,1017.32
15971.0,4,15,4284.88
15972.0,393,5,1769.33
15973.0,304,2,665.62
15974.0,32,6,2895.0099999999998
15975.0,21,1,371.01
15976.0,102,6,1680.31
15978.0,14,3,3279.42
15979.0,540,1,329.22
15980.0,26,7,6543.68
15981.0,14,20,8804.17
15982.0,542,1,324.51
15983.0,298,7,2783.62
15984.0,8,28,7663.1
15985.0,60,7,2715.28
15986.0,319,1,186.3
15987.0,58,7,1296.85
15988.0,489,2,579.61
15989.0,313,2,368.31
15990.0,224,6,1607.01
15991.0,471,1,150.55
15992.0,333,2,854.61
15994.0,349,2,761.4100000000001
15995.0,351,1,694.54
15996.0,25,7,1386.4
15998.0,24,15,7697.88
15999.0,673,1,20.4
16001.0,318,1,583.39
16002.0,562,1,169.21
16003.0,72,8,4672.36
16004.0,412,5,2146.39
16005.0,120,8,2061.77
16006.0,148,2,332.82
16007.0,5,6,2836.96
16008.0,12,14,5191.06
16009.0,97,1,441.59000000000003
16010.0,183,11,1694.86
16011.0,9,26,4703.89
16012.0,66,4,2695.42
16013.0,4,75,44807.24
16014.0,89,4,967.83
16016.0,17,8,1517.88
16017.0,354,4,1333.7
16018.0,117,3,451.13
16019.0,73,25,16495.170000000002
16020.0,2,1,518.8
16021.0,332,2,487.03
16022.0,197,1,602.63
16023.0,129,2,500.69
16024.0,349,2,232.96
16027.0,29,15,2048.36
16028.0,533,1,82.2
16029.0,1,101,98312.41
16030.0,247,1,331.24
16031.0,29,2,547.9
16032.0,393,6,1965.72
16033.0,3,25,9015.35
16034.0,133,6,911.3199999999999
16035.0,497,1,217.73
16036.0,24,4,2556.84
16037.0,207,5,1509.34
16038.0,114,2,393.33
16039.0,361,2,456.4
16040.0,2,7,2416.9
16041.0,78,2,2739.8
16042.0,45,5,1508.33
16043.0,148,7,1759.0900000000001
16044.0,372,1,340.84000000000003
16045.0,57,8,3434.9300000000003
16046.0,499,1,235.78
16048.0,310,4,818.7900000000001
16049.0,12,4,1261.45
16050.0,111,3,300.7
16051.0,619,1,188.44
16053.0,59,5,3247.08
16054.0,82,4,2111.88
16055.0,158,1,134.8
16057.0,33,9,3135.96
16058.0,343,1,62.7
16059.0,3,12,3053.57
16060.0,338,3,541.95
16061.0,368,1,89.65
16062.0,71,7,2487.97
16063.0,197,1,335.32
16064.0,662,1,109.31
16065.0,302,8,1992.13
16066.0,61,1,316.38
16067.0,500,3,3269.11
16068.0,531,1,115.73
16069.0,355,1,457.7
16071.0,464,3,750.5600000000001
16072.0,225,4,4180.09
16073.0,234,1,122.39999999999999
16074.0,327,1,252.5
16075.0,440,2,736.9300000000001
16076.0,17,6,1455.81
16077.0,563,1,2300.4
16078.0,221,2,362.99
16080.0,19,4,602.5600000000001
16081.0,24,7,4071.46
16082.0,607,1,106.75
16083.0,38,4,2351.42
16084.0,236,1,436.18
16085.0,16,10,1962.85
16086.0,35,9,2466.04
16087.0,326,5,1739.92
16088.0,513,2,1437.43
16089.0,323,2,263.49
16090.0,561,1,180.56
16091.0,92,2,315.06
16092.0,52,6,1587.94
16093.0,44,1,17.0
16094.0,156,8,2869.43
16095.0,393,1,447.05
16096.0,201,4,1584.97
16097.0,177,1,185.04999999999998
16098.0,25,14,4010.7
16099.0,75,6,1433.4
16100.0,400,1,582.64
16101.0,8,4,3229.16
16102.0,36,2,1392.8400000000001
16103.0,17,21,6175.21
16104.0,356,8,2476.25
16105.0,186,5,2386.19
16106.0,3,1,108.38
16107.0,27,4,1810.72
16108.0,22,4,2235.92
16109.0,156,3,939.48
16110.0,199,3,1138.82
16111.0,365,1,549.33
16112.0,80,4,195.73999999999998
16113.0,120,1,161.38
16114.0,108,1,135.75000000000003
16115.0,9,10,2178.85
16116.0,149,1,612.78
16117.0,127,3,654.4
16118.0,590,1,4376.25
16119.0,10,7,1606.93
16120.0,359,2,1658.3700000000001
16121.0,153,4,881.32
16122.0,10,6,895.62
16124.0,254,4,1772.49
16125.0,304,14,4292.35
16126.0,39,14,12063.53
16127.0,664,1,145.06
16128.0,14,9,3332.89
16129.0,344,3,1396.05
16130.0,359,4,987.48
16131.0,53,10,8729.38
16132.0,481,2,664.1999999999999
16133.0,8,48,20481.49
16134.0,296,4,1810.78
16135.0,200,2,819.45
16136.0,15,3,540.06
16137.0,617,1,422.7
16138.0,316,3,910.35
16139.0,49,4,782.11
16140.0,3,3,1433.46
16141.0,25,2,955.94
16142.0,187,1,535.34
16143.0,45,11,4079.5
16144.0,184,1,175.2
16145.0,11,17,5947.88
16146.0,94,4,946.38
16147.0,71,5,2398.91
16148.0,233,2,386.62
16149.0,79,2,305.38
16150.0,26,9,3697.68
16152.0,206,1,1829.04
16153.0,53,10,4332.8
16155.0,319,5,796.9
16156.0,22,17,5191.59
16157.0,10,1,168.32
16158.0,459,9,628.32
16159.0,219,4,1232.79
16160.0,2,2,1025.44
16161.0,15,38,10920.98
16162.0,189,1,37.4
16163.0,169,6,2407.98
16165.0,442,1,79.9
16166.0,365,2,435.83
16167.0,351,5,1386.1200000000001
16168.0,12,58,9368.21
16169.0,13,1,587.46
16170.0,50,19,6544.61
16172.0,32,8,1884.55
16173.0,15,3,744.25
16174.0,63,7,2246.75
16175.0,31,7,1836.44
16176.0,358,4,2052.69
16177.0,374,7,1915.36
16178.0,75,2,612.6
16180.0,37,13,16249.87
16181.0,10,1,305.54
16182.0,9,9,9971.65
16183.0,4,4,1077.81
16184.0,1,6,1158.79
16185.0,170,2,450.31
16186.0,4,24,8074.2300000000005
16187.0,12,13,6282.1900000000005
16188.0,78,4,860.83
16189.0,22,1,144.48
16190.0,332,7,2508.4700000000003
16191.0,200,19,13112.980000000001
16192.0,673,1,351.3
16193.0,174,2,630.43
16194.0,312,1,308.59999999999997
16195.0,660,1,323.25
16196.0,426,1,93.3
16197.0,406,9,2016.71
16198.0,12,2,1030.04
16199.0,329,7,942.75
16200.0,101,11,5089.8
16201.0,47,2,552.45
16202.0,298,9,2501.9900000000002
16203.0,85,5,729.24
16204.0,317,2,534.53
16205.0,5,5,1487.63
16206.0,62,12,2449.92
16208.0,226,9,3273.78
16209.0,26,9,4146.78
16210.0,1,28,24780.29
16211.0,26,3,1090.59
16212.0,220,3,1101.52
16213.0,16,1,159.0
16214.0,108,4,2038.25
16215.0,18,1,242.35
16216.0,204,1,914.9300000000001
16217.0,172,2,304.25
16218.0,52,12,3519.47
16219.0,438,1,40.8
16221.0,213,8,1472.98
16222.0,255,2,1272.05
16223.0,312,2,1087.05
16224.0,78,4,1187.12
16225.0,87,14,2716.63
16226.0,140,5,672.1700000000001
16227.0,162,3,1027.22
16228.0,322,3,885.71
16229.0,24,6,2867.86
16230.0,127,2,542.03
16231.0,316,4,1074.47
16232.0,80,6,2447.13
16233.0,8,9,1818.31
16234.0,413,3,333.18
16235.0,124,7,1851.69
16236.0,15,1,432.2
16237.0,374,1,136.65
16238.0,360,1,63.66
16239.0,127,5,1425.9
16240.0,14,1,1824.79
16241.0,33,13,3177.93
16242.0,3,11,5494.12
16244.0,149,2,1522.75
16245.0,59,2,769.7
16246.0,397,2,821.35
16247.0,107,1,114.56
16249.0,50,4,1440.77
16250.0,198,3,565.24
16251.0,449,1,128.31
16252.0,320,1,295.09000000000003
16253.0,4,7,7222.2
16254.0,315,3,967.44
16255.0,33,14,4092.88
16256.0,204,3,1579.37
16257.0,114,1,21.95
16258.0,64,14,10480.07
16259.0,347,3,340.94
16261.0,12,5,856.76
16262.0,315,1,755.15
16263.0,360,1,348.16
16264.0,375,2,823.53
16265.0,48,10,5300.19
16266.0,11,14,1757.95
16267.0,528,1,186.66
16268.0,8,2,617.65
16269.0,375,1,717.57
16270.0,290,1,1141.24
16271.0,63,7,2846.61
16272.0,54,1,411.7
16273.0,585,2,318.34000000000003
16274.0,310,1,331.55
16275.0,134,3,2151.11
16276.0,114,3,2629.3900000000003
16277.0,671,1,188.69
16278.0,37,3,1117.84
16279.0,24,8,4919.68
16280.0,662,1,238.05
16281.0,9,3,3424.02
16282.0,277,3,1307.58
16283.0,5,7,4107.95
16284.0,330,1,205.8
16285.0,583,1,176.9
16286.0,414,2,328.95
16287.0,107,5,1006.98
16288.0,407,1,129.85
16289.0,399,1,136.31
16290.0,402,4,1957.7
16292.0,59,5,1253.76
16293.0,29,11,3484.54
16294.0,414,1,126.05000000000001
16295.0,2,1,355.9
16296.0,563,4,1313.67
16297.0,206,1,301.9
16298.0,124,5,601.8
16299.0,414,1,193.65
16300.0,367,3,1367.32
16301.0,674,1,107.33
16302.0,64,1,233.22
16303.0,53,6,6603.97
16304.0,632,1,381.66
16305.0,76,1,361.21999999999997
16306.0,151,7,1124.72
16307.0,366,3,1194.92
16308.0,45,6,4160.0
16309.0,43,2,706.57
16310.0,351,2,460.08
16312.0,369,1,171.15
16314.0,327,3,1491.4
16315.0,268,2,402.71
16316.0,1,13,5744.91
16317.0,57,5,2192.51
16319.0,155,1,404.40000000000003
16320.0,109,6,5628.99
16321.0,9,7,604.5500000000001
16323.0,133,2,353.66
16324.0,65,3,408.59000000000003
16325.0,92,11,3419.28
16326.0,13,19,3294.14
16327.0,17,15,9481.16
16328.0,500,1,310.83
16329.0,365,4,1664.92
16330.0,49,6,422.43
16331.0,369,6,2037.7
16332.0,9,8,1532.58
16333.0,3,19,19352.600000000002
16334.0,429,1,263.73
16335.0,489,7,2753.52
16336.0,358,4,3517.69
16338.0,94,1,214.79999999999998
16339.0,221,1,94.05
16340.0,44,3,1496.24
16341.0,23,5,3410.81
16342.0,12,4,322.41
16343.0,344,1,285.54
16344.0,95,4,842.42
16345.0,420,1,613.33
16346.0,322,1,224.51
16347.0,325,9,2595.51
16348.0,15,6,1340.12
16349.0,228,1,53.5
16350.0,2,8,2139.29
16351.0,270,13,3330.0299999999997
16353.0,6,31,7087.76
16354.0,0,5,1119.46
16355.0,312,1,416.35
16356.0,135,6,415.87
16357.0,99,3,467.44
16358.0,1,4,2486.4900000000002
16359.0,2,15,2587.02
16360.0,4,3,1448.02
16361.0,8,1,334.94
16362.0,28,4,572.82
16364.0,74,1,346.3
16365.0,60,13,2489.48
16366.0,519,3,1220.83
16367.0,300,2,716.9
16368.0,373,1,141.53
16369.0,18,6,1952.51
16370.0,19,4,1301.91
16371.0,386,1,157.2
16372.0,346,3,934.58
16373.0,319,2,309.49
16374.0,3,5,1709.55
16375.0,407,2,104.0
16377.0,204,2,1308.48
16378.0,184,3,362.95
16379.0,16,1,478.88
16381.0,333,2,247.85
16382.0,345,2,353.1
16383.0,12,7,2887.99
16384.0,27,4,1358.95
16385.0,95,4,600.3100000000001
16386.0,191,2,826.69
16387.0,260,5,882.46
16388.0,591,1,186.05
16389.0,15,3,1078.71
16390.0,474,3,467.5
16391.0,338,4,1048.86
16392.0,207,3,755.45
16393.0,31,19,4018.78
16394.0,9,4,1241.86
16395.0,16,13,3304.76
16396.0,413,1,137.8
16397.0,565,1,123.13
16398.0,91,2,1705.8
16399.0,172,2,398.81
16400.0,32,9,3059.85
16401.0,24,19,5522.79
16402.0,202,2,293.45
16403.0,249,1,177.5
16404.0,7,1,443.05
16405.0,239,2,167.25
16406.0,388,2,374.01
16407.0,11,13,2429.48
16408.0,528,1,231.93
16409.0,24,11,5043.89
16410.0,671,1,130.32
16411.0,306,3,673.24
16412.0,331,4,457.2
16413.0,313,1,259.83
16414.0,217,4,475.76
16415.0,521,2,496.49
16416.0,327,6,1906.48
16417.0,430,1,35.7
16418.0,30,4,765.98
16419.0,50,8,1463.7
16420.0,333,1,75.0
16421.0,313,3,526.27
16422.0,2,101,58042.21
16424.0,128,2,443.06
16425.0,239,1,302.7
16426.0,30,4,689.83
16427.0,200,2,241.06
16428.0,351,3,638.49
16429.0,43,1,284.55
16430.0,318,5,802.09
16431.0,150,3,623.28
16432.0,1,1,287.4
16433.0,346,1,200.26
16434.0,33,9,2060.73
16435.0,449,3,1003.0699999999999
16436.0,605,3,319.14
16437.0,318,2,301.25
16438.0,19,1,204.4
16439.0,659,1,310.70000000000005
16440.0,3,3,921.77
16441.0,4,5,1013.18
16442.0,165,4,715.11
16443.0,458,1,162.24
16444.0,32,16,3512.61
16445.0,324,3,352.65
16446.0,143,1,2.9
16447.0,73,3,727.1
16448.0,135,2,361.12
16449.0,135,2,707.69
16450.0,87,3,1505.73
16451.0,25,3,1013.15
16452.0,568,2,332.17
16453.0,468,2,251.71
16454.0,1,2,7.45
16455.0,1,11,3995.57
16456.0,36,13,6000.94
16457.0,155,1,208.36
16458.0,9,25,4693.21
16459.0,667,1,71.78999999999999
16460.0,10,2,508.61
16461.0,115,3,1539.83
16462.0,11,3,136.0
16463.0,141,1,319.37
16464.0,17,2,983.33
16465.0,358,2,746.24
16466.0,40,13,3170.76
16467.0,446,7,2869.16
16468.0,11,3,787.52
16469.0,24,4,625.97
16470.0,53,10,2203.21
16471.0,212,4,1189.98
16472.0,371,2,789.6
16473.0,102,4,470.83
16474.0,3,4,998.5400000000001
16475.0,25,4,544.3
16476.0,369,1,350.35
16477.0,1,11,4094.37
16478.0,2,2,235.9
16480.0,13,1,769.29
16481.0,619,1,453.38
16483.0,129,1,139.35
16484.0,111,2,404.3
16485.0,14,5,2287.19
16486.0,475,1,134.36
16487.0,514,2,209.4
16488.0,52,2,354.57
16489.0,317,2,303.7
16490.0,373,1,205.41000000000003
16491.0,350,1,801.66
16492.0,478,1,385.56
16493.0,17,7,2132.09
16494.0,234,1,826.53
16495.0,213,2,246.51
16496.0,145,5,1916.29
16497.0,140,22,5280.29
16498.0,98,2,100.97
16499.0,297,8,2578.34
16500.0,268,4,608.05
16501.0,320,1,1191.23
16502.0,557,2,258.55
16503.0,44,11,3614.34
16507.0,509,1,142.71
16508.0,567,1,240.95
16509.0,234,1,363.7
16510.0,309,6,1757.25
16511.0,82,5,1405.86
16515.0,29,9,2802.28
16517.0,214,1,162.7
16518.0,221,3,665.75
16519.0,302,3,327.68
16520.0,123,6,2148.38
16521.0,352,3,1136.36
16522.0,373,2,433.36
16523.0,16,22,9279.27
16524.0,383,2,306.19
16525.0,17,45,22625.0
16526.0,109,2,717.21
16527.0,18,2,1232.94
16529.0,127,4,1986.8
16530.0,605,1,48.349999999999994
16531.0,11,9,1943.17
16532.0,73,4,6524.639999999999
16533.0,5,1,364.22
16534.0,579,1,635.9
16535.0,322,1,358.28999999999996
16536.0,47,1,548.12
16537.0,578,1,10.55
16538.0,478,3,395.07
16539.0,157,9,2954.46
16540.0,351,1,205.75
16541.0,672,1,424.03
16542.0,338,1,137.7
16543.0,529,1,292.21
16544.0,457,4,376.70000000000005
16545.0,102,2,689.82
16546.0,228,5,5307.07
16547.0,483,1,104.25999999999999
16548.0,536,1,30.15
16549.0,26,27,9978.65
16550.0,46,18,8807.68
16551.0,33,7,2237.12
16552.0,180,2,379.73
16553.0,100,33,16584.01
16554.0,159,7,2318.73
16555.0,47,5,1781.77
16556.0,4,17,8012.58
16557.0,74,1,101.15
16558.0,0,34,10295.39
16559.0,334,1,175.0
16560.0,295,7,2539.15
16562.0,414,1,223.85999999999999
16563.0,337,5,3334.82
16564.0,506,1,87.8
16565.0,301,4,773.05
16566.0,107,3,463.88
16567.0,131,2,865.6
16568.0,365,2,1020.9000000000001
16569.0,568,4,1331.03
16570.0,64,16,5829.9800000000005
16571.0,113,9,3723.84
16572.0,64,3,1009.6
16573.0,22,2,663.61
16574.0,8,3,1301.78
16576.0,357,2,540.87
16577.0,604,1,380.0
16578.0,563,1,156.6
16579.0,363,1,295.05
16581.0,120,1,105.84
16582.0,50,1,313.62
16583.0,311,2,297.95
16584.0,17,5,3156.17
16585.0,531,2,341.59
16586.0,186,3,1462.78
16587.0,169,1,225.15
16588.0,323,4,1361.28
16589.0,8,4,612.36
16590.0,338,2,605.9
16591.0,6,1,213.5
16592.0,74,22,5908.5599999999995
16593.0,127,7,996.61
16594.0,12,1,181.09
16595.0,313,4,1397.59
16596.0,303,3,329.48
16598.0,223,1,145.04999999999998
16599.0,323,1,172.8
16600.0,11,10,1693.09
16601.0,328,2,434.3
16602.0,326,1,235.25
16603.0,12,2,482.47
16604.0,500,2,432.45
16605.0,661,1,60.48
16606.0,341,2,357.66
16607.0,10,22,4941.1
16608.0,391,2,1286.6200000000001
16609.0,25,6,4029.82
16610.0,156,1,75.66
16611.0,123,6,1785.13
16612.0,56,8,2928.07
16613.0,7,1,618.59
16614.0,120,3,1179.79
16615.0,563,1,291.5
16616.0,94,1,210.10000000000002
16617.0,173,1,151.85
16618.0,148,4,1441.29
16619.0,201,4,1938.33
16620.0,198,5,1675.73
16621.0,85,3,609.41
16622.0,481,1,225.4
16623.0,183,4,1015.24
16624.0,18,2,810.5699999999999
16625.0,212,5,1654.03
16626.0,6,10,2852.64
16627.0,16,1,322.8
16628.0,44,6,1749.89
16629.0,11,2,408.63
16630.0,344,1,106.80000000000001
16631.0,419,7,1892.52
16632.0,423,2,406.4
16633.0,15,4,1509.0
16634.0,160,6,1649.81
16635.0,344,1,473.0
16636.0,375,4,3802.04
16637.0,61,2,530.55
16638.0,36,14,2250.35
16639.0,144,3,961.62
16640.0,335,1,179.4
16641.0,43,2,554.5
16642.0,145,2,696.85
16643.0,183,2,923.11
16644.0,115,2,833.78
16645.0,673,1,160.39
16646.0,386,1,678.8
16647.0,107,4,541.9
16648.0,393,2,382.14
16649.0,457,1,306.58000000000004
16650.0,9,7,1916.11
16651.0,524,1,136.2
16652.0,47,14,15302.29
16653.0,8,1,1117.86
16654.0,78,8,1484.07
16655.0,12,11,5539.94
16656.0,17,27,15677.630000000001
16657.0,86,2,414.79
16658.0,305,5,680.83
16659.0,126,1,39.12
16660.0,148,5,996.26
16661.0,477,4,932.76
16662.0,331,1,151.05
16663.0,666,1,165.0
16664.0,506,1,109.2
16665.0,299,1,135.39999999999998
16666.0,558,1,98.73
16667.0,5,2,567.1800000000001
16668.0,54,12,822.22
16669.0,15,1,720.94
16670.0,43,17,7174.22
16671.0,102,1,1382.88
16672.0,10,18,7327.34
16673.0,616,1,171.13
16674.0,35,1,115.1
16675.0,379,2,608.86
16676.0,150,5,1868.28
16677.0,348,2,880.62
16678.0,36,8,2137.3
16679.0,303,3,663.31
16680.0,465,2,637.75
16681.0,10,7,1921.84
16682.0,29,3,810.22
16683.0,471,1,320.25
16684.0,3,48,132420.13
16686.0,35,15,4321.13
16687.0,328,1,157.63
16689.0,13,2,422.59999999999997
16690.0,9,4,353.03
16691.0,355,2,178.83
16692.0,193,4,1764.6999999999998
16693.0,6,5,1179.48
16694.0,660,1,98.30000000000001
16695.0,499,2,191.9
16696.0,72,4,657.9000000000001
16697.0,178,1,112.75
16698.0,164,2,1998.0
16699.0,317,7,994.6
16700.0,18,23,8177.84
16701.0,67,23,8568.85
16702.0,352,4,1109.53
16704.0,555,2,664.16
16705.0,11,34,39640.83
16706.0,35,2,411.55
16707.0,337,4,533.41
16709.0,22,14,9056.01
16710.0,11,20,5538.14
16711.0,77,7,2127.32
16712.0,32,10,3111.37
16713.0,4,30,12495.54
16714.0,254,3,1482.33
16715.0,15,2,625.52
16716.0,204,3,2149.6800000000003
16717.0,33,12,4380.26
16718.0,306,5,3006.08
16719.0,12,13,3222.15
16720.0,313,2,413.79
16721.0,199,1,292.47
16722.0,3,20,7429.83
16723.0,28,4,1231.36
16724.0,342,1,147.35
16725.0,239,13,1686.81
16726.0,133,6,1482.3
16727.0,301,4,1377.77
16728.0,104,3,548.31
16729.0,8,19,6148.73
16730.0,172,2,480.94
16731.0,585,1,170.3
16732.0,340,3,3783.89
16733.0,467,1,259.68
16734.0,51,2,302.40999999999997
16735.0,16,14,6217.41
16736.0,443,5,2956.56
16737.0,515,1,417.59999999999997
16738.0,235,1,3.75
16739.0,114,2,786.43
16740.0,332,1,226.91
16741.0,562,1,173.06
16742.0,430,13,2334.97
16743.0,50,13,3859.92
16744.0,13,4,620.18
16745.0,24,17,7180.7
16746.0,12,38,16669.24
16747.0,5,1,480.2
16748.0,155,12,3031.63
16749.0,528,2,4157.88
16750.0,10,4,509.19
16752.0,310,1,207.5
16754.0,309,29,65500.07
16755.0,51,7,2864.68
16756.0,152,7,1312.3700000000001
16757.0,256,2,270.48
16758.0,2,1,369.34000000000003
16760.0,367,1,228.0
16761.0,34,1,316.62
16762.0,81,1,314.15000000000003
16763.0,136,2,964.6999999999999
16764.0,1,7,1321.93
16765.0,231,2,454.75
16766.0,210,2,1145.6
16767.0,31,11,7297.31
16768.0,41,8,1506.97
16769.0,197,4,1117.05
16770.0,174,8,1671.21
16771.0,12,9,3776.8
16772.0,360,3,3698.0499999999997
16773.0,373,2,249.65
16774.0,5,8,1567.48
16775.0,9,14,2487.41
16776.0,353,1,220.97
16777.0,17,5,1292.18
16778.0,11,2,245.94
16779.0,8,47,29465.59
16780.0,37,3,596.4
16781.0,309,2,623.0
16782.0,15,35,9160.52
16783.0,374,1,391.95
16784.0,314,4,784.73
16785.0,347,1,533.78
16786.0,331,1,51.839999999999996
16787.0,335,4,1017.53
16788.0,60,5,1927.28
16791.0,59,13,3030.97
16792.0,219,5,623.46
16794.0,26,10,1550.75
16795.0,302,3,2062.41
16796.0,26,1,305.62
16797.0,330,5,1802.02
16798.0,491,3,841.16
16799.0,369,2,452.78000000000003
16801.0,100,4,1594.23
16802.0,616,2,582.61
16803.0,2,1,332.3
16804.0,207,1,118.05
16805.0,111,4,1076.34
16806.0,40,4,736.21
16807.0,80,6,2123.88
16808.0,36,2,288.42
16809.0,73,7,1283.43
16810.0,129,2,842.0400000000001
16812.0,298,4,2392.0
16813.0,15,8,1259.09
16814.0,1,33,11302.56
16815.0,391,2,406.02
16816.0,40,4,417.06
16817.0,123,11,2135.38
16818.0,8,10,3221.81
16819.0,402,2,182.59
16820.0,33,1,497.61
16821.0,319,1,113.35
16822.0,623,1,181.39
16823.0,164,7,2243.09
16824.0,101,2,448.5
16825.0,123,4,1370.41
16827.0,330,5,387.18
16828.0,49,1,113.5
16829.0,94,2,513.32
16830.0,380,3,881.59
16831.0,502,1,91.8
16832.0,121,5,417.61
16833.0,197,5,1973.8
16834.0,165,2,898.96
16835.0,65,6,1456.66
16836.0,54,3,621.82
16837.0,95,9,1911.74
16838.0,134,4,1159.61
16839.0,1,36,18144.56
16840.0,540,2,139.85
16841.0,74,11,3697.3
16842.0,38,3,1264.19
16843.0,2,34,19193.78
16844.0,500,2,614.34
16845.0,555,1,253.88
16846.0,514,2,628.09
16847.0,555,1,421.45000000000005
16848.0,314,3,1130.2
16849.0,124,1,124.57
16850.0,271,1,332.41
16852.0,113,1,113.06
16854.0,354,2,1408.96
16856.0,355,2,323.09000000000003
16857.0,380,1,352.8
16858.0,306,10,4292.59
16859.0,82,7,1932.41
16860.0,390,3,1610.62
16861.0,95,4,843.63
16862.0,484,4,662.33
16863.0,304,2,495.72
16864.0,371,2,409.25
16865.0,339,1,130.95
16866.0,78,3,207.73999999999998
16867.0,627,1,76.74000000000001
16868.0,331,3,384.56
16869.0,103,2,387.68
16870.0,406,1,450.15999999999997
16871.0,26,5,2367.26
16872.0,14,6,1213.13
16873.0,64,10,11365.24
16874.0,316,1,209.89000000000001
16875.0,4,11,4234.53
16876.0,341,1,136.01
16877.0,89,2,188.98
16878.0,21,1,13.3
16880.0,37,7,1414.9
16881.0,4,1,432.0
16882.0,4,3,705.12
16883.0,124,19,2246.06
16884.0,494,2,641.13
16885.0,294,2,410.89
16886.0,393,1,134.0
16887.0,338,2,465.84000000000003
16888.0,338,3,434.2
16889.0,132,6,2526.65
16890.0,414,3,277.91
16891.0,33,9,1501.3
16892.0,121,3,339.54
16893.0,304,2,249.47
16894.0,439,3,1306.96
16895.0,2,5,1102.9
16896.0,492,1,103.95
16897.0,236,2,289.78
16898.0,114,4,697.95
16899.0,27,6,1012.44
16900.0,0,1,752.6800000000001
16901.0,666,1,204.26
16902.0,53,1,1706.88
16903.0,317,2,678.55
16904.0,46,18,3951.36
16905.0,174,13,2488.85
16906.0,19,7,1410.07
16907.0,85,8,1201.1200000000001
16908.0,659,1,252.59
16909.0,9,1,379.14
16910.0,0,5,890.9
16911.0,573,2,255.25
16912.0,5,14,4304.08
16913.0,227,3,423.90999999999997
16915.0,64,9,1303.89
16916.0,309,3,530.14
16917.0,214,2,1851.88
16918.0,0,15,3168.7400000000002
16919.0,93,24,4909.66
16920.0,348,1,355.45
16921.0,379,2,255.03
16922.0,510,1,611.08
16923.0,6,28,11501.6
16924.0,2,2,523.65
16925.0,477,1,125.65
16926.0,308,5,1169.6100000000001
16927.0,53,3,543.05
16928.0,17,26,3798.08
16929.0,9,3,539.72
16930.0,5,2,205.45000000000002
16931.0,12,17,3631.32
16932.0,360,2,262.32
16933.0,176,8,2760.8
16934.0,321,4,1152.1100000000001
16935.0,319,3,530.86
16936.0,323,1,286.39
16937.0,436,1,196.25
16938.0,117,8,6669.7300000000005
16939.0,426,3,433.85
16940.0,106,7,5246.14
16941.0,549,1,33.0
16942.0,73,7,1439.44
16943.0,149,3,816.73
16944.0,547,1,101.36
16945.0,22,28,7495.2
16946.0,320,5,1222.04
16947.0,173,4,946.71
16948.0,76,7,868.77
16949.0,123,4,893.75
16950.0,61,9,3133.62
16951.0,72,3,1277.75
16952.0,46,5,795.83
16954.0,62,15,5242.18
16955.0,122,6,1120.31
16957.0,176,2,416.64
16958.0,372,1,778.49
16959.0,24,1,117.35000000000001
16960.0,190,6,1683.41
16961.0,53,3,794.56
16962.0,347,1,251.04
16963.0,124,1,110.55000000000001
16964.0,670,2,207.85
16965.0,164,1,192.07
16966.0,107,4,1486.56
16967.0,126,1,319.02
16968.0,45,1,253.31
16969.0,71,2,478.96000000000004
16970.0,563,1,71.4
16972.0,320,2,749.0
16973.0,323,1,127.0
16974.0,460,2,365.5
16975.0,360,3,926.12
16976.0,204,1,251.51999999999998
16977.0,332,4,496.0
16978.0,15,3,768.88
16979.0,85,5,1563.39
16980.0,192,3,1422.8300000000002
16983.0,34,9,2770.0099999999998
16984.0,25,9,10350.53
16985.0,25,21,9539.48
16986.0,382,9,3015.55
16987.0,107,7,1512.1
16988.0,317,1,256.55
16989.0,0,4,1027.65
16990.0,156,2,344.0
16991.0,358,1,1041.21
16992.0,36,11,4834.54
16993.0,401,2,1950.9499999999998
16996.0,58,8,1708.43
16997.0,225,3,702.0
16998.0,87,5,402.0
16999.0,11,1,245.83
17000.0,333,2,406.3
17001.0,29,16,5444.72
17002.0,23,7,2571.55
17003.0,339,4,828.21
17004.0,30,3,1917.82
17005.0,408,2,622.36
17006.0,13,5,1134.25
17007.0,92,6,805.61
17008.0,366,1,81.36
17009.0,488,1,242.06
17011.0,584,2,400.8
17012.0,662,1,360.61
17014.0,4,1,188.05
17015.0,8,2,1566.03
17016.0,514,1,552.4
17017.0,10,24,10129.05
17018.0,263,5,1772.6
17019.0,199,10,3324.84
17020.0,479,2,935.62
17021.0,379,6,1182.22
17022.0,370,1,189.0
17023.0,354,3,800.18
17024.0,36,2,56.25
17025.0,310,4,1152.87
17026.0,122,3,175.82999999999998
17027.0,16,9,1310.63
17028.0,518,3,1593.83
17029.0,48,7,2137.3
17030.0,1,1,146.87
17031.0,92,5,2619.45
17032.0,540,5,2896.69
17033.0,23,4,1332.79
17034.0,17,4,895.78
17035.0,183,4,613.59
17036.0,320,1,176.9
17037.0,25,1,1267.32
17038.0,352,1,630.77
17039.0,541,1,1954.99
17040.0,75,2,463.25
17041.0,46,5,1334.6
17042.0,58,4,915.02
17043.0,115,6,1183.44
17044.0,312,11,11013.82
17045.0,50,5,827.6800000000001
17046.0,94,5,1906.07
17047.0,22,6,2289.23
17048.0,55,7,2071.68
17049.0,21,16,7529.34
17050.0,33,11,4648.59
17051.0,131,4,706.49
17053.0,68,1,498.48
17054.0,75,4,1207.32
17055.0,383,1,232.85
17056.0,675,1,128.60000000000002
17057.0,533,1,288.79
17058.0,19,3,1179.89
17059.0,47,8,4021.28
17060.0,203,1,234.24
17061.0,11,11,5232.2300000000005
17062.0,251,6,884.71
17063.0,100,10,2849.26
17064.0,120,2,457.40000000000003
17065.0,575,2,194.7
17066.0,663,1,228.34
17067.0,662,3,454.54
17068.0,1,44,8363.08
17069.0,15,12,4866.44
17070.0,51,2,437.42
17071.0,25,11,3058.9
17072.0,562,1,273.35
17073.0,19,2,841.1899999999999
17074.0,500,1,203.05
17075.0,190,9,2098.58
17076.0,211,5,735.87
17077.0,515,1,306.0
17079.0,15,1,118.80000000000001
17080.0,207,6,746.23
17081.0,333,4,660.48
17082.0,255,5,3365.12
17083.0,46,9,4049.79
17084.0,333,1,2253.22
17085.0,60,28,7839.27
17086.0,1,1,412.47
17087.0,675,1,221.53
17088.0,10,3,1751.73
17089.0,323,1,128.45
17090.0,25,11,2553.7400000000002
17091.0,35,17,6359.99
17092.0,25,10,4723.3
17093.0,530,1,235.88
17094.0,259,2,402.20000000000005
17095.0,236,6,1792.05
17096.0,80,9,3119.7400000000002
17097.0,37,7,828.47
17098.0,319,3,591.0699999999999
17099.0,470,1,582.17
17101.0,115,4,1115.9
17102.0,199,1,25.5
17103.0,659,1,424.3
17104.0,361,1,474.03
17105.0,96,2,665.78
17106.0,326,1,481.58
17107.0,12,8,13754.06
17108.0,601,1,174.95
17109.0,169,4,875.01
17110.0,102,3,499.9
17111.0,362,1,227.97
17112.0,440,1,197.57
17113.0,511,6,2305.59
17114.0,76,6,601.9399999999999
17115.0,120,6,2536.81
17116.0,585,1,389.78
17117.0,225,1,116.19999999999999
17118.0,255,1,157.02
17120.0,170,1,307.46
17121.0,340,1,314.74
17122.0,56,4,570.5
17123.0,99,3,966.67
17124.0,122,1,294.24
17126.0,89,9,2008.93
17127.0,366,5,1155.0300000000002
17128.0,272,1,157.09
17129.0,457,1,31.85
17131.0,13,1,789.77
17132.0,389,2,1220.9099999999999
17133.0,24,9,13867.78
17134.0,44,3,625.3
17135.0,227,5,1077.2
17136.0,599,1,231.68
17137.0,353,6,1099.81
17138.0,213,7,4417.27
17139.0,1,23,18458.64
17140.0,184,1,454.12
17141.0,355,4,727.58
17142.0,176,4,1275.25
17143.0,354,2,880.97
17144.0,22,1,595.89
17145.0,450,4,3120.91
17146.0,43,13,5852.64
17147.0,18,8,2834.66
17149.0,388,1,143.10000000000002
17150.0,314,6,1357.95
17151.0,672,1,231.90000000000003
17152.0,132,4,2016.5
17154.0,12,1,329.34
17155.0,115,6,784.0600000000001
17156.0,429,1,591.87
17157.0,113,18,4994.36
17158.0,170,4,1411.58
17159.0,12,4,1487.38
17160.0,46,16,9692.31
17161.0,381,1,856.01
17162.0,68,9,1463.66
17163.0,15,3,529.78
17164.0,17,4,2016.26
17165.0,221,6,1794.32
17166.0,141,1,127.59
17167.0,317,3,867.11
17168.0,436,1,400.2
17169.0,120,2,629.63
17170.0,311,2,178.68
17171.0,226,2,384.59
17172.0,16,3,956.5699999999999
17173.0,54,2,961.26
17174.0,155,1,59.9
17175.0,78,3,1132.6299999999999
17176.0,139,3,902.3199999999999
17177.0,442,1,119.5
17178.0,668,1,432.96
17179.0,115,6,1507.26
17180.0,178,10,2005.6
17181.0,311,2,225.45000000000002
17182.0,360,2,321.3
17183.0,42,1,329.67
17184.0,506,2,198.41000000000003
17185.0,529,3,229.46
17187.0,164,2,467.71
17188.0,101,11,3933.79
17189.0,43,5,953.63
17190.0,144,6,1474.99
17191.0,32,14,3778.17
17192.0,473,1,75.28
17193.0,24,5,1358.3400000000001
17194.0,298,2,776.66
17195.0,592,1,562.98
17196.0,365,1,327.75
17198.0,302,2,521.66
17199.0,519,1,135.04000000000002
17200.0,324,4,356.71
17201.0,461,3,842.8199999999999
17202.0,358,1,160.65
17203.0,325,4,2004.01
17204.0,112,9,5504.6900000000005
17205.0,353,2,615.27
17207.0,589,1,291.77
17208.0,333,1,111.15
17209.0,586,3,595.7
17210.0,330,1,251.72
17211.0,117,11,2921.02
17212.0,190,3,794.41
17213.0,78,11,3868.18
17214.0,23,5,862.42
17215.0,401,1,186.15
17216.0,491,1,63.6
17217.0,171,2,210.1
17218.0,8,15,3293.02
17219.0,354,1,144.9
17220.0,8,18,3873.87
17221.0,529,3,642.14
17222.0,2,6,1563.6100000000001
17223.0,247,3,523.04
17224.0,438,1,100.86
17225.0,519,1,131.15
17226.0,246,3,895.47
17227.0,7,10,1552.81
17228.0,1,11,2402.5
17229.0,33,2,318.76
17230.0,201,18,9388.49
17231.0,1,23,6226.97
17233.0,385,2,369.98
17234.0,120,1,149.89000000000001
17235.0,309,7,1354.82
17236.0,116,11,1710.86
17237.0,313,2,679.44
17238.0,21,27,5819.95
17239.0,250,4,1189.45
17240.0,533,1,130.6
17241.0,322,12,2736.64
17242.0,45,5,2889.28
17243.0,16,60,16225.69
17244.0,320,4,871.14
17245.0,142,2,371.63
17246.0,484,2,38.92
17248.0,57,2,500.54
17249.0,366,1,68.03
17250.0,198,1,162.65
17251.0,300,3,798.98
17252.0,54,2,348.91
17254.0,338,1,198.29
17255.0,236,3,598.48
17256.0,44,5,498.93
17257.0,373,2,189.78
17258.0,334,2,417.3
17259.0,85,6,1452.39
17260.0,348,1,120.95
17261.0,447,1,221.59
17262.0,164,10,2190.76
17263.0,145,1,63.440000000000005
17264.0,361,1,268.28
17265.0,76,2,550.01
17266.0,85,3,318.2
17267.0,64,2,317.2
17268.0,45,11,1733.8899999999999
17269.0,323,1,491.81
17270.0,406,2,601.4499999999999
17271.0,673,1,204.3
17272.0,136,2,1409.44
17273.0,361,1,141.12
17274.0,333,1,465.4
17275.0,320,1,114.1
17276.0,339,1,501.24
17277.0,165,2,1065.3500000000001
17278.0,178,2,271.24
17280.0,375,1,118.85999999999999
17281.0,311,6,797.8499999999999
17282.0,67,5,2308.54
17283.0,316,1,188.46
17284.0,58,6,2400.16
17285.0,565,2,400.44
17286.0,337,2,237.81
17287.0,11,20,3658.1
17288.0,144,9,1714.5
17289.0,117,7,1275.23
17290.0,319,6,914.47
17291.0,245,1,550.8000000000001
17292.0,409,2,271.75
17293.0,22,14,3013.94
17294.0,606,2,467.78999999999996
17295.0,2,1,279.36
17296.0,667,1,338.13
17298.0,38,5,938.36
17299.0,26,5,902.17
17300.0,328,2,393.64
17301.0,561,1,131.15
17302.0,60,3,661.61
17303.0,298,1,250.04
17304.0,471,1,111.5
17305.0,586,1,2135.46
17306.0,8,18,8357.28
17307.0,332,11,3999.8900000000003
17308.0,330,2,4511.76
17309.0,32,3,320.39
17310.0,324,2,1025.1
17311.0,15,6,3566.56
17312.0,76,3,644.3
17314.0,86,14,3883.43
17315.0,12,35,8215.16
17316.0,357,1,124.45
17317.0,27,1,2027.94
17318.0,662,1,157.32999999999998
17319.0,606,1,29.1
17320.0,37,6,2444.85
17321.0,5,5,1623.96
17322.0,313,5,922.59
17323.0,62,9,1172.07
17324.0,269,10,1886.82
17325.0,217,3,609.5699999999999
17326.0,345,2,312.35
17327.0,347,2,152.35
17328.0,610,1,104.7
17329.0,252,4,718.78
17330.0,5,3,324.8
17331.0,61,1,175.2
17332.0,465,5,827.77
17333.0,23,1,494.25
17334.0,239,3,635.15
17335.0,321,2,497.04
17336.0,409,1,81.12
17337.0,88,4,1979.61
17338.0,51,16,10554.67
17339.0,31,3,302.36
17340.0,17,17,15724.16
17341.0,94,5,1272.21
17342.0,317,4,1227.54
17343.0,292,6,1259.94
17344.0,666,1,299.74
17345.0,30,9,1348.12
17346.0,40,19,3597.31
17347.0,23,1,228.96
17348.0,9,6,1935.0
17349.0,116,5,772.41
17350.0,331,3,612.38
17351.0,106,11,1804.53
17352.0,633,1,36.25
17353.0,66,4,3242.0
17354.0,365,3,1740.8999999999999
17355.0,323,1,273.31
17356.0,249,5,946.47
17358.0,240,5,861.01
17359.0,585,1,156.6
17360.0,121,4,953.17
17361.0,123,4,647.51
17362.0,176,7,1024.04
17363.0,332,3,920.46
17364.0,74,23,10127.65
17365.0,25,13,6875.37
17366.0,369,2,1077.24
17367.0,175,1,167.55
17368.0,30,12,2484.49
17369.0,393,1,979.1999999999999
17370.0,10,4,446.18
17371.0,298,4,325.11
17372.0,103,25,4034.91
17373.0,8,6,954.1
17374.0,156,3,727.11
17375.0,136,4,660.55
17376.0,8,4,453.64
17377.0,12,69,15893.49
17378.0,311,1,10.95
17380.0,371,3,645.0
17381.0,4,36,35495.05
17382.0,2,8,902.28
17383.0,390,1,110.69999999999999
17384.0,156,2,398.8
17386.0,36,6,1823.69
17388.0,15,11,2675.37
17389.0,11,53,38977.19
17390.0,358,1,149.3
17391.0,101,2,508.8
17392.0,244,3,579.92
17393.0,348,2,381.15
17394.0,156,1,203.86999999999998
17395.0,445,1,97.5
17396.0,4,12,7896.6
17397.0,353,1,516.87
17398.0,52,3,653.38
17400.0,63,8,4623.28
17401.0,478,1,114.85
17402.0,22,19,3849.36
17403.0,388,1,118.95
17404.0,25,18,40864.68
17405.0,10,2,883.01
17406.0,270,13,4186.95
17407.0,349,1,552.9
17408.0,100,3,316.09000000000003
17409.0,122,10,7793.51
17410.0,33,2,419.55
17411.0,13,4,1215.88
17412.0,133,13,3671.98
17413.0,342,2,560.14
17414.0,122,5,2069.52
17415.0,17,1,507.84
17416.0,15,21,16283.84
17417.0,486,1,164.18
17418.0,261,2,373.99
17419.0,2,15,5025.23
17420.0,108,5,746.26
17421.0,323,3,1059.41
17422.0,30,10,3314.36
17423.0,155,2,869.96
17426.0,28,11,7321.1
17427.0,9,1,100.8
17428.0,1,40,29518.78
17429.0,65,5,1357.46
17430.0,302,3,469.40999999999997
17431.0,250,1,403.3
17432.0,322,7,1363.23
17433.0,25,2,569.96
17434.0,22,1,499.56
17435.0,348,1,331.35
17436.0,164,4,440.15999999999997
17437.0,467,1,369.68
17438.0,191,5,1422.77
17439.0,593,1,325.74
17440.0,94,4,323.58
17441.0,669,1,293.35
17442.0,31,14,4293.43
17443.0,157,1,534.24
17444.0,89,2,2389.1
17446.0,114,2,120.9
17447.0,9,1,372.48
17448.0,466,41,14448.67
17449.0,32,10,3843.49
17450.0,8,38,211416.44
17451.0,19,2,560.98
17453.0,1,1,341.99999999999994
17454.0,129,10,1547.94
17455.0,141,1,131.7
17456.0,302,2,975.5600000000001
17457.0,64,14,5984.8099999999995
17458.0,319,1,213.08
17460.0,31,16,2157.9700000000003
17462.0,221,1,463.40999999999997
17463.0,113,5,1886.99
17464.0,95,3,907.14
17465.0,363,7,2542.79
17466.0,16,1,460.41
17467.0,332,1,102.6
17468.0,312,1,57.8
17469.0,10,16,4672.35
17470.0,64,10,2317.87
17471.0,412,1,321.65000000000003
17472.0,128,4,922.35
17473.0,346,2,607.0
17474.0,537,1,1047.0
17475.0,16,1,194.37
17476.0,333,2,489.86
17477.0,550,2,1144.3
17478.0,345,2,1272.8
17479.0,570,1,389.26000000000005
17480.0,15,2,882.23
17481.0,31,1,260.63
17482.0,424,2,775.64
17483.0,2,4,591.73
17484.0,513,2,209.57
17486.0,198,1,396.87
17487.0,665,1,160.55
17488.0,578,1,336.5
17489.0,150,1,208.56
17490.0,1,6,1979.3999999999999
17491.0,11,14,4518.42
17492.0,185,3,1122.42
17493.0,322,1,100.91000000000001
17494.0,439,1,54.699999999999996
17495.0,328,1,309.16
17496.0,296,4,1412.89
17497.0,327,2,287.25
17498.0,13,1,272.22
17499.0,227,2,1341.39
17501.0,158,2,288.6
17504.0,143,18,9490.17
17505.0,99,5,2435.48
17506.0,13,1,302.2
17507.0,199,2,605.58
17508.0,218,8,4579.23
17509.0,0,6,4302.36
17510.0,358,1,206.07999999999998
17511.0,3,53,149331.72
17512.0,58,16,4434.7300000000005
17513.0,9,3,1158.8
17514.0,65,2,522.0
17515.0,143,8,1534.86
17516.0,56,5,788.27
17517.0,246,1,153.94
17518.0,363,2,329.42
17519.0,71,14,4418.15
17521.0,2,4,1052.6
17522.0,76,4,907.6899999999999
17524.0,298,3,539.14
17525.0,297,3,1161.9
17526.0,228,11,3616.14
17527.0,18,3,788.22
17528.0,8,2,1107.08
17529.0,547,2,1240.25
17530.0,22,9,2180.79
17531.0,127,3,1266.82
17532.0,323,1,65.34
17533.0,372,1,34.8
17534.0,388,4,1445.47
17535.0,217,1,164.4
17536.0,114,3,364.83
17537.0,240,1,620.75
17539.0,565,3,1161.84
17540.0,253,5,1280.5
17541.0,447,1,119.86
17542.0,207,3,340.85
17543.0,487,1,120.05
17544.0,327,3,944.82
17545.0,327,3,767.54
17547.0,313,2,727.85
17548.0,171,4,731.26
17550.0,134,9,2506.64
17551.0,296,1,290.34
17552.0,8,11,2770.27
17553.0,67,4,3757.6
17554.0,60,2,1249.89
17555.0,272,4,760.88
17556.0,143,2,300.67
17557.0,18,2,322.36
17558.0,330,1,259.17
17559.0,450,1,167.62
17560.0,32,9,1895.8
17561.0,328,3,537.9
17562.0,24,5,852.88
17563.0,515,2,392.38
17564.0,17,1,119.12
17565.0,524,1,131.83
17567.0,30,7,3432.05
17568.0,570,1,374.45
17569.0,269,1,344.14
17571.0,83,4,764.79
17572.0,8,10,652.21
17573.0,22,2,182.21
17574.0,180,1,185.65
17575.0,604,1,171.7
17576.0,10,38,7870.32
17577.0,582,2,348.75
17578.0,155,7,1047.33
17579.0,75,3,575.24
17580.0,190,5,538.07
17581.0,16,37,15284.2
17582.0,173,5,1446.95
17583.0,497,1,135.95
17584.0,64,5,4816.57
17585.0,46,7,2064.71
17586.0,556,1,167.4
17587.0,565,1,173.76
17588.0,37,7,2939.55
17589.0,88,17,13246.42
17591.0,10,8,2339.32
17592.0,676,1,148.3
17593.0,29,10,7414.12
17594.0,22,4,2497.88
17596.0,0,11,4032.21
17597.0,151,5,3484.09
17598.0,318,1,409.98
17599.0,415,1,52.05
17601.0,176,2,412.65999999999997
17602.0,22,11,4434.2
17603.0,15,4,1788.38
17604.0,154,6,942.38
17605.0,527,1,160.75
17606.0,674,1,87.30000000000001
17607.0,313,1,333.81
17608.0,386,2,296.07
17609.0,10,9,1519.18
17610.0,477,5,1511.94
17611.0,10,23,7320.03
17612.0,32,17,5029.35
17613.0,18,10,3766.53
17615.0,67,6,721.8
17616.0,111,4,734.4
17617.0,496,1,385.19
17618.0,185,10,3696.84
17619.0,249,1,214.37
17621.0,249,5,2697.0
17622.0,535,2,1130.21
17623.0,346,6,1838.72
17624.0,155,3,1125.45
17625.0,77,6,5185.63
17626.0,540,1,254.0
17627.0,416,1,296.36
17628.0,18,1,75.75
17629.0,4,8,2033.57
17630.0,107,2,503.59999999999997
17631.0,74,6,886.66
17633.0,9,6,1737.05
17634.0,29,7,2077.07
17635.0,361,3,1265.58
17637.0,52,1,338.95
17638.0,584,2,842.4
17639.0,213,6,615.17
17640.0,24,6,3168.94
17642.0,57,5,1824.49
17643.0,310,2,439.7
17644.0,15,17,5265.63
17646.0,156,12,3898.79
17647.0,2,3,331.65999999999997
17648.0,130,4,1526.26
17649.0,75,3,1578.89
17651.0,1,12,4474.87
17652.0,4,8,3643.84
17653.0,37,2,343.34
17654.0,214,1,117.55
17655.0,54,7,2240.77
17656.0,10,5,1674.69
17657.0,367,1,126.0
17658.0,148,1,317.59999999999997
17659.0,37,11,2240.56
17660.0,78,2,342.22
17662.0,599,2,412.92
17663.0,21,15,4660.7300000000005
17664.0,149,3,887.78
17665.0,430,1,563.1
17666.0,3,4,1728.72
17667.0,3,9,3950.7
17669.0,22,9,5930.35
17670.0,165,1,205.7
17671.0,95,4,1535.0
17672.0,246,5,3663.4100000000003
17673.0,4,12,4061.41
17674.0,11,2,551.04
17675.0,8,64,32393.37
17676.0,46,8,1808.3
17677.0,20,46,31416.26
17678.0,201,2,599.76
17679.0,23,6,3228.7
17680.0,320,2,313.05
17681.0,534,5,731.2
17682.0,52,10,3490.3
17683.0,323,3,819.01
17685.0,26,11,5062.55
17686.0,18,8,7667.4400000000005
17687.0,358,1,432.68
17688.0,331,1,304.2
17689.0,325,2,317.08
17690.0,2,17,5882.9800000000005
17691.0,295,4,637.5500000000001
17692.0,64,12,2960.44
17693.0,74,1,200.47
17694.0,79,3,1695.97
17695.0,69,5,1746.04
17696.0,45,26,7309.47
17697.0,173,1,338.95
17698.0,198,1,154.95
17699.0,414,2,442.0
17700.0,32,13,5827.16
17701.0,190,1,417.95
17702.0,46,5,2658.44
17703.0,46,3,787.06
17704.0,106,2,885.19
17705.0,12,9,1452.3
17706.0,37,26,17795.16
17707.0,122,8,609.3000000000001
17708.0,125,4,884.1800000000001
17709.0,107,5,671.01
17710.0,361,1,293.5
17711.0,227,1,220.53000000000003
17713.0,319,4,1198.09
17714.0,258,5,1410.18
17715.0,138,2,489.59999999999997
17716.0,13,22,15303.29
17717.0,358,1,376.92
17718.0,169,2,439.18
17719.0,13,14,5088.9
17720.0,50,9,2358.57
17721.0,596,1,307.21000000000004
17722.0,33,5,3520.2200000000003
17723.0,64,7,3378.4000000000005
17724.0,8,3,1033.0
17725.0,8,9,2841.08
17726.0,332,7,1092.06
17728.0,3,4,3650.91
17729.0,533,1,438.65000000000003
17730.0,16,16,6022.65
17731.0,16,6,1708.99
17732.0,310,8,2166.42
17733.0,199,1,216.95000000000002
17734.0,74,5,1281.9
17735.0,2,24,15334.02
17736.0,50,1,307.49
17738.0,86,12,3876.0
17739.0,3,16,6986.820000000001
17740.0,326,6,426.9
17741.0,344,2,101.1
17742.0,50,11,2098.48
17743.0,385,1,229.2
17744.0,188,5,1615.7
17745.0,415,2,600.34
17746.0,177,4,904.1800000000001
17747.0,50,1,71.4
17748.0,464,1,358.15
17749.0,115,3,1026.18
17750.0,19,6,1317.84
17751.0,358,1,157.85999999999999
17752.0,296,1,80.64
17753.0,401,4,382.06
17754.0,3,11,3736.13
17756.0,313,3,728.75
17757.0,7,48,7200.2300000000005
17758.0,16,9,3648.31
17759.0,106,4,607.82
17760.0,310,5,631.34
17762.0,393,1,129.75
17763.0,200,4,86.15
17764.0,148,4,971.69
17765.0,96,4,524.0
17766.0,318,2,299.61
17767.0,347,1,141.85
17768.0,103,5,1596.66
17769.0,76,11,4913.83
17770.0,136,5,1143.27
17771.0,260,3,257.4
17772.0,330,1,187.3
17773.0,451,2,575.37
17774.0,34,9,3272.83
17775.0,192,1,56.4
17776.0,324,2,329.3
17777.0,37,1,189.79999999999998
17778.0,599,1,197.70000000000002
17779.0,25,2,481.26
17780.0,604,3,346.56
17781.0,96,2,188.02
17782.0,320,2,679.02
17783.0,9,3,376.96
17784.0,487,1,112.86
17785.0,382,2,271.44
17786.0,22,2,266.85
17787.0,90,4,1817.54
17788.0,11,2,1112.95
17789.0,218,2,397.15
17790.0,57,18,2178.62
17792.0,404,2,368.35
17794.0,624,2,147.3
17795.0,117,2,342.83
17796.0,251,6,1160.49
17797.0,120,6,1463.85
17798.0,519,1,172.17
17799.0,36,19,5722.75
17800.0,28,7,903.8000000000001
17801.0,388,3,770.03
17802.0,19,10,4946.22
17803.0,329,1,184.66
17804.0,313,3,383.78000000000003
17805.0,11,2,927.03
17807.0,332,3,437.87
17808.0,486,4,262.64
17809.0,66,16,7530.6900000000005
17810.0,606,2,343.21
17811.0,6,36,7105.56
17812.0,305,4,405.48
17813.0,1,2,1280.99
17814.0,312,2,1609.37
17815.0,330,1,591.96
17816.0,2,5,89.87
17817.0,214,5,670.17
17818.0,675,1,124.78
17819.0,9,12,6021.05
17820.0,311,1,180.60999999999999
17821.0,343,1,334.62
17822.0,357,5,2154.08
17823.0,358,2,449.25
17825.0,536,4,701.96
17826.0,311,1,133.34
17827.0,179,5,1969.31
17828.0,47,3,876.66
17829.0,236,5,4756.74
17830.0,199,2,287.65000000000003
17833.0,660,1,338.46000000000004
17834.0,352,2,689.6700000000001
17837.0,2,5,779.6
17838.0,26,12,5151.24
17840.0,381,1,175.9
17841.0,1,181,55015.78
17842.0,539,1,430.69
17843.0,240,2,312.65
17844.0,44,1,51.559999999999995
17845.0,492,4,596.09
17847.0,453,2,125.74000000000001
17848.0,18,30,3538.46
17849.0,155,8,1063.76
17850.0,309,155,51208.87
17851.0,359,6,1552.35
17852.0,326,3,543.47
17853.0,344,3,1596.29
17854.0,122,6,1068.5
17855.0,310,1,208.97
17856.0,170,3,1142.63
17857.0,10,16,15307.52
17858.0,19,28,11285.380000000001
17859.0,242,1,141.92000000000002
17860.0,306,4,717.39
17861.0,73,15,4289.9
17862.0,261,4,1254.89
17863.0,18,11,4327.78
17864.0,26,4,759.79
17865.0,16,43,24298.850000000002
17866.0,80,3,1134.95
17867.0,81,12,1360.3300000000002
17868.0,323,1,227.15
17869.0,44,7,813.64
17870.0,9,9,1792.56
17871.0,142,5,1068.95
17872.0,319,1,235.87
17873.0,17,18,6135.95
17874.0,122,6,683.46
17875.0,625,1,167.1
17876.0,337,3,3424.02
17877.0,107,1,237.61
17878.0,332,2,999.48
17879.0,111,1,178.51999999999998
17880.0,302,3,824.9200000000001
17881.0,241,1,133.35000000000002
17882.0,316,2,291.56
17883.0,23,5,521.88
17884.0,249,19,2588.94
17886.0,148,5,1080.98
17887.0,66,1,111.35
17888.0,16,22,1447.04
17889.0,149,7,746.42
17890.0,260,2,586.89
17891.0,99,1,203.85999999999999
17892.0,92,1,142.1
17893.0,162,1,107.21
17894.0,9,18,2304.16
17897.0,110,9,2053.04
17898.0,22,4,299.18
17899.0,96,1,154.55
17900.0,127,2,112.19999999999999
17901.0,459,2,149.7
17902.0,484,1,216.39999999999998
17903.0,331,1,381.09000000000003
17905.0,8,13,2168.37
17906.0,184,1,72.9
17907.0,578,1,291.76
17908.0,311,5,1142.47
17909.0,674,1,110.05
17910.0,663,1,261.7
17912.0,247,6,371.6
17913.0,293,13,3234.4900000000002
17915.0,488,1,225.78
17916.0,566,2,43.87
17917.0,193,2,226.71
17918.0,438,3,388.44
17919.0,25,2,1840.32
17920.0,16,47,22006.18
17921.0,1,10,2394.36
17922.0,480,1,170.4
17923.0,219,3,497.0
17924.0,5,4,2371.92
17925.0,310,1,244.08
17926.0,70,5,1035.49
17927.0,659,1,294.0
17928.0,183,2,206.96
17929.0,50,11,2946.1
17930.0,1,12,3848.38
17931.0,71,14,3402.24
17932.0,111,2,934.51
17933.0,569,1,105.99
17934.0,344,1,344.90000000000003
17935.0,75,7,683.24
17937.0,52,5,3614.52
17938.0,357,1,144.29
17939.0,97,1,99.14
17940.0,45,13,28197.58
17941.0,68,4,1433.28
17944.0,360,1,74.99
17945.0,634,3,359.5
17946.0,170,2,149.57999999999998
17948.0,84,1,358.56000000000006
17949.0,8,107,102020.2
17950.0,9,7,1166.29
17951.0,295,3,741.5400000000001
17952.0,315,4,788.46
17953.0,477,1,148.67000000000002
17954.0,5,18,3522.46
17955.0,136,6,949.9
17956.0,186,1,12.75
17957.0,3,1,110.72
17958.0,54,2,973.88
17959.0,529,1,140.75
17960.0,108,3,135.08
17961.0,8,97,2840.19
17962.0,79,4,665.91
17963.0,408,4,643.16
17964.0,309,1,261.76
17965.0,29,27,6655.12
17966.0,88,9,1459.92
17967.0,309,2,223.42
17968.0,311,4,590.4399999999999
17969.0,103,20,2354.29
17970.0,148,1,562.79
17971.0,485,1,161.94
17972.0,179,1,135.19
17974.0,157,4,1199.17
17975.0,1,23,6445.41
17976.0,309,1,321.79
17977.0,337,1,1223.31
17978.0,302,4,1159.99
17979.0,106,3,494.54
17980.0,103,4,1012.72
17981.0,348,1,239.12
17982.0,618,1,138.18
17983.0,332,1,171.71
17984.0,82,5,1148.69
17987.0,122,5,965.4399999999999
17988.0,54,11,430.57
17989.0,316,1,207.32999999999998
17990.0,174,6,1527.6100000000001
17991.0,162,3,298.65
17992.0,326,1,252.88
17993.0,554,1,225.99
17994.0,59,11,2264.0299999999997
17995.0,219,3,495.48
17996.0,317,3,469.73
17997.0,11,8,1962.46
17998.0,317,3,639.24
17999.0,303,2,338.41
18000.0,501,1,124.25
18001.0,24,5,759.14
18002.0,313,4,237.62
18003.0,313,1,353.51
18004.0,299,1,157.92
18006.0,319,3,524.83
18007.0,330,1,215.22
18008.0,7,23,19759.079999999998
18009.0,172,8,2144.23
18010.0,194,1,174.8
18011.0,310,2,410.79
18012.0,660,1,115.3
18013.0,92,2,187.29
18016.0,11,6,1584.31
18017.0,18,4,688.0
18018.0,45,4,297.99
18020.0,481,1,190.48000000000002
18021.0,447,2,216.41
18022.0,322,4,893.9
18024.0,90,2,389.78
18025.0,317,6,1177.72
18026.0,438,2,2074.07
18027.0,36,1,115.31
18028.0,520,1,192.05
18029.0,579,1,433.77
18031.0,316,1,451.3
18032.0,271,1,73.5
18033.0,2,1,93.82000000000001
18034.0,313,1,334.67
18035.0,322,2,546.34
18036.0,42,10,1396.06
18037.0,91,15,167.42
18038.0,493,1,141.48
18039.0,311,4,548.22
18040.0,183,1,239.0
18041.0,8,35,7410.43
18042.0,479,1,116.1
18043.0,144,2,421.59
18044.0,25,16,2954.51
18046.0,587,1,189.63
18047.0,318,2,326.09
18048.0,140,3,394.93
18049.0,374,2,500.5
18050.0,296,2,412.06
18051.0,571,7,2282.28
18052.0,502,1,10877.18
18053.0,8,3,571.07
18054.0,330,1,176.5
18055.0,21,12,8287.17
18056.0,225,2,554.6
18057.0,330,3,1168.14
18058.0,478,2,603.9
18059.0,5,1,124.08
18060.0,345,2,1185.46
18061.0,3,27,5991.41
18062.0,110,6,1632.67
18063.0,328,2,186.60000000000002
18064.0,70,11,4481.83
18065.0,24,25,5402.99
18066.0,12,3,1440.4
18068.0,226,1,101.69999999999999
18069.0,25,10,4200.95
18070.0,606,1,314.1
18071.0,195,6,1169.68
18072.0,123,1,247.44
18073.0,51,12,3859.82
18074.0,311,2,1019.44
18075.0,43,18,5129.29
18076.0,317,1,151.49
18077.0,41,14,3116.72
18078.0,154,4,725.53
18079.0,64,3,2796.96
18080.0,180,1,841.4999999999999
18081.0,50,2,208.05
18083.0,335,1,463.53
18084.0,320,2,704.75
18085.0,267,4,1341.8500000000001
18086.0,211,1,101.34
18087.0,228,16,13908.72
18089.0,384,1,428.45
18090.0,359,1,321.9
18091.0,530,1,360.85
18092.0,24,16,12780.98
18093.0,30,8,4452.71
18094.0,19,13,6391.52
18095.0,250,5,2303.09
18096.0,1,4,931.81
18097.0,64,10,3951.7200000000003
18098.0,333,1,527.94
18099.0,64,1,168.31
18100.0,487,1,451.56
18101.0,80,4,509.84
18102.0,3,133,524476.6
18103.0,486,1,105.8
18106.0,267,6,1441.06
18107.0,379,1,165.88
18108.0,191,3,848.8100000000001
18109.0,1,32,7086.66
18110.0,348,1,193.48000000000002
18111.0,526,1,405.85
18112.0,103,3,617.31
18113.0,306,1,76.32000000000001
18114.0,227,1,220.1
18115.0,635,1,9.700000000000001
18116.0,5,13,2130.89
18118.0,15,23,5010.12
18119.0,305,1,180.7
18120.0,151,1,111.15
18121.0,86,2,653.3
18122.0,22,2,321.13
18123.0,451,1,92.2
18124.0,409,1,102.65
18125.0,139,3,933.9
18127.0,71,2,348.65000000000003
18128.0,474,1,399.29
18129.0,180,1,112.55000000000001
18131.0,569,1,222.95999999999998
18132.0,441,1,220.13
18133.0,149,1,931.4999999999999
18134.0,535,2,445.0
18135.0,17,7,801.1800000000001
18136.0,0,5,1631.3600000000001
18137.0,488,2,145.99
18138.0,232,1,152.65
18140.0,411,1,536.41
18141.0,339,2,882.47
18142.0,94,2,1019.52
18143.0,54,2,1000.16
18144.0,15,17,4345.95
18145.0,25,10,4851.44
18146.0,78,2,160.35000000000002
18147.0,46,1,98.88
18148.0,584,1,112.85000000000001
18149.0,153,6,1491.56
18150.0,77,2,413.28
18151.0,72,6,1879.44
18152.0,583,1,426.69
18153.0,596,1,246.22
18154.0,326,3,533.41
18155.0,12,3,371.62
18156.0,307,1,186.88
18157.0,508,1,213.9
18158.0,26,1,343.8
18159.0,238,1,530.15
18160.0,137,2,684.37
18161.0,2,5,1341.1
18162.0,669,1,371.51
18163.0,521,1,728.84
18165.0,114,1,302.46000000000004
18166.0,561,1,175.5
18167.0,43,1,498.48
18168.0,113,16,3435.5
18170.0,49,8,2553.2000000000003
18171.0,36,8,2200.31
18172.0,15,46,16279.0
18173.0,24,5,2696.36
18174.0,541,1,58.5
18175.0,613,1,176.1
18176.0,295,1,476.35
18177.0,95,8,1912.72
18178.0,66,11,6103.74
18179.0,189,6,1857.54
18180.0,18,4,1206.36
18181.0,337,4,821.49
18182.0,400,1,291.13
18183.0,164,2,632.07
18185.0,186,1,304.25
18186.0,660,1,329.58
18187.0,569,1,724.89
18188.0,14,5,2887.83
18189.0,15,3,1403.73
18190.0,129,5,745.62
18191.0,199,2,529.4
18192.0,9,1,957.97
18193.0,102,3,1207.35
18194.0,19,6,4162.04
18195.0,324,1,101.16
18196.0,32,4,1455.27
18197.0,513,1,230.1
18198.0,9,15,4804.030000000001
18199.0,621,1,344.75
18200.0,43,1,150.35
18201.0,660,1,447.53000000000003
18202.0,137,3,1396.99
18203.0,94,4,482.52
18204.0,8,3,1975.35
18205.0,12,1,225.76
18206.0,490,1,314.65999999999997
18207.0,436,1,544.47
18208.0,503,1,360.08
18210.0,204,2,289.85
18211.0,23,3,420.2
18212.0,263,2,514.37
18213.0,174,1,232.48000000000002
18214.0,468,4,1780.34
18215.0,26,5,2232.4900000000002
18217.0,8,3,641.19
18218.0,148,4,1121.84
18219.0,86,15,2650.06
18220.0,164,6,1921.76
18221.0,1,5,1261.99
18222.0,30,1,443.0
18223.0,2,24,12033.08
18224.0,201,1,158.95000000000002
18225.0,21,22,11428.8
18226.0,19,25,11386.38
18227.0,155,2,388.75
18228.0,17,1,420.39
18229.0,8,24,8726.47
18230.0,31,7,3627.2200000000003
18231.0,129,28,6848.27
18232.0,19,4,592.97
18233.0,263,1,440.0
18234.0,489,1,179.6
18235.0,9,3,1796.48
18236.0,17,11,1686.8500000000001
18237.0,2,4,861.35
18238.0,452,1,270.92
18239.0,156,6,1712.26
18241.0,11,17,2557.82
18242.0,9,8,3605.21
18243.0,351,1,515.78
18244.0,368,2,568.64
18245.0,86,19,5430.7300000000005
18246.0,170,2,395.62
18247.0,352,3,839.73
18248.0,60,2,804.02
18250.0,247,1,349.27
18251.0,24,9,26278.86
18252.0,109,6,1085.32
18253.0,580,1,317.88
18254.0,518,1,267.9
18255.0,26,2,303.15
18256.0,325,1,110.7
18257.0,4,11,4342.77
18258.0,401,6,2059.67
18259.0,22,6,2871.5
18260.0,110,23,9947.26
18261.0,33,1,224.8
18262.0,77,3,577.54
18263.0,93,2,811.4
18264.0,436,1,603.25
18265.0,9,2,801.51
18266.0,371,1,251.1
18267.0,610,1,269.37
18268.0,71,6,1490.23
18269.0,303,1,168.6
18270.0,204,2,273.35
18271.0,547,2,680.85
18272.0,51,7,3413.85
18273.0,33,3,306.0
18275.0,515,2,741.85
18276.0,330,5,1320.66
18277.0,334,4,1069.67
18278.0,11,2,414.20000000000005
18279.0,456,1,231.33999999999997
18280.0,215,2,488.15000000000003
18281.0,118,2,201.14
18282.0,63,1,100.21000000000001
18283.0,33,16,1700.25
18284.0,369,1,411.68
18285.0,598,1,377.0
18286.0,414,2,1246.43
18287.0,139,5,3060.99
