Customer ID,Recency,Frequency,Monetary,Avg Order Value,Tenure,Avg Gap Days,Churn thực tế,Churn dự đoán,Xác suất Churn,Mô hình sử dụng
12346.0,254,3,77352.96,25784.32,577,161.0,1,1,1.0,Naive Bayes
12347.0,58,6,3402.3900000000003,567.07,334,55.0,0,1,0.5045,Naive Bayes
12348.0,4,5,1658.3999999999999,331.68,368,90.8,1,1,0.5868,Naive Bayes
12349.0,336,2,2221.14,1110.57,519,182.0,0,1,0.9981,Naive Bayes
12350.0,239,1,294.4,294.4,240,240.0,1,1,0.9902,Naive Bayes
12351.0,304,1,300.93,300.93,305,305.0,1,1,0.9995,Naive Bayes
12352.0,1,8,1497.81,187.23,322,45.7,0,0,0.4624,Naive Bayes
12353.0,133,2,406.76,203.38,338,204.0,1,1,0.9343,Naive Bayes
12354.0,161,1,1079.4,1079.4,162,162.0,1,1,0.966,Naive Bayes
12355.0,143,2,947.61,473.8,497,353.0,1,1,0.9987,Naive Bayes
12356.0,174,5,5553.38,1110.68,354,44.8,0,1,0.8249,Naive Bayes
12357.0,317,1,11229.99,11229.99,318,318.0,0,1,1.0,Naive Bayes
12358.0,79,4,2923.87,730.97,661,193.7,0,1,0.8076,Naive Bayes
12359.0,118,9,6059.09,673.23,664,68.1,0,0,0.1419,Naive Bayes
12360.0,41,5,2689.11,537.82,585,135.8,0,1,0.5828,Naive Bayes
12361.0,216,4,451.25,112.81,612,131.7,1,1,0.8991,Naive Bayes
12362.0,1,5,2352.34,470.47,225,55.8,0,1,0.5559,Naive Bayes
12363.0,38,2,552.0,276.0,172,133.0,1,1,0.7349,Naive Bayes
12364.0,7,2,643.72,321.86,42,34.0,0,1,0.6006,Naive Bayes
12365.0,220,1,320.69,320.69,221,221.0,1,1,0.98,Naive Bayes
12366.0,562,1,500.24,500.24,563,563.0,1,1,1.0,Naive Bayes
12368.0,557,1,917.6999999999999,917.7,558,558.0,1,1,1.0,Naive Bayes
12369.0,342,3,1511.15,503.72,571,114.0,1,1,0.9845,Naive Bayes
12370.0,203,6,3217.28,536.21,598,98.5,0,1,0.7416,Naive Bayes
12371.0,338,3,1819.42,606.47,575,236.0,0,1,0.9976,Naive Bayes
12372.0,0,3,1196.04,398.68,226,112.5,1,1,0.6705,Naive Bayes
12373.0,240,3,927.6500000000001,309.22,603,181.0,1,1,0.9546,Naive Bayes
12374.0,350,2,2046.29,1023.14,518,167.0,0,1,0.9976,Naive Bayes
12375.0,27,1,190.3,190.3,28,28.0,0,1,0.6192,Naive Bayes
12376.0,318,2,383.15,191.58,347,28.0,1,1,0.9791,Naive Bayes
12377.0,244,4,3266.32,816.58,519,91.3,1,1,0.9164,Naive Bayes
12378.0,58,2,5416.32,2708.16,492,433.0,1,1,1.0,Naive Bayes
12379.0,10,4,1470.22,367.56,464,151.0,1,1,0.7055,Naive Bayes
12380.0,7,6,5917.4,986.23,592,146.0,0,0,0.4934,Naive Bayes
12381.0,48,1,1028.74,1028.74,49,49.0,0,1,0.8149,Naive Bayes
12383.0,113,5,1628.56,325.71,282,42.0,1,1,0.6815,Naive Bayes
12384.0,50,1,212.69,212.69,51,51.0,0,1,0.6298,Naive Bayes
12385.0,308,1,1668.4,1668.4,309,309.0,1,1,1.0,Naive Bayes
12386.0,266,2,401.9,200.95,296,29.0,1,1,0.9478,Naive Bayes
12387.0,344,1,143.94,143.94,345,345.0,1,1,0.9999,Naive Bayes
12388.0,4,7,3614.71,516.39,512,84.5,0,0,0.3673,Naive Bayes
12389.0,331,3,1433.33,477.78,585,126.5,1,1,0.9819,Naive Bayes
12390.0,8,1,504.84000000000003,504.84,9,9.0,1,1,0.5941,Naive Bayes
12391.0,393,5,2285.18,457.04,592,66.0,0,1,0.9919,Naive Bayes
12392.0,520,1,234.75000000000003,234.75,521,521.0,1,1,1.0,Naive Bayes
12393.0,1,6,2399.4500000000003,399.91,358,71.2,1,1,0.5083,Naive Bayes
12394.0,146,1,351.08,351.08,147,147.0,0,1,0.8513,Naive Bayes
12395.0,41,11,3233.11,293.92,532,49.0,0,0,0.1543,Naive Bayes
12396.0,603,1,931.43,931.43,604,604.0,1,1,1.0,Naive Bayes
12397.0,64,1,1109.81,1109.81,65,65.0,0,1,0.8681,Naive Bayes
12399.0,48,7,1842.3,263.19,574,87.5,1,0,0.4541,Naive Bayes
12400.0,343,1,205.25,205.25,344,344.0,1,1,0.9999,Naive Bayes
12401.0,232,1,69.3,69.3,233,233.0,1,1,0.9904,Naive Bayes
12402.0,252,6,1136.9,189.48,600,69.4,1,1,0.8817,Naive Bayes
12403.0,450,1,555.6600000000001,555.66,451,451.0,0,1,1.0,Naive Bayes
12405.0,77,1,1390.39,1390.39,78,78.0,1,1,0.9654,Naive Bayes
12406.0,112,4,4596.31,1149.08,627,171.3,0,1,0.8931,Naive Bayes
12407.0,63,4,1242.3600000000001,310.59,194,43.3,0,1,0.6447,Naive Bayes
12408.0,27,7,3226.27,460.9,428,80.0,0,0,0.4215,Naive Bayes
12409.0,7,7,23419.29,3345.61,495,81.2,1,0,0.0867,Naive Bayes
12410.0,237,3,773.71,257.9,432,194.0,1,1,0.9729,Naive Bayes
12411.0,338,1,346.9,346.9,339,339.0,1,1,0.9999,Naive Bayes
12412.0,3,6,2404.93,400.82,469,93.0,1,0,0.4978,Naive Bayes
12413.0,165,3,695.25,231.75,332,83.0,0,1,0.8202,Naive Bayes
12414.0,146,4,532.41,133.1,393,82.0,1,1,0.7935,Naive Bayes
12415.0,28,18,121206.72,6733.71,457,30.6,0,0,0.0,Naive Bayes
12416.0,585,1,202.56,202.56,586,586.0,1,1,1.0,Naive Bayes
12417.0,35,18,5255.83,291.99,663,36.9,0,0,0.0012,Naive Bayes
12418.0,41,4,2021.2,505.3,560,172.7,1,1,0.7395,Naive Bayes
12419.0,314,2,391.01,195.5,343,28.0,1,1,0.9773,Naive Bayes
12421.0,43,5,724.12,144.82,435,97.8,0,1,0.6479,Naive Bayes
12422.0,24,12,3639.35,303.28,651,56.9,1,0,0.0727,Naive Bayes
12423.0,29,9,2107.75,234.19,395,45.6,1,0,0.3623,Naive Bayes
12424.0,91,4,3340.03,835.01,478,193.0,1,1,0.8816,Naive Bayes
12425.0,7,2,1741.41,870.7,378,370.0,1,1,0.9993,Naive Bayes
12426.0,123,2,1201.21,600.6,592,468.0,1,1,1.0,Naive Bayes
12427.0,300,1,249.5,249.5,301,301.0,0,1,0.9994,Naive Bayes
12428.0,49,7,6076.92,868.13,213,32.6,0,0,0.3335,Naive Bayes
12429.0,101,7,4936.89,705.27,476,93.5,0,0,0.4226,Naive Bayes
12431.0,48,21,8519.34,405.68,623,28.7,0,0,0.0,Naive Bayes
12432.0,101,2,3316.6600000000003,1658.33,102,102.0,0,1,0.994,Naive Bayes
12433.0,20,6,9813.5,1635.58,406,77.0,0,1,0.5606,Naive Bayes
12434.0,13,3,1103.43,367.81,311,148.5,1,1,0.7443,Naive Bayes
12435.0,8,6,13925.93,2320.99,667,131.6,1,1,0.816,Naive Bayes
12436.0,28,1,429.01000000000005,429.01,29,29.0,1,1,0.586,Naive Bayes
12437.0,7,32,9545.0,298.28,667,23.5,0,0,0.0,Naive Bayes
12438.0,69,1,770.0699999999999,770.07,70,70.0,0,1,0.7129,Naive Bayes
12439.0,611,2,1142.88,571.44,655,43.0,1,1,1.0,Naive Bayes
12440.0,391,2,739.2,369.6,647,255.0,1,1,0.9994,Naive Bayes
12441.0,295,1,155.55,155.55,296,296.0,1,1,0.9993,Naive Bayes
12443.0,661,1,365.31,365.31,662,662.0,1,1,1.0,Naive Bayes
12444.0,14,3,2829.81,943.27,101,43.0,0,1,0.7386,Naive Bayes
12445.0,349,1,301.58000000000004,301.58,350,350.0,0,1,1.0,Naive Bayes
12447.0,172,1,431.49,431.49,173,173.0,1,1,0.9148,Naive Bayes
12449.0,20,4,3058.18,764.54,368,115.7,0,1,0.6795,Naive Bayes
12450.0,85,5,688.2,137.64,404,79.5,1,1,0.6807,Naive Bayes
12451.0,147,5,8942.18,1788.44,459,103.7,0,1,0.9571,Naive Bayes
12453.0,63,1,707.09,707.09,64,64.0,1,1,0.6781,Naive Bayes
12454.0,324,3,12931.44,4310.48,351,13.0,0,1,1.0,Naive Bayes
12455.0,2,9,5722.95,635.88,651,81.0,1,0,0.1092,Naive Bayes
12456.0,60,2,1825.4,912.7,184,123.0,0,1,0.8328,Naive Bayes
12457.0,10,6,2359.56,393.26,365,70.8,0,1,0.5102,Naive Bayes
12458.0,0,4,1502.49,375.62,417,138.7,1,1,0.6852,Naive Bayes
12459.0,534,1,398.36,398.36,535,535.0,1,1,1.0,Naive Bayes
12460.0,385,1,296.65,296.65,386,386.0,1,1,1.0,Naive Bayes
12461.0,83,1,626.88,626.88,84,84.0,1,1,0.6932,Naive Bayes
12462.0,232,1,594.11,594.11,233,233.0,0,1,0.9879,Naive Bayes
12463.0,104,3,877.79,292.6,171,33.0,0,1,0.7107,Naive Bayes
12464.0,35,6,615.55,102.59,239,50.8,0,1,0.625,Naive Bayes
12465.0,98,1,410.94,410.94,99,99.0,0,1,0.705,Naive Bayes
12467.0,352,1,132.8,132.8,353,353.0,1,1,1.0,Naive Bayes
12468.0,116,5,3238.74,647.75,612,123.8,1,1,0.6351,Naive Bayes
12469.0,451,2,3070.54,1535.27,466,14.0,1,1,1.0,Naive Bayes
12470.0,618,1,211.95,211.95,619,619.0,1,1,1.0,Naive Bayes
12471.0,7,63,27968.01,443.94,662,17.2,0,0,0.0,Naive Bayes
12472.0,67,17,13452.78,791.34,655,36.7,0,0,0.0,Naive Bayes
12473.0,43,2,1013.75,506.88,121,77.0,0,1,0.6424,Naive Bayes
12474.0,27,24,8600.72,358.36,596,25.8,0,0,0.0,Naive Bayes
12475.0,338,1,396.26,396.26,339,339.0,0,1,0.9999,Naive Bayes
12476.0,13,14,9570.76,683.63,431,34.8,0,0,0.0015,Naive Bayes
12477.0,29,6,15890.66,2648.44,553,104.6,0,1,0.9268,Naive Bayes
12480.0,72,6,3842.17,640.36,437,72.8,0,0,0.4911,Naive Bayes
12481.0,108,12,9700.95,808.41,537,47.6,0,0,0.0057,Naive Bayes
12482.0,505,27,21941.72,812.66,583,19.2,1,0,0.0,Naive Bayes
12483.0,27,17,3448.26,202.84,607,38.6,0,0,0.0059,Naive Bayes
12484.0,32,8,4828.43,603.55,611,82.6,0,0,0.2158,Naive Bayes
12485.0,458,1,708.1,708.1,459,459.0,1,1,1.0,Naive Bayes
12486.0,360,1,917.28,917.28,361,361.0,1,1,1.0,Naive Bayes
12487.0,659,1,285.29999999999995,285.3,660,660.0,1,1,1.0,Naive Bayes
12488.0,4,1,553.39,553.39,5,5.0,0,1,0.6043,Naive Bayes
12489.0,265,1,298.93,298.93,266,266.0,1,1,0.9966,Naive Bayes
12490.0,22,16,7115.3,444.71,668,43.0,0,0,0.0016,Naive Bayes
12492.0,34,2,488.39,244.2,333,298.0,0,1,0.9878,Naive Bayes
12493.0,94,2,379.74,189.87,127,32.0,1,1,0.7119,Naive Bayes
12494.0,90,7,1240.03,177.15,506,69.2,0,1,0.5539,Naive Bayes
12495.0,569,1,277.4,277.4,570,570.0,1,1,1.0,Naive Bayes
12496.0,549,2,45.34,22.67,550,550.0,1,1,1.0,Naive Bayes
12497.0,10,3,5996.5,1998.83,574,281.5,1,1,0.9999,Naive Bayes
12499.0,489,1,357.72,357.72,490,490.0,1,1,1.0,Naive Bayes
12500.0,35,13,3147.23,242.09,603,47.2,0,0,0.0628,Naive Bayes
12501.0,265,1,2025.39,2025.39,266,266.0,1,1,1.0,Naive Bayes
12502.0,24,5,2995.87,599.17,239,53.5,1,1,0.5551,Naive Bayes
12503.0,513,1,896.0,896.0,514,514.0,1,1,1.0,Naive Bayes
12504.0,346,2,261.0,130.5,526,179.0,0,1,0.9952,Naive Bayes
12505.0,337,1,787.2,787.2,338,338.0,1,1,0.9999,Naive Bayes
12506.0,161,1,73.5,73.5,162,162.0,1,1,0.9179,Naive Bayes
12507.0,63,4,1508.06,377.02,514,150.0,1,1,0.7161,Naive Bayes
12509.0,213,1,158.5,158.5,214,214.0,1,1,0.9783,Naive Bayes
12510.0,71,7,3039.03,434.15,665,98.8,1,0,0.3789,Naive Bayes
12511.0,357,1,3084.02,3084.02,358,358.0,1,1,1.0,Naive Bayes
12513.0,41,1,558.29,558.29,42,42.0,1,1,0.6078,Naive Bayes
12514.0,196,2,1597.76,798.88,571,374.0,1,1,0.9998,Naive Bayes
12515.0,282,1,278.7,278.7,283,283.0,1,1,0.9984,Naive Bayes
12516.0,6,4,2288.62,572.16,529,174.0,1,1,0.7436,Naive Bayes
12517.0,2,3,1812.65,604.22,120,58.5,0,1,0.6221,Naive Bayes
12518.0,6,2,759.73,379.86,40,33.0,0,1,0.5953,Naive Bayes
12519.0,405,1,349.7,349.7,406,406.0,0,1,1.0,Naive Bayes
12520.0,8,5,2346.2599999999998,469.25,203,48.5,1,1,0.5568,Naive Bayes
12521.0,71,1,545.68,545.68,72,72.0,1,1,0.6492,Naive Bayes
12523.0,8,20,3362.71,168.14,662,34.4,0,0,0.0006,Naive Bayes
12524.0,91,15,8592.869999999999,572.86,599,39.0,0,0,0.0017,Naive Bayes
12525.0,427,3,883.73,294.58,577,74.5,1,1,0.9976,Naive Bayes
12526.0,23,1,484.3,484.3,24,24.0,0,1,0.5883,Naive Bayes
12527.0,10,5,717.51,143.5,459,112.0,1,1,0.6466,Naive Bayes
12528.0,43,4,1089.3700000000001,272.34,242,66.0,0,1,0.6381,Naive Bayes
12529.0,457,1,316.48,316.48,458,458.0,1,1,1.0,Naive Bayes
12530.0,52,8,2976.63,372.08,572,74.1,0,0,0.3341,Naive Bayes
12531.0,615,1,1645.98,1645.98,616,616.0,0,1,1.0,Naive Bayes
12533.0,556,2,1223.89,611.95,668,111.0,1,1,1.0,Naive Bayes
12534.0,59,1,981.18,981.18,60,60.0,1,1,0.8,Naive Bayes
12535.0,20,2,716.35,358.18,116,95.0,1,1,0.6456,Naive Bayes
12537.0,337,1,612.94,612.94,338,338.0,1,1,0.9999,Naive Bayes
12538.0,307,1,276.5,276.5,308,308.0,0,1,0.9995,Naive Bayes
12539.0,191,6,10136.09,1689.35,646,113.5,0,1,0.787,Naive Bayes
12540.0,6,28,16654.24,594.79,662,25.2,0,0,0.0,Naive Bayes
12541.0,102,2,480.14,240.07,210,107.0,0,1,0.7564,Naive Bayes
12542.0,413,2,481.88,240.94,570,156.0,1,1,0.9983,Naive Bayes
12543.0,377,1,840.25,840.25,378,378.0,1,1,1.0,Naive Bayes
12545.0,4,2,832.39,416.2,189,184.0,1,1,0.8324,Naive Bayes
12546.0,6,1,676.2,676.2,7,7.0,0,1,0.6361,Naive Bayes
12547.0,126,3,299.58,99.86,430,151.5,1,1,0.8592,Naive Bayes
12548.0,95,1,67.19999999999999,67.2,96,96.0,1,1,0.763,Naive Bayes
12549.0,504,5,1570.68,314.14,627,40.7,1,1,0.9996,Naive Bayes
12550.0,8,1,824.83,824.83,9,9.0,1,1,0.698,Naive Bayes
12551.0,286,1,168.0,168.0,287,287.0,1,1,0.9988,Naive Bayes
12553.0,39,9,2940.06,326.67,353,39.1,0,0,0.3317,Naive Bayes
12554.0,377,1,384.5,384.5,378,378.0,1,1,1.0,Naive Bayes
12556.0,80,1,308.75,308.75,81,81.0,0,1,0.6646,Naive Bayes
12557.0,87,7,15106.14,2158.02,652,94.0,0,0,0.1098,Naive Bayes
12559.0,239,2,525.71,262.86,249,9.0,1,1,0.9232,Naive Bayes
12560.0,72,1,1292.31,1292.31,73,73.0,0,1,0.9408,Naive Bayes
12561.0,231,1,238.85,238.85,232,232.0,1,1,0.9873,Naive Bayes
12562.0,10,6,2819.05,469.84,365,70.8,0,0,0.492,Naive Bayes
12563.0,337,1,221.24,221.24,338,338.0,1,1,0.9999,Naive Bayes
12564.0,190,1,402.9,402.9,191,191.0,1,1,0.9472,Naive Bayes
12565.0,217,1,145.92,145.92,218,218.0,1,1,0.9814,Naive Bayes
12566.0,15,1,297.65,297.65,16,16.0,1,1,0.5946,Naive Bayes
12567.0,25,14,9298.18,664.16,596,47.5,0,0,0.0014,Naive Bayes
12568.0,573,1,52.0,52.0,574,574.0,1,1,1.0,Naive Bayes
12569.0,21,15,1645.68,109.71,182,13.3,0,0,0.0532,Naive Bayes
12571.0,50,1,248.35,248.35,51,51.0,0,1,0.6211,Naive Bayes
12573.0,156,5,717.41,143.48,395,59.5,1,1,0.7815,Naive Bayes
12574.0,244,1,182.45000000000002,182.45,245,245.0,1,1,0.9928,Naive Bayes
12575.0,386,2,568.8199999999999,284.41,456,69.0,1,1,0.9943,Naive Bayes
12576.0,24,7,1683.44,240.49,456,71.8,0,0,0.4833,Naive Bayes
12577.0,288,6,1186.3899999999999,197.73,666,125.7,0,1,0.9432,Naive Bayes
12578.0,259,3,3036.6,1012.2,373,56.5,0,1,0.967,Naive Bayes
12579.0,7,1,386.42,386.42,8,8.0,1,1,0.5894,Naive Bayes
12580.0,175,2,962.9,481.45,506,330.0,1,1,0.9979,Naive Bayes
12582.0,167,4,1820.4,455.1,507,113.0,1,1,0.791,Naive Bayes
12583.0,8,22,10183.21,462.87,663,31.1,0,0,0.0,Naive Bayes
12584.0,9,5,978.3900000000001,195.68,210,50.0,0,1,0.6142,Naive Bayes
12585.0,163,2,1824.1,912.05,281,117.0,1,1,0.9091,Naive Bayes
12586.0,303,3,1865.73,621.91,653,174.5,0,1,0.9811,Naive Bayes
12588.0,328,2,543.88,271.94,527,198.0,0,1,0.994,Naive Bayes
12589.0,73,5,2833.73,566.75,619,181.7,0,1,0.734,Naive Bayes
12590.0,140,1,9341.26,9341.26,141,141.0,1,1,1.0,Naive Bayes
12591.0,246,3,1114.95,371.65,338,45.5,1,1,0.9179,Naive Bayes
12592.0,21,4,1723.6399999999999,430.91,449,213.5,1,1,0.8732,Naive Bayes
12593.0,37,3,382.09999999999997,127.37,148,55.0,1,1,0.6765,Naive Bayes
12594.0,50,12,4081.79,340.15,576,47.7,0,0,0.0793,Naive Bayes
12595.0,433,1,281.02,281.02,434,434.0,1,1,1.0,Naive Bayes
12596.0,171,1,213.95,213.95,172,172.0,0,1,0.9212,Naive Bayes
12597.0,112,2,1120.81,560.4,198,85.0,0,1,0.7394,Naive Bayes
12598.0,0,7,3133.15,447.59,578,96.2,0,0,0.3732,Naive Bayes
12599.0,55,12,1869.18,155.77,507,41.0,0,0,0.161,Naive Bayes
12600.0,13,19,4060.2700000000004,213.7,662,36.0,0,0,0.001,Naive Bayes
12601.0,118,6,573.26,95.54,334,43.0,1,1,0.7142,Naive Bayes
12604.0,8,2,236.18,118.09,191,182.0,1,1,0.8596,Naive Bayes
12605.0,305,3,1124.95,374.98,388,41.0,1,1,0.9679,Naive Bayes
12608.0,333,1,415.79,415.79,334,334.0,1,1,0.9999,Naive Bayes
12609.0,7,9,3021.86,335.76,649,80.1,1,0,0.2248,Naive Bayes
12610.0,35,2,1104.25,552.12,56,20.0,0,1,0.6296,Naive Bayes
12612.0,3,1,668.0400000000001,668.04,4,4.0,1,1,0.6353,Naive Bayes
12613.0,126,8,4521.51,565.19,655,88.0,0,0,0.3159,Naive Bayes
12614.0,206,1,315.6,315.6,207,207.0,1,1,0.9682,Naive Bayes
12615.0,0,6,4373.18,728.86,561,140.0,0,0,0.4995,Naive Bayes
12616.0,24,3,1023.1,341.03,318,146.5,1,1,0.7445,Naive Bayes
12619.0,6,7,2294.84,327.83,490,80.5,0,0,0.438,Naive Bayes
12620.0,9,2,939.3199999999999,469.66,134,124.0,0,1,0.6929,Naive Bayes
12621.0,10,32,19866.170000000002,620.82,598,21.0,0,0,0.0,Naive Bayes
12622.0,161,1,162.1,162.1,162,162.0,1,1,0.9061,Naive Bayes
12623.0,205,7,3315.84,473.69,626,70.0,1,1,0.6549,Naive Bayes
12624.0,35,2,569.13,284.56,107,71.0,1,1,0.6363,Naive Bayes
12625.0,140,4,4678.88,1169.72,526,128.3,1,1,0.8899,Naive Bayes
12626.0,41,6,4288.0,714.67,256,42.8,0,0,0.4786,Naive Bayes
12627.0,25,4,2493.83,623.46,70,14.7,0,1,0.6105,Naive Bayes
12629.0,314,2,1198.22,599.11,353,38.0,1,1,0.9758,Naive Bayes
12631.0,385,5,2841.07,568.21,623,79.0,0,1,0.9896,Naive Bayes
12632.0,449,2,714.88,357.44,494,44.0,1,1,0.9988,Naive Bayes
12633.0,58,6,4958.93,826.49,455,79.2,0,0,0.4571,Naive Bayes
12634.0,477,1,360.0,360.0,478,478.0,1,1,1.0,Naive Bayes
12635.0,18,4,2624.41,656.1,386,122.3,1,1,0.6665,Naive Bayes
12637.0,20,11,7777.8099999999995,707.07,473,50.2,0,0,0.0257,Naive Bayes
12638.0,568,1,169.8,169.8,569,569.0,0,1,1.0,Naive Bayes
12639.0,167,3,1072.37,357.46,557,194.5,1,1,0.9163,Naive Bayes
12640.0,10,1,674.59,674.59,11,11.0,0,1,0.6334,Naive Bayes
12641.0,44,1,145.9,145.9,45,45.0,1,1,0.6438,Naive Bayes
12642.0,36,1,330.45,330.45,37,37.0,0,1,0.5943,Naive Bayes
12643.0,57,11,7803.82,709.44,541,53.7,1,0,0.0251,Naive Bayes
12644.0,58,4,1900.49,475.12,624,188.3,1,1,0.7716,Naive Bayes
12645.0,38,7,2804.98,400.71,598,93.2,0,0,0.3906,Naive Bayes
12647.0,7,34,13878.4,408.19,625,20.6,0,0,0.0,Naive Bayes
12648.0,83,4,1039.0,259.75,631,182.3,1,1,0.7913,Naive Bayes
12649.0,36,8,2096.65,262.08,626,98.2,1,0,0.3679,Naive Bayes
12651.0,263,4,377.75,94.44,395,43.7,1,1,0.9466,Naive Bayes
12652.0,260,2,891.03,445.52,364,103.0,1,1,0.943,Naive Bayes
12653.0,77,3,4160.83,1386.94,456,189.0,1,1,0.9798,Naive Bayes
12654.0,126,3,301.75,100.58,225,98.0,0,1,0.8098,Naive Bayes
12655.0,352,1,243.35000000000002,243.35,353,353.0,1,1,1.0,Naive Bayes
12656.0,1,7,5210.08,744.3,492,81.7,0,0,0.3042,Naive Bayes
12657.0,7,1,546.44,546.44,8,8.0,0,1,0.6011,Naive Bayes
12661.0,365,1,162.0,162.0,366,366.0,1,1,1.0,Naive Bayes
12662.0,36,16,5024.42,314.03,547,34.0,0,0,0.007,Naive Bayes
12663.0,553,2,185.4,92.7,598,44.0,1,1,1.0,Naive Bayes
12664.0,16,6,3065.2400000000002,510.87,656,127.8,0,0,0.4474,Naive Bayes
12665.0,253,3,259.6,86.53,599,172.5,1,1,0.9672,Naive Bayes
12666.0,323,1,1248.42,1248.42,324,324.0,1,1,1.0,Naive Bayes
12668.0,188,8,9167.35,1145.92,607,59.7,0,0,0.1754,Naive Bayes
12669.0,79,2,1427.73,713.86,186,106.0,1,1,0.7569,Naive Bayes
12670.0,27,5,2182.71,436.54,596,142.0,0,1,0.5939,Naive Bayes
12671.0,535,1,2622.48,2622.48,536,536.0,1,1,1.0,Naive Bayes
12672.0,258,2,407.05,203.52,525,266.0,1,1,0.9956,Naive Bayes
12673.0,255,2,786.4,393.2,331,75.0,0,1,0.9311,Naive Bayes
12674.0,20,3,1312.0,437.33,137,58.0,0,1,0.6137,Naive Bayes
12675.0,482,2,873.25,436.62,508,25.0,1,1,0.9995,Naive Bayes
12676.0,52,8,2079.75,259.97,413,60.0,0,0,0.4396,Naive Bayes
12677.0,484,2,359.1,179.55,596,111.0,1,1,0.9996,Naive Bayes
12678.0,7,13,24082.22,1852.48,631,51.9,0,0,0.0,Naive Bayes
12679.0,16,3,874.7,291.57,213,98.0,0,1,0.6624,Naive Bayes
12680.0,2,3,541.36,180.45,43,20.0,1,1,0.6402,Naive Bayes
12681.0,6,38,24238.34,637.85,656,17.5,0,0,0.0,Naive Bayes
12682.0,10,42,17651.61,420.28,668,16.8,0,0,0.0,Naive Bayes
12683.0,21,18,8789.32,488.3,656,45.3,0,0,0.0001,Naive Bayes
12684.0,99,3,1241.48,413.83,143,21.5,0,1,0.6972,Naive Bayes
12685.0,4,3,1667.02,555.67,23,9.0,0,1,0.6159,Naive Bayes
12686.0,300,1,71.14,71.14,301,301.0,1,1,0.9995,Naive Bayes
12687.0,409,1,1858.91,1858.91,410,410.0,1,1,1.0,Naive Bayes
12688.0,42,1,4873.8099999999995,4873.81,43,43.0,1,1,1.0,Naive Bayes
12689.0,56,1,475.03,475.03,57,57.0,0,1,0.6137,Naive Bayes
12690.0,134,1,335.01,335.01,135,135.0,1,1,0.8172,Naive Bayes
12691.0,74,4,600.9,150.22,350,91.7,0,1,0.7067,Naive Bayes
12692.0,566,1,110.95,110.95,567,567.0,1,1,1.0,Naive Bayes
12693.0,56,7,1415.02,202.15,452,65.8,1,1,0.5203,Naive Bayes
12694.0,112,2,1287.18,643.59,351,238.0,0,1,0.9614,Naive Bayes
12695.0,36,5,1122.92,224.58,595,139.5,0,1,0.6365,Naive Bayes
12696.0,363,2,731.91,365.96,438,74.0,1,1,0.9902,Naive Bayes
12697.0,60,2,573.91,286.96,99,38.0,0,1,0.6474,Naive Bayes
12698.0,519,1,285.75,285.75,520,520.0,1,1,1.0,Naive Bayes
12699.0,346,1,566.11,566.11,347,347.0,1,1,0.9999,Naive Bayes
12700.0,85,2,1951.05,975.52,145,59.0,0,1,0.8251,Naive Bayes
12701.0,8,6,2248.41,374.73,563,110.8,1,0,0.493,Naive Bayes
12703.0,0,4,898.53,224.63,614,204.3,1,1,0.8235,Naive Bayes
12704.0,7,4,1066.47,266.62,99,30.3,0,1,0.6139,Naive Bayes
12705.0,6,10,9412.95,941.3,463,57.0,0,0,0.0173,Naive Bayes
12707.0,220,1,603.42,603.42,221,221.0,1,1,0.9815,Naive Bayes
12708.0,1,16,4281.89,267.62,651,43.3,0,0,0.0071,Naive Bayes
12709.0,0,29,27842.28,960.08,660,26.4,0,0,0.0,Naive Bayes
12710.0,25,3,1023.02,341.01,131,52.5,1,1,0.6197,Naive Bayes
12711.0,540,2,1213.05,606.52,606,65.0,1,1,0.9999,Naive Bayes
12712.0,35,19,5555.9800000000005,292.42,660,34.7,0,0,0.0005,Naive Bayes
12714.0,35,11,11586.55,1053.32,665,62.9,0,0,0.0013,Naive Bayes
12715.0,35,1,263.36,263.36,36,36.0,1,1,0.6043,Naive Bayes
12716.0,62,1,623.9,623.9,63,63.0,0,1,0.6499,Naive Bayes
12717.0,80,3,1058.91,352.97,520,219.5,1,1,0.9039,Naive Bayes
12718.0,0,1,202.25,202.25,1,1.0,1,1,0.624,Naive Bayes
12720.0,9,22,5203.87,236.54,436,23.7,0,0,0.0001,Naive Bayes
12721.0,8,7,3074.7599999999998,439.25,401,65.3,0,0,0.4176,Naive Bayes
12722.0,14,4,979.63,244.91,80,21.7,1,1,0.6232,Naive Bayes
12724.0,10,6,1893.28,315.55,465,90.8,0,1,0.5213,Naive Bayes
12725.0,300,3,1906.76,635.59,514,106.5,1,1,0.9686,Naive Bayes
12726.0,15,10,2960.14,296.01,554,59.8,0,0,0.2045,Naive Bayes
12727.0,24,9,4334.53,481.61,584,79.9,0,0,0.1919,Naive Bayes
12728.0,0,5,926.17,185.23,313,78.0,1,1,0.6208,Naive Bayes
12729.0,42,1,417.01,417.01,43,43.0,1,1,0.5943,Naive Bayes
12730.0,450,1,703.25,703.25,451,451.0,1,1,1.0,Naive Bayes
12731.0,14,14,20437.95,1459.85,577,46.8,0,0,0.0,Naive Bayes
12732.0,108,1,218.26000000000002,218.26,109,109.0,1,1,0.7548,Naive Bayes
12733.0,163,4,2424.02,606.0,619,151.7,1,1,0.815,Naive Bayes
12734.0,281,3,603.65,201.22,322,20.0,1,1,0.9602,Naive Bayes
12735.0,244,2,689.5699999999999,344.78,267,22.0,1,1,0.9213,Naive Bayes
12736.0,261,1,144.0,144.0,262,262.0,1,1,0.9966,Naive Bayes
12738.0,301,1,137.35,137.35,302,302.0,1,1,0.9995,Naive Bayes
12739.0,28,2,2421.23,1210.62,324,295.0,1,1,0.9973,Naive Bayes
12741.0,462,1,236.07,236.07,463,463.0,1,1,1.0,Naive Bayes
12742.0,554,1,1201.52,1201.52,555,555.0,1,1,1.0,Naive Bayes
12743.0,63,2,540.13,270.06,64,64.0,1,1,0.6519,Naive Bayes
12744.0,73,7,12158.9,1736.99,521,111.8,0,0,0.1846,Naive Bayes
12745.0,415,2,723.85,361.92,504,88.0,1,1,0.9971,Naive Bayes
12746.0,469,1,254.55,254.55,470,470.0,1,1,1.0,Naive Bayes
12747.0,38,23,7471.87,324.86,662,28.3,0,0,0.0,Naive Bayes
12748.0,1,252,34913.38,138.55,665,4.1,0,0,0.0,Naive Bayes
12749.0,59,7,5561.71,794.53,451,97.8,0,0,0.3555,Naive Bayes
12750.0,57,1,275.88,275.88,58,58.0,1,1,0.6251,Naive Bayes
12751.0,373,1,268.27,268.27,374,374.0,1,1,1.0,Naive Bayes
12752.0,10,1,4366.78,4366.78,11,11.0,1,1,1.0,Naive Bayes
12753.0,64,5,16620.91,3324.18,292,56.8,0,1,1.0,Naive Bayes
12754.0,164,3,3010.74,1003.58,238,36.5,1,1,0.8945,Naive Bayes
12755.0,209,11,5236.259999999999,476.02,623,45.9,1,0,0.2274,Naive Bayes
12756.0,15,1,112.07999999999998,112.08,16,16.0,1,1,0.6461,Naive Bayes
12757.0,71,3,1681.68,560.56,141,34.5,0,1,0.6624,Naive Bayes
12758.0,45,7,9903.24,1414.75,668,103.7,1,0,0.1501,Naive Bayes
12759.0,100,7,4214.82,602.12,665,94.0,0,0,0.3575,Naive Bayes
12760.0,384,1,317.8,317.8,385,385.0,1,1,1.0,Naive Bayes
12761.0,393,1,712.95,712.95,394,394.0,1,1,1.0,Naive Bayes
12763.0,67,2,494.08,247.04,299,231.0,1,1,0.9401,Naive Bayes
12764.0,245,1,1693.88,1693.88,246,246.0,1,1,0.9999,Naive Bayes
12765.0,401,6,1299.58,216.6,571,33.8,1,1,0.994,Naive Bayes
12766.0,78,7,6209.55,887.08,337,43.0,0,0,0.3429,Naive Bayes
12767.0,304,1,949.82,949.82,305,305.0,1,1,0.9997,Naive Bayes
12768.0,379,1,168.69000000000003,168.69,380,380.0,1,1,1.0,Naive Bayes
12769.0,167,1,1143.6,1143.6,168,168.0,1,1,0.9771,Naive Bayes
12770.0,139,2,3246.45,1623.22,386,246.0,1,1,0.9994,Naive Bayes
12771.0,414,1,226.3,226.3,415,415.0,1,1,1.0,Naive Bayes
12773.0,493,1,124.25,124.25,494,494.0,1,1,1.0,Naive Bayes
12774.0,464,1,83.7,83.7,465,465.0,1,1,1.0,Naive Bayes
12775.0,118,6,1344.76,224.13,339,44.0,0,1,0.6731,Naive Bayes
12776.0,596,1,27.5,27.5,597,597.0,1,1,1.0,Naive Bayes
12777.0,386,1,519.45,519.45,387,387.0,1,1,1.0,Naive Bayes
12778.0,112,7,1280.51,182.93,532,69.8,0,1,0.5774,Naive Bayes
12779.0,118,13,5492.16,422.47,666,45.6,0,0,0.0344,Naive Bayes
12780.0,527,1,322.4,322.4,528,528.0,1,1,1.0,Naive Bayes
12781.0,213,1,549.26,549.26,214,214.0,0,1,0.9753,Naive Bayes
12782.0,78,10,3637.9900000000002,363.8,449,41.1,0,0,0.2379,Naive Bayes
12783.0,4,1,283.02,283.02,5,5.0,0,1,0.6024,Naive Bayes
12784.0,458,1,1034.33,1034.33,459,459.0,0,1,1.0,Naive Bayes
12785.0,293,3,904.4,301.47,661,183.5,1,1,0.9792,Naive Bayes
12786.0,538,1,668.5,668.5,539,539.0,1,1,1.0,Naive Bayes
12787.0,20,3,695.18,231.73,343,161.0,0,1,0.7881,Naive Bayes
12788.0,392,4,384.9,96.22,458,21.7,1,1,0.996,Naive Bayes
12789.0,441,2,148.5,74.25,623,181.0,0,1,0.9995,Naive Bayes
12790.0,121,2,546.85,273.42,340,218.0,1,1,0.9409,Naive Bayes
12791.0,302,5,656.83,131.37,554,62.8,1,1,0.9608,Naive Bayes
12792.0,185,2,715.01,357.5,464,278.0,1,1,0.991,Naive Bayes
12793.0,263,3,745.53,248.51,331,33.5,1,1,0.9418,Naive Bayes
12794.0,27,1,317.0,317.0,28,28.0,0,1,0.5918,Naive Bayes
12796.0,557,1,351.0,351.0,558,558.0,1,1,1.0,Naive Bayes
12797.0,294,2,468.08000000000004,234.04,354,59.0,1,1,0.965,Naive Bayes
12798.0,99,2,3140.93,1570.46,351,251.0,0,1,0.9989,Naive Bayes
12799.0,458,1,219.35,219.35,459,459.0,1,1,1.0,Naive Bayes
12800.0,399,2,500.25,250.12,606,206.0,1,1,0.9988,Naive Bayes
12801.0,429,1,871.82,871.82,430,430.0,1,1,1.0,Naive Bayes
12802.0,115,5,2186.42,437.28,493,94.2,1,1,0.647,Naive Bayes
12803.0,322,1,1017.81,1017.81,323,323.0,1,1,0.9999,Naive Bayes
12804.0,394,2,325.37,162.68,430,35.0,1,1,0.9959,Naive Bayes
12805.0,310,4,1230.95,307.74,604,97.7,1,1,0.9638,Naive Bayes
12806.0,501,2,2558.96,1279.48,518,16.0,1,1,1.0,Naive Bayes
12807.0,312,1,250.35,250.35,313,313.0,1,1,0.9996,Naive Bayes
12808.0,113,4,546.4,136.6,392,92.7,0,1,0.7525,Naive Bayes
12809.0,106,3,1384.3400000000001,461.45,577,235.0,1,1,0.932,Naive Bayes
12810.0,463,2,534.99,267.5,606,142.0,1,1,0.9994,Naive Bayes
12811.0,190,4,893.9,223.48,357,55.3,1,1,0.8426,Naive Bayes
12813.0,430,3,1621.8,540.6,623,96.0,1,1,0.9977,Naive Bayes
12814.0,30,1,85.92,85.92,31,31.0,1,1,0.6576,Naive Bayes
12815.0,76,2,863.46,431.73,128,51.0,1,1,0.6575,Naive Bayes
12816.0,24,2,452.20000000000005,226.1,106,81.0,1,1,0.65,Naive Bayes
12817.0,210,3,570.98,190.33,364,76.5,1,1,0.8867,Naive Bayes
12818.0,190,1,1182.0800000000002,1182.08,191,191.0,1,1,0.9897,Naive Bayes
12819.0,387,1,540.52,540.52,388,388.0,1,1,1.0,Naive Bayes
12820.0,3,9,2135.41,237.27,664,82.5,0,0,0.2598,Naive Bayes
12821.0,143,2,220.8,110.4,541,397.0,1,1,0.9998,Naive Bayes
12822.0,16,1,690.9,690.9,17,17.0,0,1,0.6372,Naive Bayes
12823.0,3,18,6501.5,361.19,609,43.2,1,0,0.0007,Naive Bayes
12825.0,450,2,518.63,259.32,571,120.0,1,1,0.9991,Naive Bayes
12826.0,0,10,2378.65,237.86,651,72.2,0,0,0.1951,Naive Bayes
12828.0,28,3,415.51,138.5,60,15.5,0,1,0.6688,Naive Bayes
12829.0,265,3,385.3,128.43,480,107.0,1,1,0.9526,Naive Bayes
12830.0,20,5,6414.32,1282.86,101,26.7,0,1,0.7136,Naive Bayes
12831.0,191,3,451.11,150.37,393,201.0,1,1,0.9624,Naive Bayes
12832.0,27,1,267.8,267.8,28,28.0,0,1,0.5999,Naive Bayes
12833.0,74,1,417.38,417.38,75,75.0,1,1,0.6441,Naive Bayes
12834.0,211,1,312.38,312.38,212,212.0,1,1,0.973,Naive Bayes
12835.0,356,41,5996.83,146.26,666,8.6,1,0,0.0,Naive Bayes
12836.0,66,14,6061.9,432.99,668,50.1,0,0,0.0112,Naive Bayes
12837.0,102,2,662.66,331.33,499,396.0,1,1,0.9997,Naive Bayes
12838.0,302,9,2694.75,299.42,522,27.4,0,1,0.889,Naive Bayes
12839.0,0,22,7453.75,338.81,662,31.5,0,0,0.0,Naive Bayes
12840.0,72,7,4041.97,577.42,604,88.5,1,0,0.3552,Naive Bayes
12841.0,18,33,6012.4,182.19,449,13.4,0,0,0.0,Naive Bayes
12842.0,237,3,1109.73,369.91,667,214.5,0,1,0.9686,Naive Bayes
12843.0,88,27,6451.92,238.96,656,23.6,0,0,0.0,Naive Bayes
12844.0,59,3,497.52,165.84,523,231.5,0,1,0.9281,Naive Bayes
12845.0,196,4,354.09,88.52,220,7.7,1,1,0.8903,Naive Bayes
12847.0,316,1,765.36,765.36,317,317.0,0,1,0.9998,Naive Bayes
12848.0,604,1,208.0,208.0,605,605.0,1,1,1.0,Naive Bayes
12849.0,197,5,2674.54,534.91,521,80.8,0,1,0.7844,Naive Bayes
12850.0,374,1,330.0,330.0,375,375.0,1,1,1.0,Naive Bayes
12851.0,25,2,280.76,140.38,407,381.0,1,1,0.9994,Naive Bayes
12852.0,223,1,311.55,311.55,224,224.0,1,1,0.9821,Naive Bayes
12853.0,63,11,3907.5,355.23,602,89.7,1,0,0.134,Naive Bayes
12854.0,7,7,2970.9700000000003,424.42,658,108.3,1,0,0.3568,Naive Bayes
12855.0,301,4,612.84,153.21,332,15.0,1,1,0.9731,Naive Bayes
12857.0,139,6,3688.0,614.67,613,94.6,1,1,0.5563,Naive Bayes
12858.0,312,1,147.27,147.27,313,313.0,1,1,0.9997,Naive Bayes
12859.0,387,1,575.1,575.1,388,388.0,1,1,1.0,Naive Bayes
12860.0,622,1,54.22,54.22,623,623.0,1,1,1.0,Naive Bayes
12861.0,548,1,68.25,68.25,549,549.0,1,1,1.0,Naive Bayes
12862.0,354,2,984.62,492.31,425,70.0,1,1,0.9882,Naive Bayes
12863.0,308,5,2271.35,454.27,519,52.5,0,1,0.9549,Naive Bayes
12864.0,67,2,299.57,149.78,438,370.0,1,1,0.9991,Naive Bayes
12865.0,52,3,2736.62,912.21,406,176.5,0,1,0.8814,Naive Bayes
12866.0,212,3,1092.35,364.12,432,109.5,1,1,0.8869,Naive Bayes
12867.0,25,12,6835.88,569.66,653,57.0,0,0,0.0186,Naive Bayes
12868.0,114,8,2043.76,255.47,322,29.6,1,1,0.5538,Naive Bayes
12869.0,610,1,337.66999999999996,337.67,611,611.0,1,1,1.0,Naive Bayes
12870.0,304,3,1676.95,558.98,554,124.5,1,1,0.9714,Naive Bayes
12871.0,13,3,744.02,248.01,369,177.5,1,1,0.8191,Naive Bayes
12872.0,255,12,3283.96,273.66,666,37.3,1,0,0.4163,Naive Bayes
12873.0,211,3,2027.3,675.77,611,199.5,1,1,0.9537,Naive Bayes
12874.0,314,2,873.42,436.71,484,169.0,1,1,0.9874,Naive Bayes
12875.0,72,5,1356.99,271.4,627,138.5,1,1,0.6372,Naive Bayes
12876.0,125,3,2365.2000000000003,788.4,520,197.0,0,1,0.9156,Naive Bayes
12877.0,7,18,2566.7400000000002,142.6,620,36.0,0,0,0.0036,Naive Bayes
12878.0,165,2,854.99,427.5,196,30.0,1,1,0.8016,Naive Bayes
12879.0,10,2,507.7,253.85,21,10.0,0,1,0.6244,Naive Bayes
12880.0,310,2,640.13,320.06,504,193.0,1,1,0.9907,Naive Bayes
12881.0,204,1,298.0,298.0,205,205.0,1,1,0.9665,Naive Bayes
12883.0,18,1,291.63,291.63,19,19.0,0,1,0.595,Naive Bayes
12884.0,17,1,309.05,309.05,18,18.0,1,1,0.5925,Naive Bayes
12885.0,52,1,645.35,645.35,53,53.0,0,1,0.6414,Naive Bayes
12886.0,148,1,775.0,775.0,149,149.0,0,1,0.8957,Naive Bayes
12887.0,312,1,222.4,222.4,313,313.0,1,1,0.9997,Naive Bayes
12888.0,143,2,354.12,177.06,185,41.0,1,1,0.7879,Naive Bayes
12889.0,310,4,385.46000000000004,96.36,432,40.3,1,1,0.9756,Naive Bayes
12890.0,316,1,329.3,329.3,317,317.0,0,1,0.9997,Naive Bayes
12891.0,114,11,840.5,76.41,589,47.4,1,0,0.295,Naive Bayes
12892.0,325,1,263.38,263.38,326,326.0,1,1,0.9998,Naive Bayes
12894.0,504,1,157.35,157.35,505,505.0,1,1,1.0,Naive Bayes
12895.0,15,1,267.8,267.8,16,16.0,0,1,0.5999,Naive Bayes
12897.0,133,4,514.25,128.56,473,113.0,1,1,0.789,Naive Bayes
12898.0,392,2,296.21000000000004,148.11,589,196.0,1,1,0.9986,Naive Bayes
12899.0,342,1,366.4,366.4,343,343.0,1,1,0.9999,Naive Bayes
12900.0,351,1,340.33,340.33,352,352.0,1,1,1.0,Naive Bayes
12901.0,10,20,13159.27,657.96,200,11.8,0,0,0.0,Naive Bayes
12902.0,193,1,138.68,138.68,194,194.0,1,1,0.9605,Naive Bayes
12903.0,357,1,833.53,833.53,358,358.0,1,1,1.0,Naive Bayes
12904.0,101,1,244.69,244.69,102,102.0,0,1,0.7297,Naive Bayes
12905.0,505,2,1018.42,509.21,612,106.0,1,1,0.9998,Naive Bayes
12906.0,7,2,1936.5900000000001,968.3,8,8.0,0,1,0.7761,Naive Bayes
12907.0,324,2,508.91,254.46,424,99.0,1,1,0.9815,Naive Bayes
12908.0,105,5,1776.0,355.2,560,113.5,1,1,0.6446,Naive Bayes
12909.0,16,7,2781.87,397.41,583,113.2,0,0,0.4215,Naive Bayes
12910.0,7,10,4771.66,477.17,551,77.6,0,0,0.1302,Naive Bayes
12911.0,480,1,1651.72,1651.72,481,481.0,1,1,1.0,Naive Bayes
12913.0,211,11,4666.0,424.18,668,45.6,0,0,0.2533,Naive Bayes
12914.0,329,1,223.98,223.98,330,330.0,1,1,0.9999,Naive Bayes
12915.0,77,4,975.1,243.78,519,147.0,1,1,0.7402,Naive Bayes
12916.0,67,7,4479.73,639.96,614,91.0,1,0,0.3285,Naive Bayes
12917.0,57,6,4359.2,726.53,660,150.5,1,1,0.5069,Naive Bayes
12919.0,45,3,441.65,147.22,99,26.5,0,1,0.6752,Naive Bayes
12920.0,500,3,323.86,107.95,655,154.0,0,1,0.9999,Naive Bayes
12921.0,13,64,30042.13,469.41,668,14.9,0,0,0.0,Naive Bayes
12922.0,90,1,405.38,405.38,91,91.0,1,1,0.6829,Naive Bayes
12923.0,319,2,597.6,298.8,505,185.0,0,1,0.9912,Naive Bayes
12924.0,17,12,2461.45,205.12,660,64.2,1,0,0.0979,Naive Bayes
12925.0,3,2,403.59,201.8,522,518.0,0,1,1.0,Naive Bayes
12926.0,340,4,1523.59,380.9,655,104.7,1,1,0.9776,Naive Bayes
12927.0,323,1,197.31,197.31,324,324.0,1,1,0.9998,Naive Bayes
12928.0,76,10,3378.33,337.83,479,50.2,0,0,0.2419,Naive Bayes
12929.0,240,1,117.85,117.85,241,241.0,1,1,0.9923,Naive Bayes
12930.0,7,2,415.8,207.9,101,93.0,1,1,0.6613,Naive Bayes
12931.0,30,53,82822.08,1562.68,668,16.8,0,0,0.0,Naive Bayes
12932.0,468,8,1698.56,212.32,597,21.3,1,1,0.9985,Naive Bayes
12933.0,100,7,1386.59,198.08,659,111.6,0,1,0.5349,Naive Bayes
12934.0,665,1,181.65,181.65,666,666.0,1,1,1.0,Naive Bayes
12935.0,38,12,3618.5,301.54,537,49.8,0,0,0.0954,Naive Bayes
12936.0,7,1,798.46,798.46,8,8.0,0,1,0.6858,Naive Bayes
12937.0,0,8,2419.78,302.47,666,95.0,0,0,0.3096,Naive Bayes
12939.0,8,18,22719.12,1262.17,626,44.1,0,0,0.0,Naive Bayes
12940.0,16,1,361.27,361.27,17,17.0,0,1,0.5871,Naive Bayes
12941.0,653,1,377.49,377.49,654,654.0,1,1,1.0,Naive Bayes
12942.0,60,3,675.6,225.2,295,117.0,1,1,0.7268,Naive Bayes
12943.0,487,2,496.5,248.25,535,47.0,1,1,0.9996,Naive Bayes
12944.0,283,1,286.95,286.95,284,284.0,0,1,0.9985,Naive Bayes
12945.0,217,2,900.11,450.06,586,368.0,1,1,0.9996,Naive Bayes
12946.0,365,1,324.45,324.45,366,366.0,1,1,1.0,Naive Bayes
12947.0,72,6,1603.99,267.33,303,46.0,1,1,0.5969,Naive Bayes
12948.0,34,6,1676.44,279.41,667,126.4,0,1,0.5052,Naive Bayes
12949.0,43,21,14808.9,705.19,666,44.4,0,0,0.0,Naive Bayes
12951.0,102,14,2901.4300000000003,207.25,628,40.4,0,0,0.0539,Naive Bayes
12952.0,7,1,731.54,731.54,8,8.0,0,1,0.6564,Naive Bayes
12953.0,451,1,498.96000000000004,498.96,452,452.0,0,1,1.0,Naive Bayes
12954.0,567,1,162.45,162.45,568,568.0,1,1,1.0,Naive Bayes
12955.0,21,6,1843.36,307.23,197,35.0,0,1,0.5513,Naive Bayes
12956.0,235,4,521.89,130.47,654,139.3,1,1,0.918,Naive Bayes
12957.0,0,11,7330.150000000001,666.38,658,82.1,0,0,0.0235,Naive Bayes
12958.0,329,2,467.34,233.67,513,183.0,1,1,0.9928,Naive Bayes
12959.0,413,1,150.95,150.95,414,414.0,1,1,1.0,Naive Bayes
12960.0,342,4,1322.07,330.52,591,82.7,1,1,0.9797,Naive Bayes
12961.0,308,1,211.99,211.99,309,309.0,1,1,0.9996,Naive Bayes
12962.0,42,1,170.54000000000002,170.54,43,43.0,0,1,0.6337,Naive Bayes
12963.0,13,6,1998.87,333.14,449,87.0,0,1,0.5183,Naive Bayes
12964.0,366,1,132.24,132.24,367,367.0,1,1,1.0,Naive Bayes
12965.0,18,1,769.8100000000001,769.81,19,19.0,1,1,0.6691,Naive Bayes
12967.0,287,3,2938.52,979.51,313,12.5,1,1,0.98,Naive Bayes
12968.0,41,1,135.95,135.95,42,42.0,1,1,0.6446,Naive Bayes
12969.0,531,1,122.45,122.45,532,532.0,1,1,1.0,Naive Bayes
12970.0,251,8,1070.87,133.86,665,137.7,0,1,0.8779,Naive Bayes
12971.0,2,97,13168.49,135.76,654,8.0,0,0,0.0,Naive Bayes
12972.0,342,4,1161.2,290.3,591,82.7,1,1,0.9803,Naive Bayes
12973.0,342,1,385.55,385.55,343,343.0,1,1,0.9999,Naive Bayes
12974.0,126,2,408.95,204.48,495,368.0,1,1,0.9993,Naive Bayes
12975.0,365,6,2100.09,350.02,663,74.2,1,1,0.9799,Naive Bayes
12976.0,140,8,3156.38,394.55,595,75.7,1,0,0.4497,Naive Bayes
12977.0,85,4,513.88,128.47,441,177.5,1,1,0.8577,Naive Bayes
12978.0,314,5,2502.82,500.56,659,86.0,1,1,0.9494,Naive Bayes
12979.0,658,1,517.7,517.7,659,659.0,1,1,1.0,Naive Bayes
12980.0,86,21,16245.78,773.61,667,29.0,1,0,0.0,Naive Bayes
12981.0,62,1,187.18,187.18,63,63.0,0,1,0.6541,Naive Bayes
12982.0,171,8,2744.81,343.1,536,52.0,1,1,0.5716,Naive Bayes
12983.0,527,1,490.08000000000004,490.08,528,528.0,1,1,1.0,Naive Bayes
12986.0,357,10,2729.84,272.98,617,43.2,1,1,0.9367,Naive Bayes
12987.0,2,5,1312.21,262.44,618,153.8,1,1,0.6404,Naive Bayes
12988.0,221,1,505.82,505.82,222,222.0,1,1,0.9807,Naive Bayes
12989.0,17,27,11734.7,434.62,659,29.1,0,0,0.0,Naive Bayes
12990.0,114,6,809.9,134.98,549,86.8,0,1,0.6506,Naive Bayes
12991.0,41,2,564.62,282.31,319,277.0,0,1,0.9776,Naive Bayes
12992.0,654,1,93.35000000000001,93.35,655,655.0,1,1,1.0,Naive Bayes
12993.0,49,7,1217.27,173.9,589,107.8,0,1,0.5133,Naive Bayes
12994.0,49,2,645.47,322.74,198,148.0,0,1,0.7688,Naive Bayes
12995.0,14,1,211.32,211.32,15,15.0,1,1,0.6134,Naive Bayes
12996.0,304,1,355.5,355.5,305,305.0,1,1,0.9994,Naive Bayes
12997.0,17,7,1800.41,257.2,542,87.3,0,0,0.4523,Naive Bayes
12998.0,421,3,920.08,306.69,583,80.5,1,1,0.9971,Naive Bayes
12999.0,125,3,455.88,151.96,175,24.5,1,1,0.7731,Naive Bayes
13000.0,35,4,1032.5,258.12,655,206.3,1,1,0.8178,Naive Bayes
13001.0,87,31,22839.25,736.75,666,19.3,0,0,0.0,Naive Bayes
13002.0,247,3,414.13,138.04,364,58.0,1,1,0.9323,Naive Bayes
13003.0,34,3,149.05,49.68,144,54.5,1,1,0.7024,Naive Bayes
13004.0,6,31,10120.24,326.46,654,21.6,0,0,0.0,Naive Bayes
13005.0,102,4,999.68,249.92,387,94.7,1,1,0.7132,Naive Bayes
13007.0,508,1,175.25,175.25,509,509.0,1,1,1.0,Naive Bayes
13008.0,252,3,612.13,204.04,653,200.0,1,1,0.9718,Naive Bayes
13009.0,601,1,234.0,234.0,602,602.0,1,1,1.0,Naive Bayes
13010.0,303,2,330.12,165.06,578,274.0,1,1,0.9983,Naive Bayes
13011.0,301,1,50.550000000000004,50.55,302,302.0,1,1,0.9995,Naive Bayes
13012.0,7,8,2501.83,312.73,522,73.4,0,0,0.3571,Naive Bayes
13013.0,21,25,9972.58,398.9,655,28.8,0,0,0.0,Naive Bayes
13014.0,3,7,4336.43,619.49,362,59.7,0,0,0.3642,Naive Bayes
13015.0,126,10,5003.18,500.32,533,58.0,0,0,0.1917,Naive Bayes
13016.0,2,3,789.89,263.3,53,50.0,1,1,0.6126,Naive Bayes
13018.0,1,28,8163.63,291.56,578,30.3,0,0,0.0,Naive Bayes
13019.0,308,6,1229.95,204.99,663,70.8,1,1,0.9446,Naive Bayes
13020.0,491,2,618.96,309.48,589,97.0,1,1,0.9996,Naive Bayes
13021.0,95,12,3423.33,285.28,664,51.6,0,0,0.099,Naive Bayes
13022.0,358,1,50.3,50.3,359,359.0,1,1,1.0,Naive Bayes
13023.0,58,2,942.53,471.26,458,399.0,0,1,0.9997,Naive Bayes
13024.0,399,2,555.87,277.94,512,112.0,1,1,0.9964,Naive Bayes
13025.0,660,1,323.39,323.39,661,661.0,1,1,1.0,Naive Bayes
13026.0,21,7,1361.92,194.56,656,105.7,0,0,0.441,Naive Bayes
13027.0,42,19,17239.2,907.33,618,31.9,1,0,0.0,Naive Bayes
13029.0,67,4,1453.0,363.25,453,128.3,0,1,0.6909,Naive Bayes
13030.0,297,1,402.36,402.36,298,298.0,0,1,0.9992,Naive Bayes
13031.0,336,5,3292.84,658.57,484,36.8,1,1,0.9748,Naive Bayes
13032.0,16,8,2302.08,287.76,390,93.2,0,0,0.4401,Naive Bayes
13033.0,286,2,220.55,110.28,359,72.0,1,1,0.9663,Naive Bayes
13034.0,298,2,279.91,139.96,331,32.0,0,1,0.9715,Naive Bayes
13035.0,2,3,1364.2,454.73,361,179.0,1,1,0.8088,Naive Bayes
13036.0,613,1,307.1,307.1,614,614.0,1,1,1.0,Naive Bayes
13037.0,67,12,3914.9500000000003,326.25,666,59.8,1,0,0.0739,Naive Bayes
13038.0,9,3,908.46,302.82,220,105.0,1,1,0.6689,Naive Bayes
13039.0,513,4,1010.73,252.68,652,46.0,1,1,0.9998,Naive Bayes
13041.0,379,4,799.13,199.78,519,46.3,1,1,0.9927,Naive Bayes
13042.0,527,3,1488.59,496.2,662,67.0,1,1,0.9998,Naive Bayes
13043.0,202,1,516.42,516.42,203,203.0,1,1,0.9641,Naive Bayes
13044.0,220,11,4848.05,440.73,630,40.9,1,0,0.2835,Naive Bayes
13045.0,28,3,808.92,269.64,416,193.5,1,1,0.8506,Naive Bayes
13046.0,195,2,517.66,258.83,386,190.0,0,1,0.9508,Naive Bayes
13047.0,56,22,7873.0,357.86,653,37.2,0,0,0.0,Naive Bayes
13048.0,42,8,3588.27,448.53,611,81.1,0,0,0.2811,Naive Bayes
13049.0,247,3,905.34,301.78,331,41.5,0,1,0.9221,Naive Bayes
13050.0,35,30,10550.17,351.67,654,21.3,0,0,0.0,Naive Bayes
13051.0,507,2,155.8,77.9,549,41.0,1,1,0.9998,Naive Bayes
13052.0,141,7,3118.48,445.5,584,88.4,1,1,0.5326,Naive Bayes
13053.0,550,1,127.65,127.65,551,551.0,1,1,1.0,Naive Bayes
13055.0,7,4,2321.11,580.28,359,175.5,1,1,0.7916,Naive Bayes
13056.0,480,1,209.48,209.48,481,481.0,1,1,1.0,Naive Bayes
13057.0,459,3,709.59,236.53,561,50.5,1,1,0.999,Naive Bayes
13058.0,80,1,47.550000000000004,47.55,81,81.0,0,1,0.7372,Naive Bayes
13059.0,178,10,2291.77,229.18,548,46.1,1,0,0.4729,Naive Bayes
13060.0,182,1,307.53,307.53,183,183.0,1,1,0.936,Naive Bayes
13061.0,1,1,248.61,248.61,2,2.0,1,1,0.6116,Naive Bayes
13062.0,120,1,346.98,346.98,121,121.0,1,1,0.7735,Naive Bayes
13063.0,409,1,188.4,188.4,410,410.0,1,1,1.0,Naive Bayes
13064.0,17,5,1403.58,280.72,521,125.8,0,1,0.6138,Naive Bayes
13065.0,302,5,1055.05,211.01,477,43.5,1,1,0.9614,Naive Bayes
13067.0,11,3,508.51,169.5,376,182.0,1,1,0.8404,Naive Bayes
13068.0,248,1,165.0,165.0,249,249.0,0,1,0.994,Naive Bayes
13069.0,28,34,8723.03,256.56,473,15.9,0,0,0.0,Naive Bayes
13070.0,121,4,751.7,187.92,662,180.0,1,1,0.8259,Naive Bayes
13071.0,541,1,129.22,129.22,542,542.0,1,1,1.0,Naive Bayes
13072.0,195,1,177.15,177.15,196,196.0,1,1,0.9607,Naive Bayes
13073.0,340,2,418.08,209.04,367,26.0,1,1,0.9862,Naive Bayes
13074.0,440,4,1378.74,344.68,653,70.7,1,1,0.9978,Naive Bayes
13075.0,58,1,919.61,919.61,59,59.0,1,1,0.7671,Naive Bayes
13076.0,386,1,135.4,135.4,387,387.0,1,1,1.0,Naive Bayes
13077.0,219,10,2588.82,258.88,658,54.8,0,1,0.5231,Naive Bayes
13078.0,11,48,24802.77,516.72,668,14.3,0,0,0.0,Naive Bayes
13079.0,4,4,371.48,92.87,347,114.0,0,1,0.7131,Naive Bayes
13080.0,108,4,280.73,70.18,539,143.3,1,1,0.8018,Naive Bayes
13081.0,72,25,47371.11,1894.84,661,28.0,0,0,0.0,Naive Bayes
13082.0,55,21,7335.75,349.32,647,39.4,1,0,0.0,Naive Bayes
13083.0,4,2,284.07,142.04,355,350.0,0,1,0.998,Naive Bayes
13084.0,420,1,122.39999999999999,122.4,421,421.0,1,1,1.0,Naive Bayes
13085.0,86,8,2433.28,304.16,668,145.2,1,0,0.4818,Naive Bayes
13086.0,311,1,439.33000000000004,439.33,312,312.0,1,1,0.9996,Naive Bayes
13087.0,655,1,313.64,313.64,656,656.0,1,1,1.0,Naive Bayes
13088.0,346,1,236.11,236.11,347,347.0,1,1,0.9999,Naive Bayes
13089.0,4,183,100240.24,547.76,667,5.7,0,0,0.0,Naive Bayes
13090.0,65,18,9077.94,504.33,424,22.4,0,0,0.0002,Naive Bayes
13091.0,658,1,762.98,762.98,659,659.0,0,1,1.0,Naive Bayes
13092.0,140,11,2102.2,191.11,597,45.6,0,0,0.2851,Naive Bayes
13093.0,204,55,54144.25,984.44,665,11.0,1,0,0.0,Naive Bayes
13094.0,9,12,2056.8,171.4,319,28.1,0,0,0.1736,Naive Bayes
13096.0,323,1,419.70000000000005,419.7,324,324.0,1,1,0.9998,Naive Bayes
13097.0,6,26,12484.22,480.16,668,33.0,0,0,0.0,Naive Bayes
13098.0,16,19,17349.76,913.15,247,12.8,0,0,0.0,Naive Bayes
13099.0,28,1,207.35999999999999,207.36,29,29.0,1,1,0.6145,Naive Bayes
13101.0,163,4,695.4,173.85,611,149.0,1,1,0.8388,Naive Bayes
13102.0,10,33,10248.85,310.57,512,17.9,0,0,0.0,Naive Bayes
13103.0,366,2,465.70000000000005,232.85,507,140.0,0,1,0.9942,Naive Bayes
13104.0,14,7,1189.62,169.95,583,94.7,0,0,0.4735,Naive Bayes
13105.0,365,1,72.0,72.0,366,366.0,1,1,1.0,Naive Bayes
13106.0,62,2,603.46,301.73,343,280.0,1,1,0.9804,Naive Bayes
13107.0,14,8,5128.87,641.11,603,84.0,0,0,0.2001,Naive Bayes
13108.0,301,2,748.46,374.23,365,63.0,1,1,0.9665,Naive Bayes
13109.0,86,2,717.34,358.67,481,394.0,0,1,0.9996,Naive Bayes
13110.0,66,10,2511.04,251.1,668,75.1,0,0,0.2126,Naive Bayes
13111.0,647,1,321.88000000000005,321.88,648,648.0,1,1,1.0,Naive Bayes
13112.0,470,1,20.6,20.6,471,471.0,1,1,1.0,Naive Bayes
13113.0,42,33,16771.170000000002,508.22,551,16.4,0,0,0.0,Naive Bayes
13114.0,659,1,234.38,234.38,660,660.0,1,1,1.0,Naive Bayes
13115.0,113,7,4078.4700000000003,582.64,529,69.2,0,0,0.435,Naive Bayes
13116.0,67,1,501.14,501.14,68,68.0,1,1,0.6349,Naive Bayes
13117.0,50,17,2112.52,124.27,553,31.4,0,0,0.0103,Naive Bayes
13118.0,137,7,2017.3,288.19,369,38.5,0,1,0.6375,Naive Bayes
13119.0,597,1,134.9,134.9,598,598.0,1,1,1.0,Naive Bayes
13120.0,167,1,30.599999999999998,30.6,168,168.0,1,1,0.9343,Naive Bayes
13121.0,198,1,283.73,283.73,199,199.0,1,1,0.9601,Naive Bayes
13122.0,23,2,922.39,461.2,170,146.0,1,1,0.747,Naive Bayes
13123.0,401,2,506.75,253.38,459,57.0,1,1,0.996,Naive Bayes
13124.0,18,4,4641.66,1160.42,315,98.7,1,1,0.8053,Naive Bayes
13125.0,452,1,148.62,148.62,453,453.0,1,1,1.0,Naive Bayes
13126.0,1,11,3061.15,278.29,577,63.9,0,0,0.1418,Naive Bayes
13127.0,6,1,259.17,259.17,7,7.0,1,1,0.6056,Naive Bayes
13128.0,560,1,263.5,263.5,561,561.0,1,1,1.0,Naive Bayes
13129.0,381,2,233.25,116.62,459,77.0,1,1,0.9948,Naive Bayes
13130.0,23,1,64.0,64.0,24,24.0,1,1,0.6654,Naive Bayes
13131.0,0,6,3012.67,502.11,598,149.2,0,1,0.5406,Naive Bayes
13132.0,190,1,77.3,77.3,191,191.0,1,1,0.961,Naive Bayes
13133.0,202,3,200.45000000000002,66.82,389,93.0,1,1,0.8991,Naive Bayes
13134.0,14,6,2475.23,412.54,346,66.2,1,1,0.5079,Naive Bayes
13135.0,125,2,3371.45,1685.72,421,295.0,1,1,0.9999,Naive Bayes
13136.0,16,12,5815.03,484.59,661,92.0,0,0,0.0338,Naive Bayes
13137.0,21,13,5871.97,451.69,432,34.2,0,0,0.0288,Naive Bayes
13138.0,9,5,999.51,199.9,326,79.0,0,1,0.617,Naive Bayes
13139.0,1,5,6722.6,1344.52,367,91.2,0,1,0.7439,Naive Bayes
13140.0,37,5,1054.92,210.98,421,95.8,1,1,0.6245,Naive Bayes
13141.0,13,17,7656.08,450.36,660,46.1,1,0,0.0006,Naive Bayes
13143.0,513,1,405.1,405.1,514,514.0,1,1,1.0,Naive Bayes
13144.0,261,2,135.35,67.68,361,99.0,1,1,0.9578,Naive Bayes
13145.0,20,6,1009.72,168.29,529,101.6,0,1,0.5622,Naive Bayes
13147.0,28,1,118.80000000000001,118.8,29,29.0,0,1,0.6438,Naive Bayes
13148.0,62,24,7571.07,315.46,662,37.4,0,0,0.0,Naive Bayes
13149.0,35,3,1132.62,377.54,219,91.5,0,1,0.6532,Naive Bayes
13150.0,413,3,449.96999999999997,149.99,560,146.0,1,1,0.9983,Naive Bayes
13151.0,224,3,2454.71,818.24,557,166.0,1,1,0.9516,Naive Bayes
13152.0,346,7,2146.38,306.63,624,46.2,1,1,0.9658,Naive Bayes
13154.0,328,3,1624.84,541.61,665,168.0,1,1,0.9862,Naive Bayes
13155.0,8,5,1281.22,256.24,421,103.0,0,1,0.6092,Naive Bayes
13156.0,314,3,1586.54,528.85,606,145.5,1,1,0.9786,Naive Bayes
13157.0,70,8,4819.34,602.42,571,83.3,0,0,0.2592,Naive Bayes
13158.0,23,5,1508.18,301.64,318,73.5,1,1,0.5919,Naive Bayes
13159.0,35,2,843.09,421.54,45,9.0,0,1,0.6259,Naive Bayes
13161.0,242,2,472.13,236.06,430,187.0,1,1,0.9718,Naive Bayes
13162.0,51,16,9275.49,579.72,665,40.9,1,0,0.0004,Naive Bayes
13163.0,539,1,17.65,17.65,540,540.0,1,1,1.0,Naive Bayes
13164.0,498,2,372.2,186.1,597,98.0,1,1,0.9997,Naive Bayes
13165.0,280,2,784.32,392.16,343,62.0,0,1,0.952,Naive Bayes
13166.0,212,2,875.93,437.96,344,131.0,1,1,0.9119,Naive Bayes
13167.0,59,3,751.37,250.46,320,130.0,0,1,0.742,Naive Bayes
13168.0,128,4,1494.2,373.55,472,114.3,0,1,0.7402,Naive Bayes
13169.0,181,2,632.4000000000001,316.2,492,310.0,0,1,0.9963,Naive Bayes
13171.0,228,1,140.35,140.35,229,229.0,0,1,0.9875,Naive Bayes
13172.0,329,1,69.6,69.6,330,330.0,1,1,0.9999,Naive Bayes
13173.0,296,10,2202.11,220.21,659,45.2,0,1,0.8106,Naive Bayes
13174.0,245,10,7263.7,726.37,665,52.4,0,0,0.2147,Naive Bayes
13175.0,511,2,831.45,415.72,665,153.0,1,1,0.9999,Naive Bayes
13177.0,359,1,229.75,229.75,360,360.0,0,1,1.0,Naive Bayes
13178.0,2,19,13490.45,710.02,653,36.1,0,0,0.0,Naive Bayes
13179.0,547,1,572.3100000000001,572.31,548,548.0,1,1,1.0,Naive Bayes
13180.0,536,1,86.10000000000001,86.1,537,537.0,1,1,1.0,Naive Bayes
13181.0,310,1,359.69,359.69,311,311.0,1,1,0.9996,Naive Bayes
13183.0,15,13,6163.9800000000005,474.15,565,45.8,0,0,0.0195,Naive Bayes
13184.0,59,9,1471.1,163.46,220,22.9,0,0,0.4559,Naive Bayes
13185.0,196,1,71.4,71.4,197,197.0,1,1,0.9677,Naive Bayes
13186.0,22,2,1301.94,650.97,58,35.0,0,1,0.6377,Naive Bayes
13187.0,266,4,328.36,82.09,554,287.0,1,1,0.998,Naive Bayes
13189.0,44,1,127.0,127.0,45,45.0,0,1,0.6505,Naive Bayes
13190.0,473,3,570.66,190.22,662,94.0,1,1,0.9993,Naive Bayes
13191.0,587,1,159.21,159.21,588,588.0,1,1,1.0,Naive Bayes
13192.0,24,6,2558.58,426.43,616,147.8,1,1,0.5506,Naive Bayes
13194.0,64,2,472.78,236.39,351,286.0,1,1,0.9843,Naive Bayes
13195.0,343,1,136.73,136.73,344,344.0,1,1,0.9999,Naive Bayes
13196.0,13,5,2858.01,571.6,547,133.2,0,1,0.5784,Naive Bayes
13197.0,538,1,373.01000000000005,373.01,539,539.0,1,1,1.0,Naive Bayes
13198.0,49,7,4582.17,654.6,364,52.3,0,0,0.3748,Naive Bayes
13199.0,21,50,10872.25,217.44,664,15.3,0,0,0.0,Naive Bayes
13200.0,3,2,627.01,313.5,56,52.0,0,1,0.602,Naive Bayes
13201.0,431,4,1233.06,308.26,572,46.7,1,1,0.9976,Naive Bayes
13202.0,323,7,1580.3,225.76,660,56.0,1,1,0.9473,Naive Bayes
13203.0,49,8,2088.65,261.08,652,86.0,0,0,0.3471,Naive Bayes
13204.0,660,1,966.6600000000001,966.66,661,661.0,1,1,1.0,Naive Bayes
13205.0,372,1,2803.2,2803.2,373,373.0,1,1,1.0,Naive Bayes
13206.0,329,13,8308.19,639.09,662,30.2,1,0,0.1304,Naive Bayes
13207.0,79,3,483.12000000000006,161.04,542,231.0,0,1,0.9318,Naive Bayes
13208.0,84,7,1587.47,226.78,666,96.8,0,0,0.4676,Naive Bayes
13209.0,57,10,6773.98,677.4,614,61.8,0,0,0.0578,Naive Bayes
13210.0,22,1,353.48,353.48,23,23.0,1,1,0.5872,Naive Bayes
13211.0,24,9,2307.9900000000002,256.44,663,91.1,0,0,0.2666,Naive Bayes
13213.0,57,10,3294.82,329.48,498,55.0,0,0,0.2252,Naive Bayes
13214.0,346,7,3264.23,466.32,576,38.2,1,1,0.9616,Naive Bayes
13215.0,331,1,81.6,81.6,332,332.0,1,1,0.9999,Naive Bayes
13216.0,196,1,333.74,333.74,197,197.0,1,1,0.9564,Naive Bayes
13217.0,51,4,666.48,166.62,585,177.7,1,1,0.7891,Naive Bayes
13218.0,56,1,62.63999999999999,62.64,57,57.0,1,1,0.6899,Naive Bayes
13219.0,547,1,76.23,76.23,548,548.0,1,1,1.0,Naive Bayes
13220.0,7,5,1336.0900000000001,267.22,505,124.2,1,1,0.6171,Naive Bayes
13221.0,169,2,844.86,422.43,289,119.0,1,1,0.8489,Naive Bayes
13222.0,506,1,88.5,88.5,507,507.0,1,1,1.0,Naive Bayes
13223.0,129,6,969.1200000000001,161.52,595,93.0,1,1,0.6543,Naive Bayes
13224.0,80,1,1212.26,1212.26,81,81.0,0,1,0.9216,Naive Bayes
13225.0,72,14,14095.79,1006.84,652,48.2,0,0,0.0,Naive Bayes
13226.0,202,2,312.46,156.23,323,120.0,1,1,0.9083,Naive Bayes
13227.0,130,1,257.7,257.7,131,131.0,1,1,0.8129,Naive Bayes
13228.0,10,1,358.0,358.0,11,11.0,1,1,0.5894,Naive Bayes
13229.0,154,1,160.95,160.95,155,155.0,1,1,0.8907,Naive Bayes
13230.0,67,28,5549.11,198.18,561,19.0,0,0,0.0,Naive Bayes
13232.0,27,5,1018.45,203.69,173,36.2,0,1,0.6202,Naive Bayes
13233.0,3,4,1176.46,294.12,624,206.7,1,1,0.8174,Naive Bayes
13234.0,601,2,346.5,173.25,662,60.0,1,1,1.0,Naive Bayes
13235.0,141,1,1031.07,1031.07,142,142.0,1,1,0.9375,Naive Bayes
13236.0,35,1,439.23,439.23,36,36.0,0,1,0.5895,Naive Bayes
13237.0,316,1,643.0,643.0,317,317.0,1,1,0.9997,Naive Bayes
13238.0,92,4,624.75,156.19,520,142.3,0,1,0.765,Naive Bayes
13239.0,190,5,1594.69,318.94,432,60.2,1,1,0.8034,Naive Bayes
13240.0,25,8,1455.39,181.92,582,92.7,1,0,0.4121,Naive Bayes
13241.0,340,1,112.53,112.53,341,341.0,1,1,0.9999,Naive Bayes
13242.0,41,7,699.4,99.91,598,111.2,1,1,0.5373,Naive Bayes
13243.0,132,5,1220.38,244.08,561,214.0,1,1,0.9138,Naive Bayes
13244.0,21,1,121.74000000000001,121.74,22,22.0,1,1,0.6416,Naive Bayes
13245.0,361,1,558.72,558.72,362,362.0,0,1,1.0,Naive Bayes
13246.0,105,10,3228.74,322.87,455,38.8,0,0,0.2935,Naive Bayes
13247.0,11,1,305.07,305.07,12,12.0,0,1,0.5948,Naive Bayes
13248.0,53,2,465.68,232.84,119,65.0,1,1,0.6576,Naive Bayes
13249.0,21,9,1608.93,178.77,614,74.0,1,0,0.308,Naive Bayes
13250.0,389,2,253.09,126.54,432,42.0,1,1,0.9956,Naive Bayes
13251.0,331,1,252.68,252.68,332,332.0,1,1,0.9999,Naive Bayes
13252.0,323,2,399.3,199.65,555,231.0,1,1,0.9967,Naive Bayes
13253.0,85,4,2951.11,737.78,633,182.3,1,1,0.7941,Naive Bayes
13254.0,305,1,51.410000000000004,51.41,306,306.0,1,1,0.9996,Naive Bayes
13255.0,302,2,504.95,252.48,442,139.0,0,1,0.9795,Naive Bayes
13257.0,365,1,149.75,149.75,366,366.0,1,1,1.0,Naive Bayes
13258.0,134,3,535.4699999999999,178.49,330,97.5,0,1,0.7945,Naive Bayes
13259.0,326,8,1115.61,139.45,628,60.2,0,1,0.9497,Naive Bayes
13261.0,197,2,944.1,472.05,215,17.0,1,1,0.8601,Naive Bayes
13262.0,192,3,573.45,191.15,530,168.5,1,1,0.92,Naive Bayes
13263.0,16,28,6360.15,227.15,343,13.0,0,0,0.0,Naive Bayes
13264.0,371,1,722.5600000000001,722.56,372,372.0,1,1,1.0,Naive Bayes
13265.0,17,4,1787.3,446.82,203,61.7,0,1,0.5997,Naive Bayes
13266.0,4,16,5142.13,321.38,652,43.1,0,0,0.0049,Naive Bayes
13267.0,21,32,8027.66,250.86,662,29.1,0,0,0.0,Naive Bayes
13268.0,13,7,2436.38,348.05,197,30.5,0,0,0.48,Naive Bayes
13269.0,17,22,6534.72,297.03,667,40.6,0,0,0.0,Naive Bayes
13270.0,295,1,590.0,590.0,296,296.0,1,1,0.9992,Naive Bayes
13272.0,18,1,140.96,140.96,19,19.0,0,1,0.6347,Naive Bayes
13273.0,42,1,138.98,138.98,43,43.0,1,1,0.6444,Naive Bayes
13274.0,338,1,360.85,360.85,339,339.0,1,1,0.9999,Naive Bayes
13275.0,312,2,238.86,119.43,562,249.0,1,1,0.9975,Naive Bayes
13276.0,28,4,1438.36,359.59,572,181.0,0,1,0.7596,Naive Bayes
13277.0,45,5,390.8,78.16,469,105.8,0,1,0.6735,Naive Bayes
13278.0,328,3,882.62,294.21,540,105.5,0,1,0.98,Naive Bayes
13279.0,7,1,137.75,137.75,8,8.0,1,1,0.6397,Naive Bayes
13280.0,51,7,2293.33,327.62,574,104.4,1,0,0.4584,Naive Bayes
13281.0,368,1,350.85,350.85,369,369.0,1,1,1.0,Naive Bayes
13282.0,91,3,954.1500000000001,318.05,336,122.0,0,1,0.7473,Naive Bayes
13283.0,114,3,305.2,101.73,570,227.5,0,1,0.9425,Naive Bayes
13284.0,259,1,201.19,201.19,260,260.0,1,1,0.996,Naive Bayes
13285.0,90,5,2625.57,525.11,554,115.8,0,1,0.6078,Naive Bayes
13286.0,529,1,734.91,734.91,530,530.0,1,1,1.0,Naive Bayes
13287.0,532,3,781.59,260.53,634,50.5,1,1,0.9999,Naive Bayes
13288.0,372,5,927.61,185.52,596,55.8,1,1,0.9892,Naive Bayes
13289.0,652,1,307.95,307.95,653,653.0,1,1,1.0,Naive Bayes
13291.0,84,11,3270.79,297.34,596,51.1,1,0,0.1607,Naive Bayes
13292.0,213,4,665.14,166.28,456,80.7,0,1,0.8804,Naive Bayes
13293.0,321,6,1192.94,198.82,598,55.2,1,1,0.9621,Naive Bayes
13294.0,118,3,1689.53,563.18,576,228.5,1,1,0.9308,Naive Bayes
13295.0,288,4,1101.97,275.49,506,72.3,1,1,0.9511,Naive Bayes
13296.0,66,6,792.51,132.08,507,88.0,1,1,0.6023,Naive Bayes
13297.0,314,3,2278.77,759.59,472,78.5,0,1,0.9775,Naive Bayes
13299.0,197,3,1218.7,406.23,458,130.0,1,1,0.8805,Naive Bayes
13300.0,98,3,1285.51,428.5,504,202.5,1,1,0.8829,Naive Bayes
13301.0,32,4,600.19,150.05,222,63.0,1,1,0.662,Naive Bayes
13302.0,84,2,159.2,79.6,456,371.0,1,1,0.9993,Naive Bayes
13303.0,329,1,61.72,61.72,330,330.0,1,1,0.9999,Naive Bayes
13304.0,280,4,1217.99,304.5,599,106.0,1,1,0.942,Naive Bayes
13305.0,21,14,3086.8,220.49,569,42.1,0,0,0.0413,Naive Bayes
13306.0,359,1,53.65,53.65,360,360.0,1,1,1.0,Naive Bayes
13307.0,49,3,273.34,91.11,522,236.0,1,1,0.939,Naive Bayes
13308.0,132,2,1099.81,549.9,526,393.0,0,1,0.9997,Naive Bayes
13309.0,17,4,1177.72,294.43,322,101.3,0,1,0.6471,Naive Bayes
13310.0,135,4,1226.82,306.7,332,65.3,0,1,0.7414,Naive Bayes
13311.0,79,1,490.11,490.11,80,80.0,0,1,0.6591,Naive Bayes
13312.0,380,1,124.75,124.75,381,381.0,1,1,1.0,Naive Bayes
13313.0,70,10,2808.34,280.83,667,74.5,0,0,0.203,Naive Bayes
13314.0,2,1,499.62,499.62,3,3.0,0,1,0.5975,Naive Bayes
13315.0,618,1,310.26,310.26,619,619.0,1,1,1.0,Naive Bayes
13316.0,8,9,11426.65,1269.63,569,70.0,0,0,0.0099,Naive Bayes
13317.0,127,18,5526.39,307.02,656,40.6,0,0,0.0018,Naive Bayes
13319.0,20,51,17868.14,350.36,663,18.3,0,0,0.0,Naive Bayes
13320.0,7,6,2211.6,368.6,408,100.0,1,1,0.5392,Naive Bayes
13321.0,1,2,567.36,283.68,16,14.0,1,1,0.6117,Naive Bayes
13323.0,13,1,120.30000000000001,120.3,14,14.0,0,1,0.6434,Naive Bayes
13324.0,18,17,9829.35,578.2,493,47.4,0,0,0.0001,Naive Bayes
13325.0,10,1,675.3,675.3,11,11.0,1,1,0.6336,Naive Bayes
13326.0,361,1,281.76,281.76,362,362.0,1,1,1.0,Naive Bayes
13327.0,41,18,8163.85,453.55,651,38.1,0,0,0.0002,Naive Bayes
13328.0,245,1,1308.48,1308.48,246,246.0,1,1,0.9992,Naive Bayes
13329.0,295,7,4323.97,617.71,665,92.2,0,1,0.8679,Naive Bayes
13330.0,21,6,2796.1,466.02,584,112.4,1,0,0.4678,Naive Bayes
13331.0,330,1,262.4,262.4,331,331.0,1,1,0.9999,Naive Bayes
13333.0,340,3,1015.74,338.58,588,123.5,1,1,0.9848,Naive Bayes
13334.0,11,5,6201.8,1240.36,582,142.5,1,1,0.7224,Naive Bayes
13336.0,6,1,795.12,795.12,7,7.0,1,1,0.6848,Naive Bayes
13337.0,475,1,1575.26,1575.26,476,476.0,1,1,1.0,Naive Bayes
13338.0,86,4,2345.62,586.4,633,182.0,1,1,0.7768,Naive Bayes
13339.0,129,1,860.12,860.12,130,130.0,1,1,0.8753,Naive Bayes
13340.0,34,10,20593.62,2059.36,585,78.6,0,0,0.0,Naive Bayes
13341.0,189,1,775.85,775.85,190,190.0,1,1,0.9619,Naive Bayes
13343.0,106,1,303.43,303.43,107,107.0,1,1,0.7351,Naive Bayes
13344.0,206,1,1656.15,1656.15,207,207.0,0,1,0.9996,Naive Bayes
13345.0,216,1,339.5,339.5,217,217.0,1,1,0.9769,Naive Bayes
13346.0,391,6,299.4,49.9,526,33.5,1,1,0.9945,Naive Bayes
13350.0,8,1,596.57,596.57,9,9.0,0,1,0.6113,Naive Bayes
13354.0,0,1,743.53,743.53,1,1.0,1,1,0.6661,Naive Bayes
13355.0,51,1,674.7,674.7,52,52.0,1,1,0.6495,Naive Bayes
13356.0,9,1,768.24,768.24,10,10.0,1,1,0.671,Naive Bayes
13357.0,186,5,3795.0099999999998,759.0,557,123.3,1,1,0.8023,Naive Bayes
13358.0,197,1,389.03,389.03,198,198.0,1,1,0.957,Naive Bayes
13359.0,332,1,553.75,553.75,333,333.0,0,1,0.9999,Naive Bayes
13360.0,360,4,1503.65,375.91,630,89.7,1,1,0.9852,Naive Bayes
13361.0,401,2,1450.5,725.25,547,145.0,1,1,0.9979,Naive Bayes
13362.0,174,5,3884.86,776.97,355,45.0,0,1,0.7693,Naive Bayes
13363.0,338,1,731.36,731.36,339,339.0,0,1,0.9999,Naive Bayes
13364.0,0,1,134.95999999999998,134.96,1,1.0,1,1,0.6456,Naive Bayes
13365.0,146,1,700.6,700.6,147,147.0,0,1,0.8775,Naive Bayes
13367.0,360,1,460.20000000000005,460.2,361,361.0,1,1,1.0,Naive Bayes
13368.0,185,4,1021.5,255.38,353,55.7,1,1,0.8303,Naive Bayes
13369.0,294,1,258.28000000000003,258.28,295,295.0,1,1,0.9991,Naive Bayes
13370.0,300,1,754.87,754.87,301,301.0,1,1,0.9995,Naive Bayes
13371.0,434,2,2297.66,1148.83,562,127.0,1,1,0.9997,Naive Bayes
13372.0,18,1,328.64,328.64,19,19.0,1,1,0.5898,Naive Bayes
13373.0,87,5,6330.52,1266.1,663,143.8,0,1,0.7509,Naive Bayes
13374.0,343,2,372.8,186.4,379,35.0,1,1,0.9871,Naive Bayes
13375.0,17,2,1792.23,896.12,374,356.0,1,1,0.9989,Naive Bayes
13376.0,28,3,869.76,289.92,164,67.5,1,1,0.6365,Naive Bayes
13377.0,325,2,1452.88,726.44,575,249.0,1,1,0.9981,Naive Bayes
13379.0,65,1,136.29,136.29,66,66.0,0,1,0.6753,Naive Bayes
13380.0,361,1,62.4,62.4,362,362.0,1,1,1.0,Naive Bayes
13381.0,18,11,7567.29,687.94,668,64.9,0,0,0.0195,Naive Bayes
13382.0,209,5,1387.58,277.52,661,112.8,1,1,0.8167,Naive Bayes
13383.0,472,1,305.28000000000003,305.28,473,473.0,1,1,1.0,Naive Bayes
13384.0,2,9,5660.37,628.93,430,61.0,0,0,0.1544,Naive Bayes
13385.0,258,1,534.57,534.57,259,259.0,1,1,0.9954,Naive Bayes
13386.0,343,2,835.46,417.73,367,23.0,1,1,0.9856,Naive Bayes
13387.0,346,1,181.84,181.84,347,347.0,1,1,0.9999,Naive Bayes
13388.0,60,3,1185.65,395.22,533,472.0,1,1,1.0,Naive Bayes
13389.0,3,2,580.15,290.08,162,158.0,0,1,0.7765,Naive Bayes
13390.0,3,1,544.08,544.08,4,4.0,1,1,0.6033,Naive Bayes
13391.0,132,1,59.8,59.8,133,133.0,1,1,0.8574,Naive Bayes
13392.0,606,1,91.14,91.14,607,607.0,1,1,1.0,Naive Bayes
13393.0,512,4,1131.45,282.86,662,49.7,1,1,0.9997,Naive Bayes
13394.0,7,17,5947.87,349.87,668,41.2,0,0,0.0016,Naive Bayes
13395.0,114,3,1180.23,393.41,351,118.0,1,1,0.7622,Naive Bayes
13396.0,248,1,387.27000000000004,387.27,249,249.0,0,1,0.9928,Naive Bayes
13397.0,1,10,3191.87,319.19,618,68.4,1,0,0.173,Naive Bayes
13398.0,121,2,670.34,335.17,378,256.0,1,1,0.9729,Naive Bayes
13399.0,393,3,275.4,91.8,449,27.5,1,1,0.9962,Naive Bayes
13400.0,511,1,310.83,310.83,512,512.0,1,1,1.0,Naive Bayes
13402.0,56,4,1226.8500000000001,306.71,494,145.7,1,1,0.7151,Naive Bayes
13403.0,316,2,154.5,77.25,653,336.0,0,1,0.9998,Naive Bayes
13404.0,141,1,217.81,217.81,142,142.0,0,1,0.8498,Naive Bayes
13405.0,133,5,1198.81,239.76,654,130.0,1,1,0.7031,Naive Bayes
13406.0,356,2,568.92,284.46,561,204.0,1,1,0.9969,Naive Bayes
13407.0,507,3,2244.7,748.23,591,41.5,1,1,0.9998,Naive Bayes
13408.0,4,90,42439.32,471.55,665,10.3,0,0,0.0,Naive Bayes
13410.0,3,8,1927.56,240.94,661,93.9,0,0,0.3364,Naive Bayes
13411.0,36,1,213.55,213.55,37,37.0,1,1,0.6166,Naive Bayes
13412.0,549,1,487.34999999999997,487.35,550,550.0,1,1,1.0,Naive Bayes
13413.0,568,6,429.44,71.57,617,16.0,1,1,1.0,Naive Bayes
13414.0,62,6,2494.14,415.69,533,94.0,1,1,0.5066,Naive Bayes
13415.0,401,4,784.17,196.04,658,128.0,1,1,0.9962,Naive Bayes
13416.0,10,2,503.3,251.65,666,655.0,0,1,1.0,Naive Bayes
13417.0,134,5,1264.66,252.93,599,154.7,0,1,0.7829,Naive Bayes
13418.0,13,29,10500.36,362.08,658,29.3,0,0,0.0,Naive Bayes
13420.0,78,2,159.85,79.92,100,21.0,1,1,0.7288,Naive Bayes
13421.0,219,7,3039.58,434.23,593,93.2,0,1,0.7443,Naive Bayes
13423.0,357,1,217.03,217.03,358,358.0,1,1,1.0,Naive Bayes
13424.0,378,1,572.77,572.77,379,379.0,1,1,1.0,Naive Bayes
13425.0,37,5,3390.4300000000003,678.09,509,117.8,1,1,0.5735,Naive Bayes
13426.0,18,18,6536.71,363.15,660,40.1,0,0,0.0006,Naive Bayes
13427.0,49,5,888.79,177.76,652,150.5,0,1,0.6582,Naive Bayes
13428.0,443,2,276.76,138.38,444,444.0,0,1,1.0,Naive Bayes
13429.0,4,1,330.6,330.6,5,5.0,0,1,0.5955,Naive Bayes
13430.0,15,1,336.31,336.31,16,16.0,0,1,0.5895,Naive Bayes
13431.0,17,7,2900.82,414.4,589,114.2,0,0,0.4146,Naive Bayes
13432.0,500,2,436.55,218.28,542,41.0,1,1,0.9997,Naive Bayes
13433.0,430,4,658.3199999999999,164.58,626,65.0,1,1,0.9977,Naive Bayes
13434.0,3,5,1666.8600000000001,333.37,585,145.2,1,1,0.6171,Naive Bayes
13435.0,4,6,2610.46,435.08,430,85.0,0,0,0.4934,Naive Bayes
13437.0,28,4,2173.6,543.4,120,30.3,0,1,0.6013,Naive Bayes
13438.0,476,1,46.5,46.5,477,477.0,1,1,1.0,Naive Bayes
13439.0,184,3,986.61,328.87,456,135.5,1,1,0.8726,Naive Bayes
13440.0,352,7,1295.25,185.04,381,14.0,1,1,0.9845,Naive Bayes
13441.0,20,2,720.9,360.45,361,340.0,1,1,0.9966,Naive Bayes
13442.0,596,3,419.87,139.96,668,35.5,1,1,1.0,Naive Bayes
13443.0,377,6,1269.3700000000001,211.56,607,45.8,1,1,0.9882,Naive Bayes
13444.0,303,2,619.08,309.54,436,132.0,1,1,0.9776,Naive Bayes
13445.0,555,1,241.89999999999998,241.9,556,556.0,1,1,1.0,Naive Bayes
13446.0,359,11,3881.89,352.9,593,23.3,1,1,0.8926,Naive Bayes
13448.0,9,11,7335.900000000001,666.9,663,72.6,0,0,0.0225,Naive Bayes
13450.0,18,12,3803.6,316.97,533,46.7,0,0,0.0869,Naive Bayes
13451.0,55,10,6576.16,657.62,558,55.8,0,0,0.0697,Naive Bayes
13452.0,188,3,729.8,243.27,402,106.5,1,1,0.8633,Naive Bayes
13453.0,94,3,781.6899999999999,260.56,332,118.5,1,1,0.7533,Naive Bayes
13454.0,570,1,219.87,219.87,571,571.0,1,1,1.0,Naive Bayes
13455.0,295,5,1847.59,369.52,660,91.0,0,1,0.9345,Naive Bayes
13456.0,84,3,855.0600000000001,285.02,137,26.0,0,1,0.686,Naive Bayes
13457.0,617,2,148.22,74.11,667,49.0,1,1,1.0,Naive Bayes
13458.0,28,12,9991.12,832.59,318,26.3,0,0,0.0043,Naive Bayes
13459.0,553,2,1160.4099999999999,580.2,612,58.0,1,1,0.9999,Naive Bayes
13461.0,67,5,3599.2,719.84,527,114.8,0,1,0.59,Naive Bayes
13462.0,181,5,1153.85,230.77,655,118.2,1,1,0.7778,Naive Bayes
13464.0,323,5,2422.96,484.59,548,74.7,0,1,0.9655,Naive Bayes
13465.0,375,2,931.12,465.56,516,140.0,1,1,0.9949,Naive Bayes
13466.0,113,5,1013.35,202.67,558,148.0,1,1,0.7636,Naive Bayes
13468.0,3,65,11943.45,183.75,666,10.7,0,0,0.0,Naive Bayes
13469.0,582,1,82.4,82.4,583,583.0,1,1,1.0,Naive Bayes
13470.0,28,2,165.0,82.5,45,16.0,1,1,0.6828,Naive Bayes
13472.0,392,2,592.24,296.12,485,92.0,1,1,0.9953,Naive Bayes
13473.0,261,7,2476.38,353.77,654,78.4,0,1,0.8338,Naive Bayes
13474.0,165,3,646.59,215.53,425,129.5,1,1,0.8556,Naive Bayes
13475.0,120,4,1431.78,357.94,228,35.7,1,1,0.7163,Naive Bayes
13476.0,107,5,2061.4700000000003,412.29,574,116.5,1,1,0.6377,Naive Bayes
13477.0,67,9,2264.14,251.57,613,77.9,0,0,0.3125,Naive Bayes
13478.0,398,5,2215.78,443.16,607,69.3,1,1,0.9928,Naive Bayes
13479.0,129,4,851.37,212.84,407,92.3,1,1,0.7545,Naive Bayes
13480.0,345,2,627.82,313.91,609,263.0,1,1,0.9988,Naive Bayes
13481.0,37,10,3387.61,338.76,665,89.6,0,0,0.1692,Naive Bayes
13482.0,161,2,336.09,168.04,557,395.0,1,1,0.9998,Naive Bayes
13484.0,170,3,790.72,263.57,569,199.0,1,1,0.9271,Naive Bayes
13485.0,162,11,3015.2200000000003,274.11,666,62.9,1,0,0.2508,Naive Bayes
13486.0,7,3,1122.41,374.14,85,38.5,1,1,0.6043,Naive Bayes
13487.0,142,4,680.27,170.07,664,173.7,0,1,0.8398,Naive Bayes
13488.0,1,21,12604.84,600.23,613,38.2,0,0,0.0,Naive Bayes
13489.0,34,4,449.52,112.38,224,63.0,1,1,0.6753,Naive Bayes
13490.0,583,1,154.25,154.25,584,584.0,1,1,1.0,Naive Bayes
13491.0,76,26,4340.29,166.93,662,23.4,0,0,0.0,Naive Bayes
13492.0,65,3,1269.84,423.28,144,39.0,1,1,0.6471,Naive Bayes
13493.0,204,2,498.63,249.32,217,12.0,1,1,0.88,Naive Bayes
13494.0,240,1,316.26000000000005,316.26,241,241.0,1,1,0.9904,Naive Bayes
13495.0,161,8,3890.87,486.36,662,71.4,0,0,0.4108,Naive Bayes
13496.0,288,1,501.01,501.01,289,289.0,0,1,0.9988,Naive Bayes
13497.0,211,6,1166.83,194.47,599,77.4,1,1,0.8052,Naive Bayes
13498.0,659,1,327.38,327.38,660,660.0,1,1,1.0,Naive Bayes
13499.0,2,3,613.85,204.62,199,98.0,0,1,0.6767,Naive Bayes
13500.0,51,2,625.93,312.96,331,279.0,0,1,0.9789,Naive Bayes
13501.0,217,3,2885.11,961.7,500,141.0,1,1,0.9512,Naive Bayes
13502.0,203,4,677.66,169.42,478,91.3,0,1,0.867,Naive Bayes
13503.0,0,5,1778.04,355.61,591,196.7,1,1,0.7737,Naive Bayes
13505.0,1,4,3633.63,908.41,162,53.3,1,1,0.6718,Naive Bayes
13506.0,245,5,1338.08,267.62,390,36.0,1,1,0.9069,Naive Bayes
13507.0,27,3,2022.79,674.26,75,23.5,0,1,0.6456,Naive Bayes
13508.0,172,2,287.05,143.52,572,399.0,1,1,0.9999,Naive Bayes
13509.0,28,5,825.02,165.0,437,102.0,0,1,0.6373,Naive Bayes
13510.0,24,9,3664.54,407.17,648,89.0,0,0,0.2066,Naive Bayes
13511.0,605,1,282.76,282.76,606,606.0,1,1,1.0,Naive Bayes
13512.0,189,4,713.39,178.35,513,107.7,1,1,0.8497,Naive Bayes
13513.0,55,3,824.59,274.86,585,264.5,1,1,0.9574,Naive Bayes
13514.0,2,4,815.9000000000001,203.98,612,203.0,1,1,0.8241,Naive Bayes
13515.0,1,6,1265.82,210.97,574,114.4,1,1,0.5426,Naive Bayes
13516.0,1,3,916.26,305.42,347,172.5,0,1,0.8013,Naive Bayes
13517.0,35,2,1612.18,806.09,109,73.0,0,1,0.7162,Naive Bayes
13518.0,14,1,627.16,627.16,15,15.0,1,1,0.6169,Naive Bayes
13519.0,7,2,343.21,171.6,372,364.0,1,1,0.9988,Naive Bayes
13520.0,66,10,4849.63,484.96,652,65.0,0,0,0.1159,Naive Bayes
13523.0,128,4,2938.93,734.73,332,101.5,0,1,0.7695,Naive Bayes
13524.0,10,4,483.86,120.96,149,46.0,0,1,0.657,Naive Bayes
13525.0,177,1,282.88,282.88,178,178.0,0,1,0.9281,Naive Bayes
13526.0,667,2,1182.0,591.0,668,668.0,1,1,1.0,Naive Bayes
13527.0,18,11,4146.72,376.97,617,66.4,0,0,0.0981,Naive Bayes
13529.0,7,2,307.76,153.88,134,126.0,1,1,0.7326,Naive Bayes
13530.0,563,1,402.97999999999996,402.98,564,564.0,1,1,1.0,Naive Bayes
13531.0,134,6,1433.07,238.84,666,132.8,1,1,0.6732,Naive Bayes
13533.0,111,3,269.09,89.7,197,85.0,1,1,0.782,Naive Bayes
13534.0,36,31,6222.35,200.72,450,18.8,0,0,0.0,Naive Bayes
13535.0,331,1,89.5,89.5,332,332.0,1,1,0.9999,Naive Bayes
13536.0,4,1,455.17,455.17,5,5.0,0,1,0.5921,Naive Bayes
13537.0,354,2,717.85,358.92,381,26.0,1,1,0.9886,Naive Bayes
13538.0,23,11,2813.03,255.73,605,58.1,0,0,0.1451,Naive Bayes
13539.0,14,7,1569.3600000000001,224.19,520,84.2,1,0,0.4705,Naive Bayes
13540.0,396,3,632.39,210.8,585,188.0,1,1,0.9984,Naive Bayes
13541.0,356,2,785.25,392.62,500,143.0,1,1,0.9925,Naive Bayes
13542.0,305,17,3959.4900000000002,232.91,659,22.1,1,0,0.0844,Naive Bayes
13543.0,563,2,1439.6100000000001,719.8,617,53.0,1,1,1.0,Naive Bayes
13544.0,169,5,627.15,125.43,574,134.7,0,1,0.8339,Naive Bayes
13545.0,319,2,364.93,182.46,474,154.0,1,1,0.988,Naive Bayes
13546.0,129,3,647.41,215.8,354,112.0,0,1,0.7939,Naive Bayes
13547.0,337,1,164.53,164.53,338,338.0,1,1,0.9999,Naive Bayes
13548.0,25,3,901.44,300.48,401,187.5,1,1,0.8351,Naive Bayes
13549.0,71,6,849.65,141.61,317,49.0,0,1,0.6349,Naive Bayes
13550.0,312,1,342.55,342.55,313,313.0,1,1,0.9996,Naive Bayes
13551.0,248,2,244.2,122.1,596,347.0,1,1,0.9996,Naive Bayes
13552.0,15,21,6523.4,310.64,588,47.7,0,0,0.0001,Naive Bayes
13553.0,603,1,499.6,499.6,604,604.0,1,1,1.0,Naive Bayes
13554.0,309,7,1629.35,232.76,376,13.2,1,1,0.96,Naive Bayes
13555.0,2,13,8891.84,683.99,619,77.0,1,0,0.0033,Naive Bayes
13556.0,358,2,200.82,100.41,365,6.0,1,1,0.9926,Naive Bayes
13557.0,209,12,2688.88,224.07,661,45.1,0,0,0.3009,Naive Bayes
13559.0,441,2,990.0,495.0,473,31.0,1,1,0.9985,Naive Bayes
13561.0,144,11,1803.4,163.95,579,48.2,1,0,0.3158,Naive Bayes
13562.0,10,8,4838.18,604.77,624,102.2,1,0,0.2217,Naive Bayes
13563.0,13,2,777.53,388.76,70,56.0,1,1,0.6019,Naive Bayes
13564.0,283,36,15880.22,441.12,667,16.0,1,0,0.0,Naive Bayes
13565.0,263,2,284.76,142.38,341,77.0,0,1,0.9496,Naive Bayes
13566.0,11,4,1395.22,348.8,569,185.7,0,1,0.7704,Naive Bayes
13567.0,357,4,1079.29,269.82,471,56.5,1,1,0.988,Naive Bayes
13568.0,102,1,187.05,187.05,103,103.0,1,1,0.745,Naive Bayes
13569.0,296,3,497.74,165.91,358,30.5,0,1,0.9691,Naive Bayes
13570.0,172,1,239.49,239.49,173,173.0,1,1,0.9212,Naive Bayes
13571.0,21,21,3532.15,168.2,661,32.0,0,0,0.0002,Naive Bayes
13572.0,134,1,1384.25,1384.25,135,135.0,1,1,0.9845,Naive Bayes
13573.0,182,5,644.59,128.92,567,128.0,0,1,0.8458,Naive Bayes
13574.0,340,1,404.45,404.45,341,341.0,1,1,0.9999,Naive Bayes
13575.0,62,2,218.75,109.38,106,43.0,0,1,0.6952,Naive Bayes
13576.0,0,24,9828.630000000001,409.53,661,28.7,0,0,0.0,Naive Bayes
13577.0,21,10,2990.48,299.05,655,70.3,0,0,0.1724,Naive Bayes
13578.0,338,1,147.66,147.66,339,339.0,1,1,0.9999,Naive Bayes
13579.0,298,4,1072.0,268.0,589,96.7,0,1,0.9573,Naive Bayes
13580.0,335,1,107.75,107.75,336,336.0,1,1,0.9999,Naive Bayes
13581.0,238,2,280.53000000000003,140.27,344,105.0,1,1,0.9363,Naive Bayes
13582.0,318,2,241.68,120.84,547,228.0,1,1,0.9965,Naive Bayes
13583.0,84,2,1445.03,722.52,609,524.0,1,1,1.0,Naive Bayes
13584.0,235,3,385.7,128.57,605,184.5,1,1,0.9614,Naive Bayes
13585.0,459,3,684.54,228.18,668,104.0,1,1,0.999,Naive Bayes
13586.0,470,1,127.28,127.28,471,471.0,1,1,1.0,Naive Bayes
13587.0,378,3,961.1,320.37,593,214.0,0,1,0.9983,Naive Bayes
13588.0,15,5,1605.94,321.19,185,42.2,0,1,0.5834,Naive Bayes
13589.0,108,5,888.09,177.62,663,138.5,0,1,0.6911,Naive Bayes
13590.0,79,16,5470.5,341.91,668,42.0,0,0,0.0051,Naive Bayes
13591.0,133,6,1753.04,292.17,655,104.2,0,1,0.604,Naive Bayes
13592.0,134,3,205.51,68.5,194,29.5,0,1,0.8062,Naive Bayes
13593.0,37,14,5493.29,392.38,577,44.9,1,0,0.0167,Naive Bayes
13594.0,414,1,136.35000000000002,136.35,415,415.0,0,1,1.0,Naive Bayes
13595.0,445,3,784.48,261.49,576,65.0,1,1,0.9985,Naive Bayes
13597.0,329,2,396.71,198.36,332,2.0,1,1,0.9848,Naive Bayes
13598.0,424,4,601.92,150.48,581,78.0,0,1,0.9977,Naive Bayes
13599.0,13,22,7495.0,340.68,668,46.7,0,0,0.0,Naive Bayes
13600.0,241,2,518.42,259.21,564,322.0,1,1,0.9988,Naive Bayes
13601.0,140,3,839.87,279.96,476,167.5,0,1,0.8665,Naive Bayes
13602.0,310,3,596.28,198.76,490,89.5,0,1,0.9736,Naive Bayes
13604.0,587,1,717.62,717.62,588,588.0,1,1,1.0,Naive Bayes
13605.0,316,2,522.67,261.33,501,184.0,1,1,0.9908,Naive Bayes
13606.0,172,2,246.63,123.32,241,68.0,0,1,0.8471,Naive Bayes
13607.0,331,1,400.3,400.3,332,332.0,0,1,0.9999,Naive Bayes
13608.0,469,1,232.05,232.05,470,470.0,1,1,1.0,Naive Bayes
13609.0,522,1,167.35,167.35,523,523.0,1,1,1.0,Naive Bayes
13610.0,39,12,1784.89,148.74,633,53.9,0,0,0.1238,Naive Bayes
13611.0,18,10,3297.9300000000003,329.79,666,71.9,1,0,0.1562,Naive Bayes
13612.0,561,1,818.29,818.29,562,562.0,1,1,1.0,Naive Bayes
13613.0,381,5,1039.8500000000001,207.97,590,104.0,1,1,0.9928,Naive Bayes
13614.0,18,5,1828.31,365.66,481,115.5,0,1,0.5904,Naive Bayes
13615.0,247,8,6272.53,784.07,610,51.7,1,1,0.5507,Naive Bayes
13616.0,497,2,283.85,141.93,621,123.0,1,1,0.9998,Naive Bayes
13617.0,42,7,1100.27,157.18,425,63.7,0,1,0.5333,Naive Bayes
13618.0,102,1,177.34,177.34,103,103.0,1,1,0.7474,Naive Bayes
13619.0,473,2,223.44,111.72,604,130.0,1,1,0.9996,Naive Bayes
13620.0,457,1,112.34,112.34,458,458.0,1,1,1.0,Naive Bayes
13621.0,45,1,213.85,213.85,46,46.0,1,1,0.6239,Naive Bayes
13622.0,625,1,658.95,658.95,626,626.0,1,1,1.0,Naive Bayes
13623.0,139,9,2344.49,260.5,667,65.9,0,0,0.3822,Naive Bayes
13624.0,317,1,462.08,462.08,318,318.0,1,1,0.9997,Naive Bayes
13625.0,525,1,301.26,301.26,526,526.0,1,1,1.0,Naive Bayes
13626.0,181,2,707.04,353.52,309,127.0,1,1,0.874,Naive Bayes
13627.0,8,6,1941.61,323.6,570,112.2,0,1,0.5063,Naive Bayes
13628.0,605,1,310.14,310.14,606,606.0,1,1,1.0,Naive Bayes
13629.0,28,16,11296.86,706.05,596,37.8,0,0,0.0001,Naive Bayes
13630.0,4,6,1799.78,299.96,215,42.0,0,1,0.5456,Naive Bayes
13631.0,28,11,3070.42,279.13,197,28.0,1,0,0.2068,Naive Bayes
13632.0,102,6,2339.14,389.86,541,87.6,0,1,0.5571,Naive Bayes
13634.0,15,14,4785.2,341.8,628,51.0,0,0,0.0195,Naive Bayes
13635.0,371,3,1928.1299999999999,642.71,668,148.0,0,1,0.9934,Naive Bayes
13636.0,51,4,646.55,161.64,215,54.3,0,1,0.6691,Naive Bayes
13637.0,116,2,677.4,338.7,156,39.0,0,1,0.719,Naive Bayes
13639.0,3,2,1346.27,673.14,366,362.0,1,1,0.9987,Naive Bayes
13640.0,540,1,405.0,405.0,541,541.0,1,1,1.0,Naive Bayes
13641.0,569,4,942.37,235.59,664,47.0,1,1,1.0,Naive Bayes
13642.0,144,4,472.2,118.05,362,217.0,1,1,0.9564,Naive Bayes
13643.0,27,9,1896.73,210.75,661,79.1,0,0,0.2768,Naive Bayes
13644.0,2,2,1398.6100000000001,699.3,35,32.0,0,1,0.6433,Naive Bayes
13645.0,49,1,252.1,252.1,50,50.0,1,1,0.6191,Naive Bayes
13646.0,328,2,326.25,163.12,329,329.0,1,1,0.9999,Naive Bayes
13647.0,0,7,2669.46,381.35,533,106.4,0,0,0.4352,Naive Bayes
13648.0,329,8,1759.07,219.88,668,56.3,1,1,0.94,Naive Bayes
13649.0,185,6,1453.68,242.28,457,54.2,1,1,0.7745,Naive Bayes
13650.0,17,7,2515.14,359.31,612,99.0,0,0,0.394,Naive Bayes
13651.0,310,1,132.65,132.65,311,311.0,0,1,0.9997,Naive Bayes
13652.0,185,4,1805.21,451.3,582,132.0,0,1,0.8272,Naive Bayes
13653.0,416,1,152.2,152.2,417,417.0,1,1,1.0,Naive Bayes
13654.0,74,9,5314.94,590.55,667,74.0,0,0,0.1409,Naive Bayes
13655.0,43,6,2280.51,380.08,521,95.4,1,1,0.505,Naive Bayes
13656.0,93,4,1078.85,269.71,525,143.7,1,1,0.7436,Naive Bayes
13657.0,130,1,152.34,152.34,131,131.0,0,1,0.8311,Naive Bayes
13658.0,14,7,5483.1,783.3,602,117.4,0,0,0.2994,Naive Bayes
13659.0,134,12,4884.68,407.06,590,45.5,1,0,0.0938,Naive Bayes
13660.0,329,1,306.64,306.64,330,330.0,1,1,0.9999,Naive Bayes
13661.0,532,1,325.24,325.24,533,533.0,1,1,1.0,Naive Bayes
13662.0,14,11,2233.61,203.06,588,95.5,1,0,0.1887,Naive Bayes
13663.0,108,5,2047.51,409.5,576,116.8,1,1,0.6394,Naive Bayes
13665.0,315,3,1711.6599999999999,570.55,434,59.0,1,1,0.9731,Naive Bayes
13666.0,216,4,106.45,26.61,665,224.0,0,1,0.9756,Naive Bayes
13667.0,78,1,299.05,299.05,79,79.0,1,1,0.6613,Naive Bayes
13668.0,42,30,11539.62,384.65,658,21.2,0,0,0.0,Naive Bayes
13669.0,78,2,243.15,121.58,337,258.0,0,1,0.9732,Naive Bayes
13670.0,4,1,349.7,349.7,5,5.0,1,1,0.5936,Naive Bayes
13671.0,323,1,172.6,172.6,324,324.0,1,1,0.9998,Naive Bayes
13672.0,230,3,419.92,139.97,660,214.5,1,1,0.972,Naive Bayes
13674.0,361,1,240.68,240.68,362,362.0,1,1,1.0,Naive Bayes
13675.0,80,2,486.82000000000005,243.41,214,133.0,1,1,0.7733,Naive Bayes
13676.0,468,2,243.9,121.95,549,80.0,1,1,0.9994,Naive Bayes
13677.0,333,2,551.24,275.62,450,116.0,1,1,0.9857,Naive Bayes
13678.0,80,1,232.6,232.6,81,81.0,1,1,0.6781,Naive Bayes
13679.0,422,3,281.26,93.75,665,121.0,1,1,0.998,Naive Bayes
13680.0,266,10,10092.14,1009.21,665,44.2,0,0,0.073,Naive Bayes
13681.0,84,1,203.46,203.46,85,85.0,0,1,0.6944,Naive Bayes
13682.0,116,1,59.5,59.5,117,117.0,1,1,0.8177,Naive Bayes
13683.0,386,1,258.6,258.6,387,387.0,1,1,1.0,Naive Bayes
13684.0,214,4,594.88,148.72,551,112.0,1,1,0.8868,Naive Bayes
13686.0,111,3,409.04,136.35,331,109.5,1,1,0.7866,Naive Bayes
13687.0,367,1,11880.84,11880.84,368,368.0,1,1,1.0,Naive Bayes
13688.0,564,1,375.5,375.5,565,565.0,1,1,1.0,Naive Bayes
13689.0,373,1,349.5,349.5,374,374.0,0,1,1.0,Naive Bayes
13691.0,325,1,210.78,210.78,326,326.0,1,1,0.9998,Naive Bayes
13692.0,142,4,2497.66,624.42,350,69.0,0,1,0.7458,Naive Bayes
13693.0,303,9,2011.82,223.54,662,44.8,1,1,0.873,Naive Bayes
13694.0,0,135,182128.13,1349.1,665,8.6,0,0,0.0,Naive Bayes
13695.0,10,14,2363.55,168.82,507,41.3,0,0,0.0552,Naive Bayes
13696.0,350,3,2020.4,673.47,596,122.5,1,1,0.9887,Naive Bayes
13698.0,525,2,451.73,225.86,611,85.0,1,1,0.9999,Naive Bayes
13699.0,84,2,764.15,382.08,480,395.0,1,1,0.9996,Naive Bayes
13700.0,21,11,1983.11,180.28,600,72.2,0,0,0.179,Naive Bayes
13701.0,375,1,161.0,161.0,376,376.0,1,1,1.0,Naive Bayes
13702.0,374,1,135.18,135.18,375,375.0,1,1,1.0,Naive Bayes
13703.0,247,2,425.56,212.78,345,97.0,1,1,0.9359,Naive Bayes
13704.0,2,5,1289.4,257.88,18,3.8,0,1,0.5993,Naive Bayes
13705.0,73,6,1528.01,254.67,554,96.0,0,1,0.5577,Naive Bayes
13706.0,231,2,631.17,315.58,556,324.0,1,1,0.9986,Naive Bayes
13707.0,196,5,3365.86,673.17,466,89.7,1,1,0.8042,Naive Bayes
13708.0,200,1,283.33,283.33,201,201.0,1,1,0.9624,Naive Bayes
13709.0,30,10,4182.51,418.25,627,85.1,0,0,0.1432,Naive Bayes
13710.0,352,2,329.04,164.52,542,189.0,0,1,0.9962,Naive Bayes
13711.0,147,9,1792.26,199.14,654,72.3,1,0,0.4446,Naive Bayes
13712.0,175,2,766.42,383.21,540,364.0,1,1,0.9993,Naive Bayes
13713.0,337,3,740.76,246.92,513,87.5,1,1,0.9831,Naive Bayes
13714.0,394,1,161.35,161.35,395,395.0,1,1,1.0,Naive Bayes
13715.0,210,17,8153.04,479.59,568,23.8,1,0,0.0023,Naive Bayes
13716.0,198,1,138.28,138.28,199,199.0,1,1,0.966,Naive Bayes
13717.0,57,6,1274.28,212.38,415,71.4,0,1,0.5819,Naive Bayes
13718.0,175,2,306.55,153.28,225,49.0,1,1,0.8423,Naive Bayes
13719.0,134,8,2079.16,259.9,501,52.3,0,1,0.5345,Naive Bayes
13720.0,45,4,799.9,199.98,184,46.0,1,1,0.6526,Naive Bayes
13721.0,324,1,217.39999999999998,217.4,325,325.0,0,1,0.9998,Naive Bayes
13722.0,60,10,5635.41,563.54,576,103.0,1,0,0.1184,Naive Bayes
13723.0,146,6,1194.08,199.01,541,98.5,1,1,0.7085,Naive Bayes
13724.0,566,1,213.01,213.01,567,567.0,1,1,1.0,Naive Bayes
13725.0,98,7,1865.7,266.53,238,23.2,0,1,0.5985,Naive Bayes
13726.0,29,1,292.68,292.68,30,30.0,0,1,0.596,Naive Bayes
13727.0,540,6,740.6700000000001,123.44,660,39.7,0,1,0.9999,Naive Bayes
13728.0,36,15,2636.05,175.74,660,44.5,0,0,0.023,Naive Bayes
13729.0,364,3,724.73,241.58,614,124.5,1,1,0.9912,Naive Bayes
13730.0,64,2,752.6,376.3,91,26.0,1,1,0.6458,Naive Bayes
13731.0,148,2,610.59,305.3,176,27.0,1,1,0.7789,Naive Bayes
13733.0,339,2,487.03000000000003,243.52,665,325.0,1,1,0.9998,Naive Bayes
13734.0,437,4,6695.6900000000005,1673.92,532,47.0,1,1,0.9999,Naive Bayes
13735.0,104,11,8288.92,753.54,656,61.2,0,0,0.0192,Naive Bayes
13736.0,189,6,2380.2,396.7,663,118.2,0,1,0.7286,Naive Bayes
13737.0,129,1,339.59999999999997,339.6,130,130.0,1,1,0.8017,Naive Bayes
13738.0,325,1,434.78000000000003,434.78,326,326.0,1,1,0.9998,Naive Bayes
13739.0,456,1,75.3,75.3,457,457.0,0,1,1.0,Naive Bayes
13740.0,169,5,1582.77,316.55,667,124.2,1,1,0.7406,Naive Bayes
13741.0,0,3,668.4300000000001,222.81,147,73.0,1,1,0.6434,Naive Bayes
13742.0,18,11,2775.4700000000003,252.32,250,25.7,0,0,0.2168,Naive Bayes
13743.0,17,6,1065.84,177.64,189,34.2,0,1,0.5914,Naive Bayes
13744.0,24,2,1080.52,540.26,222,197.0,1,1,0.87,Naive Bayes
13745.0,91,2,777.36,388.68,476,384.0,1,1,0.9994,Naive Bayes
13746.0,342,1,176.69,176.69,343,343.0,1,1,0.9999,Naive Bayes
13747.0,302,2,169.79999999999998,84.9,354,51.0,1,1,0.975,Naive Bayes
13748.0,24,9,2064.35,229.37,668,91.9,1,0,0.2763,Naive Bayes
13750.0,69,10,3271.55,327.16,547,53.0,0,0,0.2196,Naive Bayes
13751.0,217,1,296.25,296.25,218,218.0,1,1,0.9781,Naive Bayes
13752.0,53,7,1579.8300000000002,225.69,457,67.2,1,1,0.5072,Naive Bayes
13753.0,216,4,2094.57,523.64,666,149.7,1,1,0.8772,Naive Bayes
13754.0,80,3,447.05,149.02,367,143.0,1,1,0.7991,Naive Bayes
13756.0,22,17,6438.76,378.75,654,39.4,0,0,0.0013,Naive Bayes
13757.0,603,1,195.55,195.55,604,604.0,1,1,1.0,Naive Bayes
13758.0,130,12,7756.26,646.36,668,48.8,0,0,0.0184,Naive Bayes
13759.0,0,1,560.4100000000001,560.41,1,1.0,0,1,0.6089,Naive Bayes
13760.0,185,4,1211.94,302.98,523,112.3,0,1,0.8283,Naive Bayes
13761.0,108,5,1373.23,274.65,586,159.0,0,1,0.757,Naive Bayes
13762.0,147,5,2472.48,494.5,628,120.0,1,1,0.6835,Naive Bayes
13763.0,346,2,3502.48,1751.24,365,18.0,0,1,0.9999,Naive Bayes
13764.0,73,5,2335.54,467.11,572,166.0,0,1,0.7123,Naive Bayes
13765.0,582,1,352.82,352.82,583,583.0,1,1,1.0,Naive Bayes
13766.0,424,1,190.35,190.35,425,425.0,1,1,1.0,Naive Bayes
13767.0,9,69,29986.58,434.59,668,12.2,0,0,0.0,Naive Bayes
13768.0,655,2,875.97,437.98,660,4.0,1,1,1.0,Naive Bayes
13769.0,21,18,4858.2300000000005,269.9,653,42.1,0,0,0.0015,Naive Bayes
13770.0,351,4,785.37,196.34,660,102.7,1,1,0.9844,Naive Bayes
13771.0,128,7,4559.22,651.32,582,90.6,0,0,0.4371,Naive Bayes
13772.0,25,7,2660.36,380.05,584,111.6,0,0,0.4281,Naive Bayes
13773.0,325,2,301.54,150.77,589,263.0,1,1,0.9985,Naive Bayes
13774.0,10,1,345.0,345.0,11,11.0,1,1,0.5904,Naive Bayes
13775.0,519,1,1049.66,1049.66,520,520.0,1,1,1.0,Naive Bayes
13777.0,6,55,36682.6,666.96,667,16.1,0,0,0.0,Naive Bayes
13778.0,32,4,1124.49,281.12,495,154.0,1,1,0.7239,Naive Bayes
13779.0,444,1,161.13,161.13,445,445.0,1,1,1.0,Naive Bayes
13780.0,99,2,488.34000000000003,244.17,337,237.0,0,1,0.9549,Naive Bayes
13781.0,179,3,778.83,259.61,651,235.5,1,1,0.9615,Naive Bayes
13782.0,53,10,1362.01,136.2,663,67.7,0,0,0.2474,Naive Bayes
13783.0,416,4,1542.09,385.52,603,62.0,1,1,0.996,Naive Bayes
13784.0,23,12,2571.59,214.3,380,32.4,0,0,0.151,Naive Bayes
13785.0,357,4,542.49,135.62,390,16.0,1,1,0.9912,Naive Bayes
13786.0,296,6,3127.99,521.33,666,73.8,1,1,0.9059,Naive Bayes
13787.0,4,6,1222.5,203.75,624,123.8,1,1,0.5378,Naive Bayes
13788.0,434,1,3.75,3.75,435,435.0,1,1,1.0,Naive Bayes
13789.0,317,1,239.45999999999998,239.46,318,318.0,1,1,0.9997,Naive Bayes
13791.0,56,2,1516.0,758.0,98,41.0,1,1,0.7015,Naive Bayes
13792.0,216,2,263.0,131.5,352,135.0,0,1,0.9336,Naive Bayes
13793.0,575,1,96.0,96.0,576,576.0,1,1,1.0,Naive Bayes
13794.0,475,1,126.03,126.03,476,476.0,1,1,1.0,Naive Bayes
13795.0,317,4,836.3,209.08,567,83.0,1,1,0.9712,Naive Bayes
13796.0,428,1,289.7,289.7,429,429.0,1,1,1.0,Naive Bayes
13797.0,365,3,1179.45,393.15,577,105.5,1,1,0.9899,Naive Bayes
13798.0,1,98,68696.52,700.98,661,7.7,0,0,0.0,Naive Bayes
13799.0,45,9,2803.57,311.51,574,66.0,1,0,0.2763,Naive Bayes
13800.0,238,3,1679.56,559.85,666,213.5,1,1,0.9693,Naive Bayes
13802.0,67,19,26259.11,1382.06,591,30.8,1,0,0.0,Naive Bayes
13803.0,184,3,1338.91,446.3,548,181.5,1,1,0.9142,Naive Bayes
13804.0,7,7,2808.31,401.19,366,59.7,0,0,0.4373,Naive Bayes
13805.0,58,1,500.24,500.24,59,59.0,0,1,0.6192,Naive Bayes
13807.0,296,3,422.2,140.73,665,184.0,1,1,0.9833,Naive Bayes
13808.0,22,2,723.1,361.55,26,3.0,0,1,0.6233,Naive Bayes
13809.0,234,3,679.7,226.57,390,77.5,1,1,0.9119,Naive Bayes
13811.0,112,2,519.75,259.88,169,56.0,1,1,0.724,Naive Bayes
13812.0,34,1,260.74,260.74,35,35.0,0,1,0.6042,Naive Bayes
13813.0,18,6,1787.99,298.0,663,128.8,0,0,0.4992,Naive Bayes
13814.0,21,3,2257.32,752.44,457,217.5,1,1,0.9089,Naive Bayes
13815.0,101,6,5760.13,960.02,595,98.6,0,0,0.4739,Naive Bayes
13817.0,280,1,110.7,110.7,281,281.0,0,1,0.9986,Naive Bayes
13818.0,358,1,61.28,61.28,359,359.0,1,1,1.0,Naive Bayes
13819.0,230,6,2642.35,440.39,668,87.4,1,1,0.7813,Naive Bayes
13820.0,347,3,652.75,217.58,610,131.0,1,1,0.9884,Naive Bayes
13821.0,73,6,1379.08,229.85,634,112.0,1,1,0.5487,Naive Bayes
13823.0,20,6,3096.21,516.04,654,126.6,0,0,0.4464,Naive Bayes
13824.0,64,11,3045.66,276.88,567,50.2,0,0,0.1643,Naive Bayes
13825.0,550,2,255.59,127.8,660,109.0,1,1,1.0,Naive Bayes
13826.0,105,1,189.5,189.5,106,106.0,1,1,0.7527,Naive Bayes
13827.0,62,2,300.76,150.38,73,10.0,0,1,0.6941,Naive Bayes
13829.0,350,1,102.0,102.0,351,351.0,1,1,1.0,Naive Bayes
13830.0,510,1,156.85000000000002,156.85,511,511.0,1,1,1.0,Naive Bayes
13831.0,16,17,6178.139999999999,363.42,659,40.1,0,0,0.0015,Naive Bayes
13832.0,351,1,557.6899999999999,557.69,352,352.0,0,1,1.0,Naive Bayes
13833.0,88,2,700.41,350.2,334,245.0,1,1,0.9571,Naive Bayes
13834.0,505,2,324.19,162.1,599,93.0,1,1,0.9998,Naive Bayes
13835.0,84,5,798.04,159.61,575,122.5,0,1,0.6728,Naive Bayes
13836.0,328,2,620.37,310.18,344,15.0,1,1,0.9818,Naive Bayes
13837.0,140,2,266.59000000000003,133.3,247,106.0,1,1,0.826,Naive Bayes
13838.0,46,9,1482.79,164.75,509,115.5,0,0,0.4387,Naive Bayes
13839.0,415,1,139.95000000000002,139.95,416,416.0,1,1,1.0,Naive Bayes
13840.0,345,1,651.4,651.4,346,346.0,1,1,0.9999,Naive Bayes
13841.0,181,1,85.0,85.0,182,182.0,1,1,0.9492,Naive Bayes
13842.0,1,17,4737.65,278.69,591,42.1,0,0,0.0036,Naive Bayes
13843.0,310,1,319.75,319.75,311,311.0,1,1,0.9996,Naive Bayes
13846.0,171,3,1106.66,368.89,329,78.5,0,1,0.8138,Naive Bayes
13847.0,648,1,310.72,310.72,649,649.0,1,1,1.0,Naive Bayes
13848.0,21,8,3015.0,376.88,660,91.1,1,0,0.2841,Naive Bayes
13849.0,99,4,2524.93,631.23,554,151.3,0,1,0.7462,Naive Bayes
13850.0,58,1,1595.48,1595.48,59,59.0,1,1,0.9882,Naive Bayes
13851.0,24,8,4606.46,575.81,609,97.3,1,0,0.2378,Naive Bayes
13852.0,539,1,187.35000000000002,187.35,540,540.0,1,1,1.0,Naive Bayes
13854.0,17,35,10606.4,303.04,630,18.5,0,0,0.0,Naive Bayes
13855.0,429,4,1310.3400000000001,327.59,661,77.0,1,1,0.997,Naive Bayes
13856.0,97,11,1142.03,103.82,549,45.1,1,0,0.2772,Naive Bayes
13857.0,322,6,1000.91,166.82,501,44.5,1,1,0.9705,Naive Bayes
13859.0,255,2,515.86,257.93,459,203.0,1,1,0.9816,Naive Bayes
13860.0,15,1,405.88,405.88,16,16.0,0,1,0.5855,Naive Bayes
13861.0,358,2,273.26,136.63,460,101.0,1,1,0.9919,Naive Bayes
13862.0,1,8,2436.43,304.55,319,45.3,0,0,0.4105,Naive Bayes
13863.0,176,4,1239.55,309.89,523,115.3,1,1,0.8156,Naive Bayes
13864.0,315,1,662.4000000000001,662.4,316,316.0,1,1,0.9997,Naive Bayes
13865.0,65,3,383.34000000000003,127.78,219,76.5,0,1,0.7109,Naive Bayes
13866.0,3,1,145.67000000000002,145.67,4,4.0,1,1,0.6395,Naive Bayes
13867.0,3,2,582.64,291.32,148,144.0,0,1,0.743,Naive Bayes
13869.0,52,10,7996.87,799.69,621,63.1,1,0,0.0313,Naive Bayes
13870.0,30,12,5120.61,426.72,599,63.1,0,0,0.0491,Naive Bayes
13871.0,21,13,6095.24,468.86,649,52.2,0,0,0.0169,Naive Bayes
13872.0,456,3,919.57,306.52,655,99.0,1,1,0.9988,Naive Bayes
13873.0,48,8,1038.92,129.86,576,75.3,1,0,0.4336,Naive Bayes
13874.0,287,7,2049.15,292.74,603,52.5,1,1,0.9024,Naive Bayes
13875.0,62,13,4452.38,342.49,652,53.5,0,0,0.0398,Naive Bayes
13877.0,15,3,449.68,149.89,619,301.5,1,1,0.9841,Naive Bayes
13878.0,476,3,1145.33,381.78,534,28.5,0,1,0.9994,Naive Bayes
13879.0,574,1,395.5,395.5,575,575.0,1,1,1.0,Naive Bayes
13880.0,16,15,3575.11,238.34,492,43.2,0,0,0.0238,Naive Bayes
13881.0,0,35,37743.76,1078.39,575,23.9,0,0,0.0,Naive Bayes
13883.0,147,13,5603.67,431.05,579,47.9,0,0,0.0512,Naive Bayes
13884.0,18,9,1577.93,175.33,400,63.5,0,0,0.3881,Naive Bayes
13885.0,118,2,506.8,253.4,130,11.0,1,1,0.7453,Naive Bayes
13886.0,0,1,243.56,243.56,1,1.0,1,1,0.6136,Naive Bayes
13887.0,133,1,349.55,349.55,134,134.0,1,1,0.8133,Naive Bayes
13888.0,48,7,2001.59,285.94,505,114.0,1,1,0.5237,Naive Bayes
13889.0,21,6,1991.23,331.87,616,118.8,1,0,0.4967,Naive Bayes
13890.0,36,6,1544.68,257.45,663,125.2,0,1,0.5133,Naive Bayes
13891.0,307,3,859.21,286.4,512,102.0,1,1,0.9707,Naive Bayes
13892.0,175,3,689.1999999999999,229.73,505,164.5,0,1,0.8988,Naive Bayes
13893.0,226,1,821.1,821.1,227,227.0,1,1,0.9896,Naive Bayes
13894.0,239,1,160.85,160.85,240,240.0,0,1,0.9915,Naive Bayes
13895.0,72,4,2352.75,588.19,666,197.7,0,1,0.7959,Naive Bayes
13896.0,554,1,388.55,388.55,555,555.0,1,1,1.0,Naive Bayes
13897.0,367,2,849.56,424.78,607,239.0,0,1,0.9987,Naive Bayes
13898.0,254,2,686.4,343.2,341,86.0,1,1,0.9333,Naive Bayes
13899.0,203,1,298.5,298.5,204,204.0,0,1,0.9654,Naive Bayes
13900.0,112,6,1610.59,268.43,554,88.2,1,1,0.603,Naive Bayes
13901.0,1,15,5676.34,378.42,633,57.4,1,0,0.0073,Naive Bayes
13902.0,561,5,34023.26,6804.65,654,23.0,1,1,1.0,Naive Bayes
13903.0,329,1,165.45000000000002,165.45,330,330.0,1,1,0.9999,Naive Bayes
13904.0,223,1,201.12,201.12,224,224.0,0,1,0.9837,Naive Bayes
13905.0,661,1,312.65,312.65,662,662.0,1,1,1.0,Naive Bayes
13906.0,338,1,42.0,42.0,339,339.0,1,1,0.9999,Naive Bayes
13907.0,620,1,136.8,136.8,621,621.0,1,1,1.0,Naive Bayes
13908.0,8,4,2319.55,579.89,206,65.7,1,1,0.6014,Naive Bayes
13909.0,352,2,282.85,141.43,451,98.0,1,1,0.9906,Naive Bayes
13911.0,73,19,4091.71,215.35,578,29.6,0,0,0.0014,Naive Bayes
13912.0,352,1,124.95,124.95,353,353.0,1,1,1.0,Naive Bayes
13913.0,435,1,42.22,42.22,436,436.0,1,1,1.0,Naive Bayes
13915.0,323,1,70.80000000000001,70.8,324,324.0,1,1,0.9998,Naive Bayes
13916.0,392,4,1275.81,318.95,605,70.7,1,1,0.9931,Naive Bayes
13917.0,120,1,65.38,65.38,121,121.0,0,1,0.8261,Naive Bayes
13918.0,182,1,198.2,198.2,183,183.0,0,1,0.9417,Naive Bayes
13919.0,50,3,1099.02,366.34,470,209.5,0,1,0.8784,Naive Bayes
13920.0,360,4,1774.68,443.67,492,43.7,1,1,0.9872,Naive Bayes
13921.0,331,4,730.7,182.68,651,106.3,1,1,0.9777,Naive Bayes
13922.0,280,3,865.2,288.4,397,58.0,1,1,0.9517,Naive Bayes
13924.0,1,1,679.03,679.03,2,2.0,0,1,0.6406,Naive Bayes
13925.0,21,4,678.25,169.56,64,21.0,1,1,0.6442,Naive Bayes
13927.0,3,2,708.26,354.13,367,363.0,1,1,0.9985,Naive Bayes
13928.0,35,2,225.45000000000002,112.72,63,27.0,0,1,0.6715,Naive Bayes
13929.0,98,11,3494.1,317.65,624,65.6,1,0,0.1572,Naive Bayes
13930.0,65,1,210.0,210.0,66,66.0,0,1,0.6529,Naive Bayes
13931.0,24,11,5257.38,477.94,666,91.6,1,0,0.0652,Naive Bayes
13932.0,223,1,307.4,307.4,224,224.0,1,1,0.9821,Naive Bayes
13933.0,38,2,608.7900000000001,304.4,78,39.0,1,1,0.623,Naive Bayes
13934.0,192,1,922.1,922.1,193,193.0,1,1,0.9754,Naive Bayes
13935.0,525,3,6116.92,2038.97,582,28.0,1,1,1.0,Naive Bayes
13936.0,108,3,939.66,313.22,344,117.5,1,1,0.7604,Naive Bayes
13937.0,98,2,880.13,440.06,332,233.0,1,1,0.9468,Naive Bayes
13939.0,37,6,1382.62,230.44,542,100.8,0,1,0.5433,Naive Bayes
13940.0,45,2,391.06,195.53,74,28.0,0,1,0.6537,Naive Bayes
13941.0,18,14,8773.52,626.68,653,52.8,0,0,0.0018,Naive Bayes
13942.0,463,1,320.0,320.0,464,464.0,1,1,1.0,Naive Bayes
13943.0,506,1,246.54,246.54,507,507.0,1,1,1.0,Naive Bayes
13944.0,582,1,200.43,200.43,583,583.0,1,1,1.0,Naive Bayes
13945.0,323,2,854.15,427.08,409,85.0,1,1,0.9786,Naive Bayes
13946.0,8,6,1876.23,312.7,665,131.2,1,0,0.496,Naive Bayes
13948.0,289,4,548.76,137.19,665,125.0,1,1,0.9582,Naive Bayes
13949.0,6,2,909.26,454.63,24,17.0,0,1,0.6016,Naive Bayes
13950.0,2,2,323.65999999999997,161.83,176,173.0,0,1,0.8315,Naive Bayes
13951.0,105,3,674.45,224.82,224,59.0,1,1,0.724,Naive Bayes
13952.0,146,14,12823.52,915.97,653,50.6,1,0,0.0001,Naive Bayes
13953.0,44,10,5729.36,572.94,658,68.1,0,0,0.0776,Naive Bayes
13955.0,83,3,544.0699999999999,181.36,305,110.5,1,1,0.7473,Naive Bayes
13956.0,67,3,676.07,225.36,201,66.5,0,1,0.6805,Naive Bayes
13957.0,346,3,458.25,152.75,588,120.5,1,1,0.9884,Naive Bayes
13958.0,308,8,4709.2300000000005,588.65,664,88.8,1,1,0.8467,Naive Bayes
13959.0,8,6,1064.77,177.46,441,86.4,1,1,0.5685,Naive Bayes
13960.0,0,1,128.1,128.1,1,1.0,0,1,0.6481,Naive Bayes
13961.0,321,1,538.4,538.4,322,322.0,1,1,0.9998,Naive Bayes
13962.0,174,2,310.85,155.43,365,190.0,0,1,0.9452,Naive Bayes
13963.0,237,17,2860.57,168.27,527,18.1,1,0,0.0527,Naive Bayes
13964.0,316,2,438.9,219.45,360,43.0,1,1,0.9769,Naive Bayes
13965.0,405,3,996.61,332.2,633,113.5,1,1,0.996,Naive Bayes
13966.0,364,1,384.26,384.26,365,365.0,1,1,1.0,Naive Bayes
13967.0,74,2,166.3,83.15,326,251.0,1,1,0.9697,Naive Bayes
13968.0,352,1,123.66,123.66,353,353.0,1,1,1.0,Naive Bayes
13969.0,36,28,7832.52,279.73,554,20.7,0,0,0.0,Naive Bayes
13970.0,315,2,846.55,423.28,367,51.0,1,1,0.9737,Naive Bayes
13971.0,35,12,3895.21,324.6,612,52.4,0,0,0.0749,Naive Bayes
13972.0,130,1,145.9,145.9,131,131.0,0,1,0.8324,Naive Bayes
13973.0,216,1,264.7,264.7,217,217.0,1,1,0.9779,Naive Bayes
13974.0,511,1,264.13,264.13,512,512.0,0,1,1.0,Naive Bayes
13975.0,57,10,4261.83,426.18,605,60.8,0,0,0.1476,Naive Bayes
13976.0,135,4,1192.36,298.09,598,154.0,1,1,0.7923,Naive Bayes
13977.0,340,1,519.8100000000001,519.81,341,341.0,1,1,0.9999,Naive Bayes
13979.0,2,7,3373.63,481.95,666,132.6,1,0,0.3831,Naive Bayes
13980.0,368,4,568.68,142.17,586,72.3,0,1,0.9904,Naive Bayes
13981.0,344,1,331.14,331.14,345,345.0,1,1,0.9999,Naive Bayes
13982.0,92,8,3312.62,414.08,618,75.0,0,0,0.3381,Naive Bayes
13983.0,17,18,6214.0,345.22,660,42.8,0,0,0.0007,Naive Bayes
13984.0,55,11,1792.6200000000001,162.97,662,67.3,0,0,0.1754,Naive Bayes
13985.0,0,15,6751.99,450.13,598,42.6,0,0,0.0043,Naive Bayes
13987.0,308,2,682.54,341.27,330,21.0,1,1,0.9723,Naive Bayes
13988.0,1,6,3795.15,632.52,555,110.6,0,0,0.4432,Naive Bayes
13989.0,168,4,1656.65,414.16,493,108.0,0,1,0.7919,Naive Bayes
13990.0,142,1,311.3,311.3,143,143.0,1,1,0.8424,Naive Bayes
13991.0,4,2,337.2,168.6,73,68.0,0,1,0.6436,Naive Bayes
13992.0,309,2,142.7,71.35,393,83.0,0,1,0.9795,Naive Bayes
13993.0,18,17,5941.66,349.51,666,43.1,0,0,0.0017,Naive Bayes
13994.0,6,3,780.63,260.21,78,35.5,0,1,0.6197,Naive Bayes
13995.0,44,12,3380.2200000000003,281.68,651,55.1,0,0,0.0825,Naive Bayes
13996.0,315,2,845.76,422.88,329,13.0,1,1,0.9761,Naive Bayes
13997.0,448,3,376.46,125.49,480,31.0,1,1,0.999,Naive Bayes
13998.0,375,3,566.7,188.9,506,65.0,1,1,0.9927,Naive Bayes
13999.0,24,26,8469.42,325.75,664,25.6,0,0,0.0,Naive Bayes
14000.0,140,5,2046.3400000000001,409.27,667,131.5,1,1,0.6806,Naive Bayes
14001.0,161,8,3494.91,436.86,423,43.5,0,1,0.5441,Naive Bayes
14002.0,63,2,529.73,264.86,86,22.0,1,1,0.6595,Naive Bayes
14003.0,661,1,209.41,209.41,662,662.0,1,1,1.0,Naive Bayes
14004.0,7,10,5445.3,544.53,365,51.0,0,0,0.1258,Naive Bayes
14005.0,4,4,977.68,244.42,145,46.7,0,1,0.6194,Naive Bayes
14006.0,44,7,2196.67,313.81,582,89.5,1,0,0.43,Naive Bayes
14007.0,441,1,79.48,79.48,442,442.0,1,1,1.0,Naive Bayes
14008.0,361,1,509.04,509.04,362,362.0,1,1,1.0,Naive Bayes
14009.0,127,3,1099.91,366.64,392,132.0,1,1,0.7976,Naive Bayes
14010.0,494,2,445.15,222.58,495,495.0,1,1,1.0,Naive Bayes
14011.0,409,2,457.82,228.91,537,127.0,1,1,0.9976,Naive Bayes
14012.0,206,1,328.8,328.8,207,207.0,1,1,0.968,Naive Bayes
14013.0,39,5,1084.57,216.91,553,128.2,1,1,0.6337,Naive Bayes
14014.0,6,3,1948.21,649.4,506,249.5,1,1,0.9427,Naive Bayes
14016.0,90,11,11303.41,1027.58,630,53.9,1,0,0.0023,Naive Bayes
14017.0,500,1,229.75,229.75,501,501.0,1,1,1.0,Naive Bayes
14018.0,574,1,367.15000000000003,367.15,575,575.0,1,1,1.0,Naive Bayes
14019.0,27,2,800.53,400.26,68,40.0,0,1,0.6065,Naive Bayes
14020.0,17,3,937.35,312.45,459,220.5,0,1,0.8964,Naive Bayes
14021.0,84,7,1716.58,245.23,522,72.8,1,1,0.5141,Naive Bayes
14022.0,154,2,792.15,396.08,416,261.0,1,1,0.9811,Naive Bayes
14023.0,179,1,273.14,273.14,180,180.0,0,1,0.9322,Naive Bayes
14024.0,50,3,645.74,215.25,320,134.5,1,1,0.7508,Naive Bayes
14025.0,393,8,4057.9,507.24,513,17.0,1,1,0.9829,Naive Bayes
14026.0,399,2,713.11,356.56,555,155.0,1,1,0.9974,Naive Bayes
14028.0,479,3,10396.5,3465.5,480,480.0,1,1,1.0,Naive Bayes
14029.0,73,1,165.20000000000002,165.2,74,74.0,0,1,0.6808,Naive Bayes
14030.0,18,19,6979.7699999999995,367.36,659,45.7,0,0,0.0002,Naive Bayes
14031.0,3,39,32951.8,844.92,666,19.5,0,0,0.0,Naive Bayes
14032.0,16,12,3718.39,309.87,655,58.0,0,0,0.0694,Naive Bayes
14033.0,484,1,109.44,109.44,485,485.0,1,1,1.0,Naive Bayes
14034.0,86,2,473.90999999999997,236.96,87,87.0,0,1,0.7059,Naive Bayes
14035.0,36,7,2203.99,314.86,542,84.2,0,0,0.4376,Naive Bayes
14036.0,213,1,626.65,626.65,214,214.0,1,1,0.9771,Naive Bayes
14037.0,105,6,836.95,139.49,662,111.2,1,1,0.6085,Naive Bayes
14038.0,7,5,3069.88,613.98,603,148.8,1,1,0.5904,Naive Bayes
14039.0,504,1,115.08000000000001,115.08,505,505.0,0,1,1.0,Naive Bayes
14040.0,23,33,11697.95,354.48,668,22.2,0,0,0.0,Naive Bayes
14041.0,195,1,141.41,141.41,196,196.0,1,1,0.9626,Naive Bayes
14042.0,654,1,431.98,431.98,655,655.0,1,1,1.0,Naive Bayes
14043.0,420,2,302.6,151.3,659,238.0,1,1,0.9997,Naive Bayes
14044.0,32,9,2963.2400000000002,329.25,614,83.0,0,0,0.2543,Naive Bayes
14045.0,38,16,10986.63,686.66,630,45.5,1,0,0.0001,Naive Bayes
14046.0,213,1,151.59,151.59,214,214.0,1,1,0.9785,Naive Bayes
14047.0,2,13,3616.96,278.23,606,60.3,0,0,0.0517,Naive Bayes
14048.0,234,3,748.69,249.56,312,77.0,1,1,0.9155,Naive Bayes
14049.0,87,12,10689.42,890.78,547,57.4,0,0,0.0023,Naive Bayes
14050.0,35,1,485.98,485.98,36,36.0,0,1,0.5927,Naive Bayes
14051.0,20,30,15432.43,514.41,666,23.9,0,0,0.0,Naive Bayes
14052.0,319,1,241.3,241.3,320,320.0,0,1,0.9998,Naive Bayes
14053.0,53,4,572.3,143.07,416,120.7,1,1,0.7183,Naive Bayes
14055.0,35,3,1520.96,506.99,653,308.5,1,1,0.9839,Naive Bayes
14056.0,13,18,5588.03,310.45,214,11.8,0,0,0.002,Naive Bayes
14057.0,18,19,7272.24,382.75,666,40.4,0,0,0.0002,Naive Bayes
14058.0,391,2,469.19,234.6,460,68.0,1,1,0.9951,Naive Bayes
14059.0,195,1,183.6,183.6,196,196.0,1,1,0.9604,Naive Bayes
14060.0,8,27,7893.42,292.35,568,23.3,0,0,0.0,Naive Bayes
14061.0,436,3,917.4300000000001,305.81,668,115.5,1,1,0.9981,Naive Bayes
14062.0,0,23,24346.27,1058.53,659,32.9,0,0,0.0,Naive Bayes
14063.0,615,7,9471.5,1353.07,661,7.5,1,1,1.0,Naive Bayes
14064.0,42,14,3022.93,215.92,617,47.8,0,0,0.0399,Naive Bayes
14065.0,318,3,891.02,297.01,361,21.0,1,1,0.9774,Naive Bayes
14066.0,195,1,152.55,152.55,196,196.0,1,1,0.962,Naive Bayes
14067.0,25,1,224.67,224.67,26,26.0,0,1,0.6092,Naive Bayes
14068.0,249,4,1516.72,379.18,607,119.0,1,1,0.9091,Naive Bayes
14069.0,443,2,225.81,112.9,491,47.0,1,1,0.9988,Naive Bayes
14070.0,613,1,321.6,321.6,614,614.0,1,1,1.0,Naive Bayes
14071.0,189,2,356.81,178.4,194,4.0,0,1,0.8717,Naive Bayes
14072.0,595,1,390.85,390.85,596,596.0,1,1,1.0,Naive Bayes
14074.0,552,1,219.39999999999998,219.4,553,553.0,1,1,1.0,Naive Bayes
14075.0,190,3,1090.53,363.51,400,104.5,0,1,0.8552,Naive Bayes
14076.0,58,1,118.67,118.67,59,59.0,1,1,0.6704,Naive Bayes
14077.0,7,5,482.36,96.47,325,79.2,0,1,0.6512,Naive Bayes
14078.0,30,9,1551.82,172.42,551,65.0,1,0,0.34,Naive Bayes
14079.0,53,1,375.1,375.1,54,54.0,1,1,0.6078,Naive Bayes
14080.0,342,4,1070.08,267.52,667,108.0,0,1,0.98,Naive Bayes
14081.0,231,10,4867.57,486.76,659,61.0,1,0,0.3897,Naive Bayes
14082.0,293,2,413.36,206.68,322,28.0,1,1,0.9665,Naive Bayes
14083.0,55,9,612.68,68.08,651,85.0,0,0,0.3644,Naive Bayes
14084.0,441,1,150.5,150.5,442,442.0,1,1,1.0,Naive Bayes
14085.0,70,26,8505.32,327.13,661,24.6,0,0,0.0,Naive Bayes
14086.0,391,1,39.95,39.95,392,392.0,1,1,1.0,Naive Bayes
14087.0,333,2,638.0,319.0,665,331.0,0,1,0.9998,Naive Bayes
14088.0,57,10,39052.88,3905.29,351,41.9,0,0,0.0,Naive Bayes
14090.0,253,1,76.32000000000001,76.32,254,254.0,1,1,0.9957,Naive Bayes
14091.0,583,2,9530.08,4765.04,628,44.0,1,1,1.0,Naive Bayes
14092.0,28,20,5897.96,294.9,653,34.7,0,0,0.0002,Naive Bayes
14094.0,368,1,311.77,311.77,369,369.0,1,1,1.0,Naive Bayes
14095.0,651,1,2.95,2.95,652,652.0,1,1,1.0,Naive Bayes
14096.0,3,6,7593.7,1265.62,31,5.4,0,0,0.485,Naive Bayes
14097.0,410,2,422.85999999999996,211.43,575,164.0,1,1,0.9984,Naive Bayes
14099.0,49,17,4956.66,291.57,659,38.1,0,0,0.003,Naive Bayes
14100.0,66,1,191.95000000000002,191.95,67,67.0,1,1,0.6596,Naive Bayes
14101.0,2,13,9961.93,766.3,551,45.7,1,0,0.0016,Naive Bayes
14104.0,83,5,740.53,148.11,490,101.5,1,1,0.6739,Naive Bayes
14105.0,168,5,5988.83,1197.77,651,120.5,1,1,0.8095,Naive Bayes
14106.0,666,1,214.79999999999998,214.8,667,667.0,1,1,1.0,Naive Bayes
14107.0,25,10,4636.01,463.6,660,70.4,0,0,0.1089,Naive Bayes
14108.0,30,3,738.38,246.13,668,318.5,0,1,0.9887,Naive Bayes
14109.0,1,1,144.2,144.2,2,2.0,1,1,0.6415,Naive Bayes
14110.0,15,28,11470.41,409.66,668,25.1,0,0,0.0,Naive Bayes
14111.0,24,3,295.5,98.5,171,73.0,0,1,0.6889,Naive Bayes
14112.0,59,10,4820.26,482.03,584,74.9,0,0,0.1348,Naive Bayes
14113.0,7,14,6178.570000000001,441.33,661,54.4,0,0,0.0091,Naive Bayes
14114.0,202,7,1364.09,194.87,536,55.5,1,1,0.7659,Naive Bayes
14115.0,430,2,622.6700000000001,311.34,596,165.0,1,1,0.9989,Naive Bayes
14116.0,21,2,628.87,314.44,51,29.0,0,1,0.6104,Naive Bayes
14117.0,72,1,90.0,90.0,73,73.0,1,1,0.7047,Naive Bayes
14118.0,357,1,458.45,458.45,358,358.0,1,1,1.0,Naive Bayes
14119.0,304,2,183.37,91.68,648,343.0,1,1,0.9998,Naive Bayes
14122.0,335,3,362.42,120.81,667,165.5,1,1,0.99,Naive Bayes
14123.0,662,1,436.18,436.18,663,663.0,1,1,1.0,Naive Bayes
14124.0,13,1,419.58000000000004,419.58,14,14.0,1,1,0.5861,Naive Bayes
14125.0,7,1,1295.43,1295.43,8,8.0,0,1,0.9287,Naive Bayes
14126.0,373,1,466.33000000000004,466.33,374,374.0,0,1,1.0,Naive Bayes
14127.0,51,6,1900.0800000000002,316.68,355,60.6,1,1,0.553,Naive Bayes
14128.0,184,2,592.25,296.12,481,296.0,0,1,0.9946,Naive Bayes
14129.0,24,7,2193.71,313.39,509,96.8,0,0,0.4632,Naive Bayes
14130.0,248,4,1858.77,464.69,658,136.3,1,1,0.9095,Naive Bayes
14131.0,577,1,168.22,168.22,578,578.0,1,1,1.0,Naive Bayes
14132.0,16,6,1900.2,316.7,113,19.2,0,1,0.5505,Naive Bayes
14133.0,58,4,911.14,227.78,663,302.0,1,1,0.9824,Naive Bayes
14134.0,311,15,11123.35,741.56,659,34.7,1,0,0.003,Naive Bayes
14135.0,4,20,7663.68,383.18,667,36.8,0,0,0.0001,Naive Bayes
14136.0,329,5,1570.81,314.16,661,82.8,1,1,0.9656,Naive Bayes
14137.0,624,1,332.7,332.7,625,625.0,1,1,1.0,Naive Bayes
14139.0,419,3,670.98,223.66,472,26.0,0,1,0.9976,Naive Bayes
14141.0,2,2,489.31,244.66,35,32.0,0,1,0.6119,Naive Bayes
14142.0,302,2,671.34,335.67,576,273.0,1,1,0.998,Naive Bayes
14143.0,62,1,115.8,115.8,63,63.0,1,1,0.6776,Naive Bayes
14144.0,415,1,30.599999999999998,30.6,416,416.0,1,1,1.0,Naive Bayes
14145.0,85,6,6709.05,1118.18,540,90.8,0,0,0.4747,Naive Bayes
14146.0,10,11,8225.14,747.74,625,87.7,0,0,0.016,Naive Bayes
14147.0,7,9,2590.2,287.8,570,93.7,1,0,0.2953,Naive Bayes
14148.0,162,2,466.29,233.14,344,181.0,1,1,0.9234,Naive Bayes
14149.0,149,1,446.62,446.62,150,150.0,1,1,0.8588,Naive Bayes
14150.0,288,1,306.18,306.18,289,289.0,0,1,0.9988,Naive Bayes
14151.0,602,2,679.45,339.72,646,43.0,1,1,1.0,Naive Bayes
14152.0,4,7,1997.3400000000001,285.33,589,116.8,1,0,0.463,Naive Bayes
14153.0,412,1,233.4,233.4,413,413.0,1,1,1.0,Naive Bayes
14154.0,168,8,6460.7,807.59,625,91.2,1,0,0.3042,Naive Bayes
14155.0,195,1,118.75,118.75,196,196.0,1,1,0.9639,Naive Bayes
14156.0,22,131,284748.59,2173.65,668,6.2,0,0,0.0,Naive Bayes
14157.0,214,4,822.98,205.74,576,120.3,0,1,0.8812,Naive Bayes
14159.0,10,17,6341.33,373.02,666,43.7,0,0,0.0013,Naive Bayes
14160.0,539,7,8421.47,1203.07,628,14.7,1,1,0.9995,Naive Bayes
14161.0,144,7,2996.93,428.13,656,85.2,1,0,0.4982,Naive Bayes
14162.0,102,2,289.36,144.68,222,119.0,1,1,0.7932,Naive Bayes
14163.0,16,5,2594.62,518.92,392,93.8,1,1,0.5622,Naive Bayes
14164.0,9,1,1273.77,1273.77,10,10.0,0,1,0.9209,Naive Bayes
14165.0,204,1,120.44,120.44,205,205.0,1,1,0.9725,Naive Bayes
14166.0,434,2,251.15,125.58,556,121.0,1,1,0.9988,Naive Bayes
14167.0,94,7,1101.55,157.36,611,86.0,0,1,0.5299,Naive Bayes
14168.0,349,2,370.45,185.22,494,144.0,1,1,0.9925,Naive Bayes
14169.0,359,2,613.11,306.56,374,14.0,1,1,0.9904,Naive Bayes
14170.0,304,3,570.18,190.06,325,10.0,1,1,0.975,Naive Bayes
14171.0,27,2,498.79,249.4,660,632.0,1,1,1.0,Naive Bayes
14172.0,534,3,369.02,123.01,572,18.5,1,1,0.9999,Naive Bayes
14173.0,148,3,249.2,83.07,660,255.5,0,1,0.9728,Naive Bayes
14175.0,100,7,5662.57,808.94,557,76.0,0,0,0.3357,Naive Bayes
14176.0,226,5,756.46,151.29,311,28.0,1,1,0.9017,Naive Bayes
14177.0,15,13,2209.69,169.98,581,70.6,1,0,0.0828,Naive Bayes
14178.0,27,3,477.29,159.1,112,42.0,0,1,0.6567,Naive Bayes
14180.0,20,30,5627.9,187.6,478,16.3,0,0,0.0,Naive Bayes
14181.0,339,2,308.35,154.18,492,152.0,1,1,0.992,Naive Bayes
14182.0,372,4,678.77,169.69,526,51.0,1,1,0.9916,Naive Bayes
14183.0,340,2,278.34000000000003,139.17,411,70.0,1,1,0.9869,Naive Bayes
14185.0,260,1,197.65,197.65,261,261.0,1,1,0.9962,Naive Bayes
14186.0,356,5,1550.63,310.13,574,54.2,1,1,0.983,Naive Bayes
14187.0,402,1,123.5,123.5,403,403.0,1,1,1.0,Naive Bayes
14188.0,0,5,1717.96,343.59,240,59.8,0,1,0.576,Naive Bayes
14189.0,25,12,4116.99,343.08,318,29.2,0,0,0.1043,Naive Bayes
14190.0,595,1,79.9,79.9,596,596.0,1,1,1.0,Naive Bayes
14191.0,9,10,2658.19,265.82,658,72.0,0,0,0.1825,Naive Bayes
14192.0,317,1,293.74,293.74,318,318.0,1,1,0.9997,Naive Bayes
14193.0,198,2,779.34,389.67,326,127.0,0,1,0.8934,Naive Bayes
14194.0,4,29,14297.03,493.0,632,33.0,0,0,0.0,Naive Bayes
14195.0,130,6,2615.6,435.93,564,108.2,1,1,0.6192,Naive Bayes
14196.0,35,1,335.52,335.52,36,36.0,1,1,0.5931,Naive Bayes
14197.0,339,1,390.05,390.05,340,340.0,1,1,0.9999,Naive Bayes
14198.0,15,8,1397.13,174.64,633,88.1,0,0,0.3759,Naive Bayes
14199.0,147,4,1091.7,272.92,460,104.0,1,1,0.7736,Naive Bayes
14200.0,546,1,379.2,379.2,547,547.0,1,1,1.0,Naive Bayes
14201.0,9,9,1073.24,119.25,518,63.5,0,0,0.3677,Naive Bayes
14202.0,310,3,847.76,282.59,554,121.5,1,1,0.9744,Naive Bayes
14203.0,326,1,339.34,339.34,327,327.0,1,1,0.9998,Naive Bayes
14204.0,351,3,874.22,291.41,667,157.5,0,1,0.9904,Naive Bayes
14205.0,193,8,2170.4,271.3,572,63.0,0,1,0.6517,Naive Bayes
14206.0,168,3,1185.01,395.0,332,81.5,1,1,0.8091,Naive Bayes
14207.0,616,1,157.8,157.8,617,617.0,1,1,1.0,Naive Bayes
14208.0,23,2,567.05,283.52,481,457.0,1,1,1.0,Naive Bayes
14209.0,50,14,4796.17,342.58,616,43.5,0,0,0.0219,Naive Bayes
14210.0,34,16,5556.570000000001,347.29,632,42.6,1,0,0.0044,Naive Bayes
14211.0,9,16,3500.28,218.77,660,50.0,0,0,0.0093,Naive Bayes
14212.0,18,2,2190.14,1095.07,375,356.0,1,1,0.9994,Naive Bayes
14213.0,333,1,1192.2,1192.2,334,334.0,1,1,1.0,Naive Bayes
14214.0,85,3,899.16,299.72,207,60.5,0,1,0.6846,Naive Bayes
14215.0,6,8,2804.52,350.56,661,93.4,0,0,0.2922,Naive Bayes
14216.0,343,1,310.74,310.74,344,344.0,0,1,0.9999,Naive Bayes
14217.0,3,18,2763.28,153.52,457,28.3,0,0,0.0047,Naive Bayes
14219.0,338,2,543.89,271.94,423,84.0,0,1,0.9848,Naive Bayes
14220.0,176,4,1515.0,378.75,499,107.3,1,1,0.8061,Naive Bayes
14221.0,9,16,6173.58,385.85,542,44.3,0,0,0.0037,Naive Bayes
14222.0,106,1,683.17,683.17,107,107.0,1,1,0.7674,Naive Bayes
14223.0,21,3,991.13,330.38,194,86.0,1,1,0.6439,Naive Bayes
14224.0,39,9,1841.71,204.63,474,54.2,1,0,0.3588,Naive Bayes
14225.0,363,4,2031.07,507.77,626,87.3,1,1,0.9857,Naive Bayes
14226.0,139,3,2462.34,820.78,371,115.5,0,1,0.8428,Naive Bayes
14227.0,14,14,6047.1,431.94,599,73.0,0,0,0.012,Naive Bayes
14228.0,366,3,745.5,248.5,476,54.5,1,1,0.9907,Naive Bayes
14229.0,220,6,1808.97,301.5,401,45.0,0,1,0.8442,Naive Bayes
14230.0,364,3,979.8000000000001,326.6,478,113.0,1,1,0.9921,Naive Bayes
14231.0,112,4,1235.6200000000001,308.91,380,89.0,1,1,0.7125,Naive Bayes
14232.0,44,4,1573.33,393.33,194,49.7,0,1,0.6163,Naive Bayes
14233.0,140,6,2400.65,400.11,574,86.6,0,1,0.6114,Naive Bayes
14235.0,4,9,4717.99,524.22,549,90.7,1,0,0.1877,Naive Bayes
14236.0,9,5,1555.34,311.07,435,106.2,1,1,0.5972,Naive Bayes
14237.0,302,2,471.14,235.57,520,217.0,1,1,0.9934,Naive Bayes
14238.0,255,3,434.23,144.74,664,204.0,1,1,0.9761,Naive Bayes
14239.0,0,20,4101.71,205.09,664,34.9,0,0,0.0004,Naive Bayes
14240.0,154,2,584.0,292.0,353,198.0,0,1,0.9339,Naive Bayes
14241.0,112,2,333.70000000000005,166.85,626,513.0,1,1,1.0,Naive Bayes
14242.0,163,2,280.55,140.28,255,91.0,1,1,0.8426,Naive Bayes
14243.0,24,15,6934.93,462.33,406,27.2,0,0,0.0057,Naive Bayes
14244.0,589,1,366.41999999999996,366.42,590,590.0,1,1,1.0,Naive Bayes
14245.0,148,2,1693.45,846.72,193,44.0,1,1,0.8456,Naive Bayes
14246.0,39,3,1474.06,491.35,175,67.5,1,1,0.6328,Naive Bayes
14247.0,207,5,753.56,150.71,481,68.2,1,1,0.8541,Naive Bayes
14248.0,247,3,1032.95,344.32,445,98.5,1,1,0.9234,Naive Bayes
14249.0,339,12,5400.46,450.04,609,38.4,1,1,0.6427,Naive Bayes
14250.0,18,1,1228.83,1228.83,19,19.0,0,1,0.9029,Naive Bayes
14252.0,310,1,350.99,350.99,311,311.0,1,1,0.9996,Naive Bayes
14253.0,422,2,363.40000000000003,181.7,553,130.0,1,1,0.9984,Naive Bayes
14254.0,361,1,601.03,601.03,362,362.0,1,1,1.0,Naive Bayes
14256.0,189,5,2460.79,492.16,624,144.7,1,1,0.8181,Naive Bayes
14257.0,52,8,5580.57,697.57,578,75.0,0,0,0.1989,Naive Bayes
14258.0,18,24,30679.74,1278.32,665,32.3,0,0,0.0,Naive Bayes
14259.0,70,1,120.0,120.0,71,71.0,1,1,0.6899,Naive Bayes
14260.0,400,3,824.28,274.76,478,77.0,1,1,0.996,Naive Bayes
14261.0,7,1,943.75,943.75,8,8.0,0,1,0.761,Naive Bayes
14262.0,13,4,1379.3,344.82,170,52.0,0,1,0.6044,Naive Bayes
14263.0,352,1,322.93,322.93,353,353.0,1,1,1.0,Naive Bayes
14264.0,83,6,1517.3600000000001,252.89,541,91.4,1,1,0.5715,Naive Bayes
14265.0,38,4,1373.35,343.34,542,167.7,1,1,0.7389,Naive Bayes
14266.0,357,1,40.56,40.56,358,358.0,1,1,1.0,Naive Bayes
14267.0,91,3,1516.24,505.41,190,98.0,1,1,0.7167,Naive Bayes
14268.0,399,1,354.85,354.85,400,400.0,1,1,1.0,Naive Bayes
14269.0,368,1,295.73,295.73,369,369.0,1,1,1.0,Naive Bayes
14270.0,260,1,492.65000000000003,492.65,261,261.0,1,1,0.9957,Naive Bayes
14271.0,154,2,214.18,107.09,339,184.0,1,1,0.9325,Naive Bayes
14272.0,2,4,920.81,230.2,512,169.7,1,1,0.7603,Naive Bayes
14273.0,65,3,450.05,150.02,172,53.0,0,1,0.6929,Naive Bayes
14274.0,615,1,256.6,256.6,616,616.0,1,1,1.0,Naive Bayes
14275.0,324,6,1189.3799999999999,198.23,537,53.0,1,1,0.9685,Naive Bayes
14276.0,27,7,2102.68,300.38,590,112.4,1,0,0.4567,Naive Bayes
14277.0,141,6,14266.19,2377.7,656,128.5,0,1,0.912,Naive Bayes
14278.0,338,1,205.83,205.83,339,339.0,1,1,0.9999,Naive Bayes
14279.0,449,2,191.86,95.93,611,161.0,1,1,0.9995,Naive Bayes
14280.0,125,1,134.04,134.04,126,126.0,1,1,0.8215,Naive Bayes
14281.0,337,1,245.15,245.15,338,338.0,1,1,0.9999,Naive Bayes
14282.0,10,20,6318.16,315.91,592,30.6,0,0,0.0002,Naive Bayes
14283.0,392,4,628.4399999999999,157.11,499,35.3,1,1,0.9952,Naive Bayes
14284.0,15,2,956.5,478.25,583,567.0,0,1,1.0,Naive Bayes
14285.0,4,6,2627.84,437.97,661,131.2,0,0,0.4646,Naive Bayes
14286.0,171,5,5901.09,1180.22,665,164.3,0,1,0.873,Naive Bayes
14287.0,127,2,83.28,41.64,128,128.0,0,1,0.8569,Naive Bayes
14288.0,142,1,426.6,426.6,143,143.0,1,1,0.8385,Naive Bayes
14289.0,63,5,832.78,166.56,219,38.8,0,1,0.659,Naive Bayes
14290.0,10,5,3273.01,654.6,661,162.5,0,1,0.6013,Naive Bayes
14291.0,49,19,6376.39,335.6,660,61.0,0,0,0.0003,Naive Bayes
14292.0,17,12,7498.27,624.86,560,67.8,0,0,0.016,Naive Bayes
14293.0,76,8,2595.86,324.48,659,97.0,0,0,0.3575,Naive Bayes
14294.0,336,1,375.34,375.34,337,337.0,1,1,0.9999,Naive Bayes
14295.0,367,3,2186.71,728.9,660,146.0,0,1,0.9934,Naive Bayes
14296.0,350,2,456.40000000000003,228.2,504,153.0,1,1,0.993,Naive Bayes
14297.0,203,1,232.6,232.6,204,204.0,0,1,0.9672,Naive Bayes
14298.0,1,79,83904.65,1062.08,658,16.0,0,0,0.0,Naive Bayes
14299.0,7,24,12948.12,539.5,667,31.4,0,0,0.0,Naive Bayes
14301.0,46,4,1992.18,498.04,596,183.0,1,1,0.7589,Naive Bayes
14302.0,359,3,742.9000000000001,247.63,667,153.5,1,1,0.9918,Naive Bayes
14303.0,336,2,277.94,138.97,364,27.0,1,1,0.9863,Naive Bayes
14304.0,151,3,1725.01,575.0,500,174.0,1,1,0.8826,Naive Bayes
14305.0,0,3,1858.96,619.65,65,32.0,1,1,0.6177,Naive Bayes
14306.0,14,5,2761.02,552.2,607,148.0,0,1,0.5892,Naive Bayes
14307.0,17,10,4287.92,428.79,662,80.5,1,0,0.1231,Naive Bayes
14309.0,22,9,3061.98,340.22,480,57.1,0,0,0.2825,Naive Bayes
14310.0,361,1,492.1,492.1,362,362.0,1,1,1.0,Naive Bayes
14311.0,171,2,516.45,258.23,497,325.0,1,1,0.9975,Naive Bayes
14312.0,20,10,2525.89,252.59,434,45.9,0,0,0.2611,Naive Bayes
14314.0,35,2,229.8,114.9,360,324.0,1,1,0.9954,Naive Bayes
14315.0,58,7,2266.84,323.83,564,84.2,0,0,0.4424,Naive Bayes
14316.0,351,5,1370.34,274.07,560,69.3,1,1,0.9827,Naive Bayes
14318.0,389,1,158.02,158.02,390,390.0,1,1,1.0,Naive Bayes
14319.0,353,1,494.85,494.85,354,354.0,1,1,1.0,Naive Bayes
14320.0,135,5,1346.75,269.35,617,120.2,1,1,0.6997,Naive Bayes
14321.0,2,6,1917.9,319.65,403,80.0,0,1,0.5263,Naive Bayes
14322.0,358,4,474.1,118.52,589,76.7,1,1,0.9884,Naive Bayes
14323.0,43,2,605.0600000000001,302.53,168,124.0,1,1,0.7162,Naive Bayes
14324.0,338,2,701.61,350.8,623,284.0,1,1,0.9992,Naive Bayes
14325.0,498,1,245.48000000000002,245.48,499,499.0,1,1,1.0,Naive Bayes
14326.0,171,3,940.98,313.66,462,145.0,1,1,0.8679,Naive Bayes
14327.0,92,6,1894.93,315.82,630,107.4,1,1,0.5425,Naive Bayes
14329.0,37,12,8397.41,699.78,653,55.9,0,0,0.0076,Naive Bayes
14330.0,552,1,200.63,200.63,553,553.0,1,1,1.0,Naive Bayes
14331.0,53,2,462.65999999999997,231.33,65,11.0,1,1,0.6624,Naive Bayes
14332.0,76,3,1196.24,398.75,346,134.5,0,1,0.747,Naive Bayes
14334.0,22,11,4094.98,372.27,498,47.5,0,0,0.1223,Naive Bayes
14335.0,25,1,347.5,347.5,26,26.0,0,1,0.588,Naive Bayes
14336.0,127,3,1114.39,371.46,206,39.0,0,1,0.737,Naive Bayes
14338.0,90,3,928.1,309.37,466,187.5,1,1,0.8581,Naive Bayes
14339.0,171,2,620.27,310.14,358,186.0,1,1,0.9308,Naive Bayes
14340.0,147,1,134.7,134.7,148,148.0,1,1,0.8783,Naive Bayes
14341.0,59,16,3424.56,214.04,668,60.8,0,0,0.0109,Naive Bayes
14342.0,66,4,669.62,167.4,402,111.7,0,1,0.7107,Naive Bayes
14343.0,350,4,1079.66,269.92,620,89.7,1,1,0.9832,Naive Bayes
14344.0,56,20,2993.05,149.65,556,26.3,1,0,0.0009,Naive Bayes
14346.0,49,5,2315.75,463.15,427,125.7,1,1,0.6373,Naive Bayes
14347.0,665,1,82.6,82.6,666,666.0,1,1,1.0,Naive Bayes
14348.0,189,1,409.57,409.57,190,190.0,1,1,0.9456,Naive Bayes
14350.0,203,3,972.03,324.01,360,78.0,1,1,0.8648,Naive Bayes
14351.0,93,1,51.0,51.0,94,94.0,1,1,0.7642,Naive Bayes
14352.0,86,4,1078.96,269.74,203,58.0,1,1,0.681,Naive Bayes
14353.0,144,3,376.5,125.5,361,108.0,1,1,0.8269,Naive Bayes
14355.0,294,3,840.0500000000001,280.02,557,131.0,1,1,0.9683,Naive Bayes
14356.0,8,2,701.23,350.62,11,2.0,1,1,0.6166,Naive Bayes
14358.0,318,2,400.06,200.03,358,39.0,1,1,0.9783,Naive Bayes
14359.0,16,1,483.39,483.39,17,17.0,0,1,0.5887,Naive Bayes
14360.0,23,1,1124.49,1124.49,24,24.0,0,1,0.8554,Naive Bayes
14361.0,507,1,214.70999999999998,214.71,508,508.0,1,1,1.0,Naive Bayes
14363.0,331,2,227.47000000000003,113.74,381,49.0,1,1,0.9848,Naive Bayes
14364.0,37,8,3717.35,464.67,141,17.2,1,0,0.3715,Naive Bayes
14365.0,323,2,634.68,317.34,611,287.0,1,1,0.999,Naive Bayes
14366.0,454,1,136.0,136.0,455,455.0,1,1,1.0,Naive Bayes
14367.0,4,12,6916.24,576.35,206,25.1,0,0,0.0316,Naive Bayes
14368.0,248,1,155.0,155.0,249,249.0,1,1,0.994,Naive Bayes
14369.0,571,2,469.13,234.56,591,19.0,1,1,1.0,Naive Bayes
14370.0,379,6,1175.78,195.96,606,56.5,1,1,0.9891,Naive Bayes
14371.0,224,1,100.5,100.5,225,225.0,1,1,0.9865,Naive Bayes
14372.0,372,2,860.08,430.04,529,156.0,1,1,0.9953,Naive Bayes
14373.0,287,1,76.55,76.55,288,288.0,1,1,0.9991,Naive Bayes
14374.0,470,1,108.0,108.0,471,471.0,1,1,1.0,Naive Bayes
14375.0,114,3,1106.82,368.94,471,178.0,1,1,0.8546,Naive Bayes
14376.0,612,1,215.46,215.46,613,613.0,1,1,1.0,Naive Bayes
14377.0,120,2,617.05,308.52,192,71.0,1,1,0.7362,Naive Bayes
14378.0,550,1,131.25,131.25,551,551.0,1,1,1.0,Naive Bayes
14379.0,224,3,1028.04,342.68,410,92.5,0,1,0.8958,Naive Bayes
14381.0,380,1,423.26,423.26,381,381.0,0,1,1.0,Naive Bayes
14382.0,319,1,578.14,578.14,320,320.0,0,1,0.9998,Naive Bayes
14383.0,92,1,242.09,242.09,93,93.0,0,1,0.7057,Naive Bayes
14384.0,429,1,58.5,58.5,430,430.0,1,1,1.0,Naive Bayes
14386.0,225,1,142.4,142.4,226,226.0,1,1,0.986,Naive Bayes
14387.0,3,2,929.74,464.87,39,35.0,0,1,0.5944,Naive Bayes
14388.0,20,14,5453.13,389.51,618,45.9,0,0,0.0149,Naive Bayes
14389.0,119,4,1165.69,291.42,520,133.3,0,1,0.7548,Naive Bayes
14390.0,73,8,3098.17,387.27,355,46.8,0,0,0.4158,Naive Bayes
14391.0,505,1,135.6,135.6,506,506.0,1,1,1.0,Naive Bayes
14392.0,361,1,266.4,266.4,362,362.0,1,1,1.0,Naive Bayes
14393.0,147,1,67.95,67.95,148,148.0,1,1,0.8903,Naive Bayes
14394.0,493,1,93.8,93.8,494,494.0,1,1,1.0,Naive Bayes
14395.0,7,18,6932.400000000001,385.13,530,32.6,0,0,0.0006,Naive Bayes
14396.0,300,6,1591.74,265.29,667,91.5,0,1,0.9358,Naive Bayes
14397.0,8,11,1089.24,99.02,143,13.4,0,0,0.2935,Naive Bayes
14398.0,330,2,707.79,353.9,457,126.0,1,1,0.9854,Naive Bayes
14399.0,323,8,2108.21,263.53,604,40.0,1,1,0.9373,Naive Bayes
14400.0,78,3,1732.47,577.49,561,241.0,1,1,0.9347,Naive Bayes
14401.0,9,20,6129.3,306.47,655,33.9,0,0,0.0002,Naive Bayes
14402.0,581,1,285.6,285.6,582,582.0,1,1,1.0,Naive Bayes
14403.0,59,6,1880.51,313.42,569,101.8,1,1,0.5249,Naive Bayes
14404.0,37,12,2597.33,216.44,649,61.1,0,0,0.1009,Naive Bayes
14405.0,315,1,195.0,195.0,316,316.0,1,1,0.9997,Naive Bayes
14406.0,48,1,156.75,156.75,49,49.0,1,1,0.6442,Naive Bayes
14407.0,36,5,2142.73,428.55,206,42.2,1,1,0.5756,Naive Bayes
14408.0,23,10,3794.05,379.4,662,70.9,0,0,0.1391,Naive Bayes
14409.0,0,9,3427.29,380.81,497,70.9,1,0,0.2573,Naive Bayes
14410.0,21,11,2630.9,239.17,367,43.1,1,0,0.2075,Naive Bayes
14411.0,239,1,1063.0,1063.0,240,240.0,1,1,0.9969,Naive Bayes
14412.0,1,2,1118.61,559.3,354,352.0,0,1,0.9978,Naive Bayes
14413.0,291,3,421.72,140.57,619,163.5,1,1,0.9777,Naive Bayes
14414.0,20,8,2399.33,299.92,304,40.4,1,0,0.4214,Naive Bayes
14415.0,27,19,9890.65,520.56,653,34.7,0,0,0.0,Naive Bayes
14417.0,316,1,524.65,524.65,317,317.0,1,1,0.9997,Naive Bayes
14418.0,37,1,150.44,150.44,38,38.0,0,1,0.6366,Naive Bayes
14419.0,2,4,743.64,185.91,312,103.0,0,1,0.6722,Naive Bayes
14420.0,28,4,1639.17,409.79,621,197.3,1,1,0.7859,Naive Bayes
14421.0,140,5,2111.44,422.29,621,120.0,0,1,0.6802,Naive Bayes
14422.0,99,15,7040.03,469.34,652,39.4,0,0,0.0046,Naive Bayes
14423.0,147,3,916.6099999999999,305.54,624,238.0,1,1,0.9511,Naive Bayes
14425.0,363,3,661.39,220.46,667,151.5,1,1,0.9926,Naive Bayes
14426.0,69,13,10131.85,779.37,575,50.5,0,0,0.0016,Naive Bayes
14427.0,423,2,900.1800000000001,450.09,561,137.0,0,1,0.9983,Naive Bayes
14428.0,8,3,534.12,178.04,255,123.0,0,1,0.7237,Naive Bayes
14429.0,332,1,516.28,516.28,333,333.0,1,1,0.9999,Naive Bayes
14430.0,440,3,1220.9,406.97,537,96.0,1,1,0.9985,Naive Bayes
14431.0,231,4,2614.2,653.55,617,128.3,1,1,0.8924,Naive Bayes
14432.0,18,1,249.17000000000002,249.17,19,19.0,0,1,0.6032,Naive Bayes
14433.0,394,1,280.7,280.7,395,395.0,1,1,1.0,Naive Bayes
14434.0,1,1,310.8,310.8,2,2.0,0,1,0.6004,Naive Bayes
14435.0,430,1,90.42,90.42,431,431.0,1,1,1.0,Naive Bayes
14436.0,27,2,271.70000000000005,135.85,483,455.0,1,1,1.0,Naive Bayes
14437.0,294,5,873.34,174.67,513,54.5,1,1,0.9549,Naive Bayes
14438.0,235,1,131.9,131.9,236,236.0,1,1,0.9905,Naive Bayes
14439.0,248,5,9443.04,1888.61,617,92.0,1,1,0.9878,Naive Bayes
14440.0,1,11,5183.08,471.19,667,73.9,0,0,0.0603,Naive Bayes
14441.0,23,9,3596.2000000000003,399.58,620,74.5,0,0,0.2106,Naive Bayes
14442.0,133,7,5367.0199999999995,766.72,620,97.2,1,0,0.3994,Naive Bayes
14443.0,67,4,1654.29,413.57,309,80.3,0,1,0.6443,Naive Bayes
14444.0,385,1,120.44,120.44,386,386.0,1,1,1.0,Naive Bayes
14445.0,384,1,221.65,221.65,385,385.0,1,1,1.0,Naive Bayes
14446.0,9,3,859.6899999999999,286.56,316,153.0,0,1,0.7615,Naive Bayes
14447.0,125,3,1149.53,383.18,330,102.0,0,1,0.7591,Naive Bayes
14448.0,293,1,102.35000000000001,102.35,294,294.0,0,1,0.9993,Naive Bayes
14449.0,175,6,1745.07,290.84,366,47.5,0,1,0.762,Naive Bayes
14450.0,109,7,1128.44,161.21,540,71.7,1,1,0.5779,Naive Bayes
14451.0,123,11,2974.78,270.43,621,49.7,0,0,0.2056,Naive Bayes
14452.0,22,3,527.27,175.76,451,214.0,0,1,0.8977,Naive Bayes
14453.0,119,1,119.93,119.93,120,120.0,1,1,0.8087,Naive Bayes
14454.0,305,5,977.3,195.46,663,89.2,1,1,0.9529,Naive Bayes
14455.0,361,4,617.72,154.43,425,21.0,1,1,0.9913,Naive Bayes
14456.0,2,5,1817.86,363.57,72,23.0,0,1,0.5682,Naive Bayes
14457.0,239,1,113.64,113.64,240,240.0,1,1,0.9921,Naive Bayes
14458.0,309,1,219.26999999999998,219.27,310,310.0,1,1,0.9996,Naive Bayes
14459.0,84,2,5375.74,2687.87,581,496.0,1,1,1.0,Naive Bayes
14460.0,39,9,1093.5,121.5,654,76.8,1,0,0.3214,Naive Bayes
14461.0,77,13,6676.52,513.58,620,49.3,1,0,0.0162,Naive Bayes
14462.0,13,11,1935.94,175.99,362,43.5,0,0,0.2354,Naive Bayes
14463.0,27,4,786.5699999999999,196.64,429,133.7,1,1,0.7104,Naive Bayes
14464.0,497,2,111.0,55.5,557,59.0,1,1,0.9998,Naive Bayes
14465.0,175,11,3925.85,356.9,631,50.6,1,0,0.2378,Naive Bayes
14466.0,2,12,3780.4,315.03,656,59.4,0,0,0.0669,Naive Bayes
14467.0,241,9,1738.68,193.19,667,53.1,0,1,0.711,Naive Bayes
14468.0,662,1,204.24,204.24,663,663.0,1,1,1.0,Naive Bayes
14469.0,345,4,2093.46,523.36,609,87.7,1,1,0.9796,Naive Bayes
14470.0,216,2,548.49,274.24,360,143.0,0,1,0.9285,Naive Bayes
14471.0,520,2,400.95,200.48,662,141.0,1,1,0.9999,Naive Bayes
14472.0,32,9,2118.72,235.41,619,73.2,1,0,0.286,Naive Bayes
14473.0,3,2,234.34000000000003,117.17,212,208.0,1,1,0.9073,Naive Bayes
14474.0,508,1,711.23,711.23,509,509.0,0,1,1.0,Naive Bayes
14475.0,0,4,1151.15,287.79,338,112.3,1,1,0.6596,Naive Bayes
14476.0,186,1,193.0,193.0,187,187.0,1,1,0.948,Naive Bayes
14477.0,113,5,1183.0,236.6,634,130.0,0,1,0.6797,Naive Bayes
14478.0,311,4,1276.66,319.17,668,118.7,1,1,0.9641,Naive Bayes
14479.0,182,4,1124.71,281.18,663,160.0,1,1,0.8535,Naive Bayes
14480.0,331,3,1020.47,340.16,648,158.0,0,1,0.9857,Naive Bayes
14481.0,93,5,2284.69,456.94,607,128.2,1,1,0.6178,Naive Bayes
14482.0,28,8,2749.86,343.73,400,74.2,0,0,0.396,Naive Bayes
14483.0,210,2,257.1,128.55,666,455.0,1,1,1.0,Naive Bayes
14484.0,330,3,749.0600000000001,249.69,652,160.5,0,1,0.9866,Naive Bayes
14486.0,440,2,175.5,87.75,483,42.0,1,1,0.9988,Naive Bayes
14487.0,11,5,917.4,183.48,309,99.0,0,1,0.6498,Naive Bayes
14489.0,136,4,1574.93,393.73,542,135.0,1,1,0.7654,Naive Bayes
14490.0,335,2,1273.47,636.74,358,22.0,1,1,0.9852,Naive Bayes
14491.0,104,2,340.93,170.46,302,197.0,1,1,0.9136,Naive Bayes
14492.0,359,7,1921.91,274.56,549,31.5,1,1,0.9794,Naive Bayes
14493.0,84,6,3315.84,552.64,571,97.2,0,0,0.4912,Naive Bayes
14494.0,330,2,261.9,130.95,661,330.0,0,1,0.9998,Naive Bayes
14495.0,50,2,91.6,45.8,589,538.0,0,1,1.0,Naive Bayes
14496.0,240,7,2363.89,337.7,563,53.7,1,1,0.8104,Naive Bayes
14497.0,238,2,697.0600000000001,348.53,603,364.0,1,1,0.9997,Naive Bayes
14498.0,45,9,3225.3,358.37,480,54.2,0,0,0.2854,Naive Bayes
14499.0,62,6,1661.16,276.86,399,67.2,0,1,0.5683,Naive Bayes
14500.0,17,3,356.85,118.95,119,50.5,1,1,0.6661,Naive Bayes
14501.0,112,2,251.21,125.6,249,136.0,1,1,0.8332,Naive Bayes
14502.0,78,7,1163.22,166.17,243,32.8,0,1,0.6015,Naive Bayes
14503.0,107,1,597.07,597.07,108,108.0,0,1,0.7498,Naive Bayes
14504.0,172,3,542.71,180.9,208,17.5,0,1,0.8416,Naive Bayes
14505.0,38,17,10236.39,602.14,660,47.8,0,0,0.0001,Naive Bayes
14506.0,91,5,1818.56,363.71,529,109.2,0,1,0.6278,Naive Bayes
14507.0,30,9,2773.55,308.17,659,89.7,0,0,0.2475,Naive Bayes
14508.0,18,4,692.43,173.11,470,225.5,0,1,0.9126,Naive Bayes
14509.0,463,1,110.95,110.95,464,464.0,1,1,1.0,Naive Bayes
14510.0,304,3,979.85,326.62,366,61.0,1,1,0.969,Naive Bayes
14511.0,21,2,329.89,164.94,63,41.0,0,1,0.642,Naive Bayes
14512.0,116,7,1215.97,173.71,662,90.8,1,1,0.5366,Naive Bayes
14513.0,29,6,788.01,131.34,498,93.6,1,1,0.5819,Naive Bayes
14514.0,130,8,3792.95,474.12,656,75.0,0,0,0.3531,Naive Bayes
14515.0,120,8,2412.82,301.6,480,59.8,0,0,0.4968,Naive Bayes
14516.0,445,1,151.17,151.17,446,446.0,1,1,1.0,Naive Bayes
14517.0,70,1,252.45,252.45,71,71.0,0,1,0.6524,Naive Bayes
14519.0,612,2,203.14,101.57,658,45.0,1,1,1.0,Naive Bayes
14520.0,219,1,165.0,165.0,220,220.0,0,1,0.9821,Naive Bayes
14521.0,420,1,199.45000000000002,199.45,421,421.0,1,1,1.0,Naive Bayes
14522.0,0,7,1605.38,229.34,614,102.2,0,0,0.4409,Naive Bayes
14523.0,37,1,241.09,241.09,38,38.0,1,1,0.6104,Naive Bayes
14524.0,0,12,2797.96,233.16,346,57.5,0,0,0.1432,Naive Bayes
14525.0,29,15,6622.98,441.53,656,44.7,0,0,0.0042,Naive Bayes
14526.0,318,1,258.65,258.65,319,319.0,1,1,0.9997,Naive Bayes
14527.0,0,109,24519.920000000002,224.95,667,6.2,0,0,0.0,Naive Bayes
14529.0,6,2,338.14,169.07,40,33.0,0,1,0.6333,Naive Bayes
14530.0,22,15,5709.08,380.61,617,42.4,0,0,0.0076,Naive Bayes
14531.0,408,1,376.34,376.34,409,409.0,1,1,1.0,Naive Bayes
14532.0,165,11,3845.78,349.62,628,46.2,1,0,0.224,Naive Bayes
14533.0,18,7,2660.0099999999998,380.0,540,86.8,0,0,0.408,Naive Bayes
14534.0,24,22,4817.15,218.96,564,25.7,0,0,0.0001,Naive Bayes
14535.0,56,8,4759.86,594.98,583,75.1,0,0,0.2392,Naive Bayes
14536.0,188,1,170.95,170.95,189,189.0,1,1,0.9522,Naive Bayes
14537.0,552,1,285.84000000000003,285.84,553,553.0,0,1,1.0,Naive Bayes
14538.0,185,4,1089.0900000000001,272.27,613,142.3,0,1,0.8462,Naive Bayes
14540.0,4,10,3394.91,339.49,662,73.0,0,0,0.1518,Naive Bayes
14541.0,97,13,2345.38,180.41,631,48.5,0,0,0.0947,Naive Bayes
14542.0,114,1,103.25,103.25,115,115.0,1,1,0.7998,Naive Bayes
14543.0,2,37,14219.64,384.31,668,20.2,0,0,0.0,Naive Bayes
14544.0,290,2,2036.0,1018.0,400,109.0,0,1,0.9867,Naive Bayes
14545.0,603,1,349.25,349.25,604,604.0,1,1,1.0,Naive Bayes
14546.0,6,9,4213.01,468.11,663,82.0,0,0,0.1662,Naive Bayes
14548.0,79,9,2541.29,282.37,663,116.6,1,0,0.3365,Naive Bayes
14549.0,240,4,913.6,228.4,667,142.0,1,1,0.914,Naive Bayes
14550.0,317,2,587.69,293.85,413,95.0,0,1,0.9779,Naive Bayes
14551.0,133,6,817.29,136.22,611,159.0,0,1,0.789,Naive Bayes
14552.0,80,3,507.93,169.31,522,220.5,1,1,0.9181,Naive Bayes
14553.0,147,6,1271.65,211.94,439,72.8,0,1,0.7166,Naive Bayes
14555.0,231,5,2177.83,435.57,651,104.8,0,1,0.8385,Naive Bayes
14556.0,525,3,815.69,271.9,618,46.0,1,1,0.9999,Naive Bayes
14557.0,14,1,788.38,788.38,15,15.0,1,1,0.6783,Naive Bayes
14558.0,583,3,655.5,218.5,661,38.5,1,1,1.0,Naive Bayes
14559.0,319,1,75.6,75.6,320,320.0,1,1,0.9998,Naive Bayes
14560.0,23,37,5441.46,147.07,667,20.7,0,0,0.0,Naive Bayes
14561.0,4,3,1080.76,360.25,114,54.5,1,1,0.6089,Naive Bayes
14562.0,7,18,4630.6,257.26,600,37.0,0,0,0.0018,Naive Bayes
14563.0,438,2,625.42,312.71,522,83.0,1,1,0.9984,Naive Bayes
14564.0,363,2,2605.62,1302.81,665,301.0,1,1,1.0,Naive Bayes
14565.0,24,5,3709.2200000000003,741.84,403,94.5,1,1,0.5671,Naive Bayes
14566.0,39,4,4092.0,1023.0,463,141.0,1,1,0.7947,Naive Bayes
14567.0,59,1,800.76,800.76,60,60.0,0,1,0.7105,Naive Bayes
14568.0,364,1,919.7,919.7,365,365.0,1,1,1.0,Naive Bayes
14569.0,381,3,369.94,123.31,533,75.5,0,1,0.9941,Naive Bayes
14570.0,209,3,512.4,170.8,373,163.0,1,1,0.9448,Naive Bayes
14571.0,354,1,160.0,160.0,355,355.0,1,1,1.0,Naive Bayes
14572.0,39,9,4779.68,531.08,551,73.0,0,0,0.1827,Naive Bayes
14573.0,108,13,2163.12,166.39,630,52.1,1,0,0.106,Naive Bayes
14574.0,661,1,143.70000000000002,143.7,662,662.0,1,1,1.0,Naive Bayes
14575.0,417,1,420.22,420.22,418,418.0,1,1,1.0,Naive Bayes
14576.0,301,1,35.400000000000006,35.4,302,302.0,1,1,0.9996,Naive Bayes
14577.0,92,6,1151.08,191.85,658,113.0,0,1,0.5751,Naive Bayes
14579.0,361,1,105.56,105.56,362,362.0,1,1,1.0,Naive Bayes
14580.0,447,1,14.850000000000001,14.85,448,448.0,1,1,1.0,Naive Bayes
14581.0,473,1,271.05,271.05,474,474.0,0,1,1.0,Naive Bayes
14583.0,73,7,1415.05,202.15,551,79.5,0,1,0.5077,Naive Bayes
14584.0,98,8,1738.16,217.27,590,70.1,1,0,0.4476,Naive Bayes
14585.0,311,4,986.22,246.56,346,11.3,0,1,0.9753,Naive Bayes
14586.0,205,1,237.36,237.36,206,206.0,1,1,0.9691,Naive Bayes
14587.0,113,8,1452.68,181.58,261,21.0,0,1,0.5977,Naive Bayes
14588.0,507,1,135.39,135.39,508,508.0,1,1,1.0,Naive Bayes
14589.0,300,1,39.75,39.75,301,301.0,1,1,0.9995,Naive Bayes
14590.0,353,20,2993.37,149.67,662,17.1,1,0,0.036,Naive Bayes
14591.0,142,1,204.02,204.02,143,143.0,0,1,0.8545,Naive Bayes
14593.0,127,11,3380.47,307.32,660,88.7,0,0,0.1934,Naive Bayes
14594.0,302,1,255.0,255.0,303,303.0,0,1,0.9994,Naive Bayes
14595.0,14,4,723.88,180.97,618,201.0,0,1,0.8226,Naive Bayes
14596.0,555,1,222.22000000000003,222.22,556,556.0,1,1,1.0,Naive Bayes
14597.0,120,5,1483.49,296.7,367,82.0,0,1,0.7022,Naive Bayes
14598.0,498,1,162.07,162.07,499,499.0,0,1,1.0,Naive Bayes
14599.0,319,2,457.89,228.94,439,119.0,1,1,0.9825,Naive Bayes
14600.0,234,2,865.1700000000001,432.58,323,88.0,1,1,0.9118,Naive Bayes
14602.0,585,1,205.35999999999999,205.36,586,586.0,1,1,1.0,Naive Bayes
14603.0,203,1,660.0,660.0,204,204.0,1,1,0.9697,Naive Bayes
14604.0,562,1,136.35999999999999,136.36,563,563.0,1,1,1.0,Naive Bayes
14605.0,303,4,920.71,230.18,661,178.5,1,1,0.9817,Naive Bayes
14606.0,1,167,27507.23,164.71,666,4.2,0,0,0.0,Naive Bayes
14607.0,190,9,8048.63,894.29,654,66.1,0,0,0.1336,Naive Bayes
14608.0,14,8,2348.7400000000002,293.59,663,92.6,0,0,0.3151,Naive Bayes
14609.0,1,10,1486.2,148.62,598,66.2,1,0,0.2498,Naive Bayes
14610.0,324,2,24.35,12.18,444,119.0,1,1,0.9886,Naive Bayes
14611.0,372,2,604.3299999999999,302.16,528,155.0,1,1,0.9954,Naive Bayes
14612.0,344,1,877.7,877.7,345,345.0,1,1,1.0,Naive Bayes
14613.0,609,1,76.32000000000001,76.32,610,610.0,1,1,1.0,Naive Bayes
14614.0,315,1,295.13,295.13,316,316.0,1,1,0.9997,Naive Bayes
14615.0,323,5,951.76,190.35,478,38.5,1,1,0.9749,Naive Bayes
14616.0,171,5,527.78,105.56,478,76.5,1,1,0.8059,Naive Bayes
14617.0,331,2,190.47000000000003,95.24,345,13.0,1,1,0.9866,Naive Bayes
14618.0,266,5,1000.6800000000001,200.14,476,69.7,0,1,0.9316,Naive Bayes
14619.0,174,2,1291.24,645.62,471,296.0,1,1,0.9946,Naive Bayes
14620.0,134,2,412.78000000000003,206.39,213,78.0,1,1,0.7783,Naive Bayes
14621.0,85,7,2215.12,316.45,613,87.8,0,0,0.456,Naive Bayes
14622.0,113,1,320.58000000000004,320.58,114,114.0,1,1,0.7542,Naive Bayes
14623.0,45,8,1731.76,216.47,532,69.4,0,0,0.4117,Naive Bayes
14624.0,344,4,588.22,147.06,534,63.0,0,1,0.9847,Naive Bayes
14625.0,125,11,4497.88,408.9,653,58.6,1,0,0.1286,Naive Bayes
14626.0,51,9,4190.94,465.66,659,75.9,0,0,0.1807,Naive Bayes
14627.0,308,1,462.75,462.75,309,309.0,1,1,0.9995,Naive Bayes
14628.0,20,5,1998.0,399.6,613,148.0,1,1,0.6035,Naive Bayes
14630.0,413,1,338.65,338.65,414,414.0,1,1,1.0,Naive Bayes
14631.0,164,5,1648.79,329.76,417,63.0,0,1,0.7545,Naive Bayes
14632.0,191,1,114.56,114.56,192,192.0,1,1,0.9596,Naive Bayes
14633.0,195,1,344.90000000000003,344.9,196,196.0,1,1,0.9548,Naive Bayes
14634.0,366,4,2124.46,531.12,471,34.7,1,1,0.9892,Naive Bayes
14635.0,382,1,215.22,215.22,383,383.0,1,1,1.0,Naive Bayes
14636.0,197,1,300.19,300.19,198,198.0,0,1,0.9584,Naive Bayes
14637.0,606,1,106.67999999999999,106.68,607,607.0,1,1,1.0,Naive Bayes
14639.0,49,7,3983.7,569.1,591,108.2,0,0,0.3707,Naive Bayes
14640.0,56,8,3025.34,378.17,616,79.9,0,0,0.3178,Naive Bayes
14643.0,99,5,1679.89,335.98,658,139.5,1,1,0.6442,Naive Bayes
14644.0,227,6,1604.46,267.41,666,109.5,0,1,0.8273,Naive Bayes
14645.0,85,3,876.89,292.3,564,239.0,1,1,0.9342,Naive Bayes
14646.0,7,120,450057.14,3750.48,667,8.4,0,0,0.0,Naive Bayes
14647.0,130,2,506.04,253.02,453,322.0,1,1,0.9962,Naive Bayes
14648.0,345,15,4463.39,297.56,659,26.1,1,0,0.3736,Naive Bayes
14649.0,1,8,3143.78,392.97,618,102.7,0,0,0.3093,Naive Bayes
14650.0,518,1,62.5,62.5,519,519.0,1,1,1.0,Naive Bayes
14651.0,140,8,1787.24,223.4,561,70.0,0,1,0.5441,Naive Bayes
14652.0,6,1,114.18,114.18,7,7.0,1,1,0.649,Naive Bayes
14653.0,267,5,1832.91,366.58,667,99.8,0,1,0.8994,Naive Bayes
14654.0,667,1,246.86,246.86,668,668.0,1,1,1.0,Naive Bayes
14655.0,151,4,2756.84,689.21,526,124.7,0,1,0.7872,Naive Bayes
14656.0,98,5,790.0,158.0,533,108.5,1,1,0.6852,Naive Bayes
14657.0,84,5,1240.91,248.18,365,70.0,0,1,0.6495,Naive Bayes
14658.0,46,1,123.14,123.14,47,47.0,0,1,0.6539,Naive Bayes
14659.0,7,7,2067.98,295.43,245,39.5,0,0,0.493,Naive Bayes
14660.0,15,2,285.74,142.87,30,14.0,1,1,0.6541,Naive Bayes
14662.0,163,6,1147.34,191.22,666,100.4,0,1,0.6883,Naive Bayes
14663.0,359,2,490.6,245.3,360,360.0,1,1,1.0,Naive Bayes
14665.0,18,6,2190.13,365.02,522,125.8,0,1,0.5526,Naive Bayes
14667.0,3,48,18260.35,380.42,667,15.1,0,0,0.0,Naive Bayes
14668.0,374,1,111.63,111.63,375,375.0,1,1,1.0,Naive Bayes
14669.0,170,7,3216.78,459.54,667,124.0,1,1,0.6142,Naive Bayes
14670.0,209,3,583.33,194.44,662,452.0,1,1,1.0,Naive Bayes
14671.0,478,2,1127.45,563.72,498,19.0,1,1,0.9995,Naive Bayes
14672.0,163,4,1113.14,278.29,610,148.7,1,1,0.8227,Naive Bayes
14673.0,296,3,1674.41,558.14,339,21.0,0,1,0.9658,Naive Bayes
14674.0,438,1,173.66,173.66,439,439.0,1,1,1.0,Naive Bayes
14675.0,317,1,419.22,419.22,318,318.0,0,1,0.9997,Naive Bayes
14676.0,7,11,7979.51,725.41,569,56.1,0,0,0.019,Naive Bayes
14677.0,521,1,184.91,184.91,522,522.0,1,1,1.0,Naive Bayes
14678.0,508,1,403.39,403.39,509,509.0,1,1,1.0,Naive Bayes
14679.0,310,3,1289.44,429.81,661,175.0,1,1,0.9819,Naive Bayes
14680.0,0,57,54520.9,956.51,665,13.6,0,0,0.0,Naive Bayes
14681.0,0,6,875.1500000000001,145.86,583,145.5,1,1,0.6371,Naive Bayes
14682.0,116,6,1514.81,252.47,602,97.0,1,1,0.602,Naive Bayes
14683.0,517,1,146.56,146.56,518,518.0,1,1,1.0,Naive Bayes
14684.0,10,4,851.29,212.82,320,103.0,0,1,0.6656,Naive Bayes
14685.0,505,8,4536.64,567.08,656,37.5,1,1,0.9988,Naive Bayes
14686.0,343,5,852.53,170.51,589,245.0,1,1,0.9982,Naive Bayes
14687.0,35,3,1402.06,467.35,481,222.5,1,1,0.8974,Naive Bayes
14688.0,21,23,5797.77,252.08,386,16.5,0,0,0.0,Naive Bayes
14689.0,137,1,112.8,112.8,138,138.0,1,1,0.8577,Naive Bayes
14690.0,80,3,635.1899999999999,211.73,340,129.5,0,1,0.7646,Naive Bayes
14691.0,0,4,1769.07,442.27,142,70.5,0,1,0.5986,Naive Bayes
14692.0,66,12,1715.1399999999999,142.93,547,43.6,1,0,0.1615,Naive Bayes
14693.0,193,7,1165.36,166.48,455,43.5,1,1,0.777,Naive Bayes
14694.0,546,1,244.31,244.31,547,547.0,1,1,1.0,Naive Bayes
14695.0,448,3,1534.22,511.41,662,213.0,1,1,0.9997,Naive Bayes
14696.0,0,7,2172.7400000000002,310.39,351,58.3,0,0,0.472,Naive Bayes
14697.0,147,2,188.60999999999999,94.3,148,148.0,1,1,0.8914,Naive Bayes
14699.0,143,4,702.6,175.65,455,103.7,1,1,0.7862,Naive Bayes
14700.0,118,4,2422.06,605.52,415,98.7,0,1,0.7165,Naive Bayes
14701.0,101,13,3902.4500000000003,300.19,614,56.9,0,0,0.0657,Naive Bayes
14702.0,7,22,4972.53,226.02,659,31.0,0,0,0.0001,Naive Bayes
14704.0,10,5,631.78,126.36,554,135.8,0,1,0.6652,Naive Bayes
14705.0,127,1,179.0,179.0,128,128.0,1,1,0.8174,Naive Bayes
14706.0,547,1,367.54,367.54,548,548.0,1,1,1.0,Naive Bayes
14707.0,364,2,139.2,69.6,506,141.0,1,1,0.9953,Naive Bayes
14708.0,83,4,1368.03,342.01,385,100.3,0,1,0.6801,Naive Bayes
14709.0,0,22,8229.33,374.06,664,33.2,0,0,0.0,Naive Bayes
14710.0,308,9,1300.31,144.48,666,44.6,0,1,0.8976,Naive Bayes
14711.0,20,9,2355.63,261.74,192,21.4,0,0,0.3792,Naive Bayes
14712.0,4,3,832.47,277.49,348,171.5,0,1,0.8022,Naive Bayes
14713.0,28,19,4482.7699999999995,235.94,666,35.4,0,0,0.0008,Naive Bayes
14714.0,336,3,746.05,248.68,617,140.0,0,1,0.986,Naive Bayes
14715.0,23,7,1536.92,219.56,619,99.2,0,0,0.4444,Naive Bayes
14716.0,77,2,417.49,208.74,374,296.0,0,1,0.9891,Naive Bayes
14717.0,662,1,81.3,81.3,663,663.0,1,1,1.0,Naive Bayes
14718.0,339,1,226.42,226.42,340,340.0,1,1,0.9999,Naive Bayes
14719.0,108,2,488.12,244.06,179,70.0,0,1,0.7269,Naive Bayes
14720.0,18,2,401.13,200.56,56,37.0,0,1,0.63,Naive Bayes
14721.0,308,1,109.07,109.07,309,309.0,1,1,0.9996,Naive Bayes
14722.0,76,3,489.52,163.17,416,169.5,1,1,0.8377,Naive Bayes
14723.0,287,8,1134.65,141.83,665,62.8,0,1,0.8892,Naive Bayes
14724.0,519,1,341.9,341.9,520,520.0,1,1,1.0,Naive Bayes
14725.0,323,3,591.28,197.09,464,140.0,0,1,0.9871,Naive Bayes
14726.0,583,1,116.5,116.5,584,584.0,1,1,1.0,Naive Bayes
14727.0,203,3,461.03,153.68,476,272.0,1,1,0.9928,Naive Bayes
14728.0,342,1,190.58,190.58,343,343.0,1,1,0.9999,Naive Bayes
14729.0,302,3,586.24,195.41,555,252.0,1,1,0.997,Naive Bayes
14730.0,36,5,872.13,174.43,206,42.2,0,1,0.6336,Naive Bayes
14731.0,134,2,251.01999999999998,125.51,142,7.0,0,1,0.7999,Naive Bayes
14732.0,17,17,4741.77,278.93,660,42.8,0,0,0.0031,Naive Bayes
14733.0,39,14,13793.44,985.25,332,22.5,0,0,0.0,Naive Bayes
14734.0,354,4,1056.42,264.1,481,42.0,1,1,0.987,Naive Bayes
14735.0,10,49,10506.72,214.42,665,19.8,0,0,0.0,Naive Bayes
14736.0,414,2,374.05,187.02,415,415.0,1,1,1.0,Naive Bayes
14737.0,57,3,3471.37,1157.12,330,136.0,0,1,0.9052,Naive Bayes
14738.0,62,7,1265.1000000000001,180.73,662,99.8,0,0,0.4648,Naive Bayes
14739.0,23,22,9918.92,450.86,667,30.6,0,0,0.0,Naive Bayes
14740.0,126,11,4161.06,378.28,582,45.5,1,0,0.1653,Naive Bayes
14741.0,42,5,1177.71,235.54,347,76.0,0,1,0.6172,Naive Bayes
14742.0,364,1,579.85,579.85,365,365.0,1,1,1.0,Naive Bayes
14743.0,521,1,50.48,50.48,522,522.0,1,1,1.0,Naive Bayes
14744.0,226,12,3488.13,290.68,500,30.3,0,0,0.3839,Naive Bayes
14745.0,41,12,2551.41,212.62,567,58.3,1,0,0.122,Naive Bayes
14746.0,335,4,593.5,148.38,353,8.5,1,1,0.9865,Naive Bayes
14747.0,178,1,328.2,328.2,179,179.0,1,1,0.9281,Naive Bayes
14748.0,52,9,2384.92,264.99,575,74.6,0,0,0.3083,Naive Bayes
14749.0,408,1,310.15,310.15,409,409.0,1,1,1.0,Naive Bayes
14750.0,665,1,112.03,112.03,666,666.0,1,1,1.0,Naive Bayes
14751.0,613,2,126.45,63.22,656,42.0,1,1,1.0,Naive Bayes
14753.0,16,2,869.51,434.76,390,373.0,1,1,0.999,Naive Bayes
14754.0,224,5,1138.15,227.63,620,98.8,0,1,0.8534,Naive Bayes
14755.0,2,22,8134.25,369.74,666,36.8,0,0,0.0,Naive Bayes
14756.0,311,2,1864.8,932.4,354,42.0,0,1,0.986,Naive Bayes
14757.0,4,1,420.5,420.5,5,5.0,1,1,0.5909,Naive Bayes
14758.0,73,7,2864.97,409.28,540,77.7,1,0,0.4339,Naive Bayes
14759.0,41,2,870.85,435.42,162,120.0,0,1,0.7,Naive Bayes
14760.0,226,1,89.2,89.2,227,227.0,1,1,0.9876,Naive Bayes
14761.0,263,2,289.52,144.76,374,110.0,0,1,0.9566,Naive Bayes
14762.0,192,2,417.57,208.78,556,363.0,1,1,0.9995,Naive Bayes
14765.0,41,2,95.5,47.75,106,64.0,0,1,0.7059,Naive Bayes
14766.0,9,10,5953.21,595.32,481,52.3,0,0,0.0913,Naive Bayes
14767.0,403,1,382.81,382.81,404,404.0,1,1,1.0,Naive Bayes
14768.0,56,1,133.20000000000002,133.2,57,57.0,0,1,0.6623,Naive Bayes
14769.0,11,16,15170.49,948.16,653,42.7,0,0,0.0,Naive Bayes
14770.0,161,8,3637.64,454.7,582,60.0,1,0,0.4682,Naive Bayes
14771.0,550,2,594.62,297.31,666,115.0,1,1,0.9999,Naive Bayes
14772.0,41,1,139.26,139.26,42,42.0,1,1,0.6434,Naive Bayes
14773.0,521,1,140.55,140.55,522,522.0,1,1,1.0,Naive Bayes
14774.0,457,1,241.45,241.45,458,458.0,1,1,1.0,Naive Bayes
14775.0,66,2,701.46,350.73,302,235.0,0,1,0.9412,Naive Bayes
14776.0,34,12,3032.22,252.68,376,34.1,0,0,0.1385,Naive Bayes
14777.0,332,1,307.56,307.56,333,333.0,1,1,0.9999,Naive Bayes
14778.0,56,2,730.86,365.43,238,181.0,1,1,0.8435,Naive Bayes
14779.0,209,3,386.15,128.72,253,21.5,1,1,0.8982,Naive Bayes
14780.0,8,1,332.8,332.8,9,9.0,0,1,0.5927,Naive Bayes
14782.0,248,1,200.10000000000002,200.1,249,249.0,1,1,0.9937,Naive Bayes
14783.0,588,1,307.3,307.3,589,589.0,1,1,1.0,Naive Bayes
14784.0,252,2,274.62,137.31,319,66.0,0,1,0.9396,Naive Bayes
14786.0,479,1,90.96,90.96,480,480.0,1,1,1.0,Naive Bayes
14787.0,400,1,110.65,110.65,401,401.0,1,1,1.0,Naive Bayes
14788.0,525,1,476.88,476.88,526,526.0,0,1,1.0,Naive Bayes
14790.0,48,8,2145.6,268.2,658,87.0,0,0,0.3409,Naive Bayes
14791.0,535,1,303.63,303.63,536,536.0,1,1,1.0,Naive Bayes
14793.0,464,1,396.91,396.91,465,465.0,0,1,1.0,Naive Bayes
14794.0,132,7,1313.53,187.65,417,47.3,0,1,0.6495,Naive Bayes
14795.0,95,1,131.45000000000002,131.45,96,96.0,1,1,0.7418,Naive Bayes
14796.0,23,24,8773.460000000001,365.56,655,27.4,0,0,0.0,Naive Bayes
14797.0,436,1,300.31,300.31,437,437.0,1,1,1.0,Naive Bayes
14798.0,73,7,647.97,92.57,578,84.0,0,1,0.5418,Naive Bayes
14799.0,666,1,180.45,180.45,667,667.0,0,1,1.0,Naive Bayes
14800.0,4,15,6787.84,452.52,365,27.7,0,0,0.0063,Naive Bayes
14803.0,91,3,845.55,281.85,222,65.0,1,1,0.6968,Naive Bayes
14805.0,242,4,645.4,161.35,551,102.7,0,1,0.9156,Naive Bayes
14806.0,4,2,303.43,151.72,369,364.0,1,1,0.9988,Naive Bayes
14807.0,319,2,504.14,252.07,579,259.0,1,1,0.998,Naive Bayes
14808.0,3,7,2184.41,312.06,102,24.5,0,0,0.4878,Naive Bayes
14809.0,550,2,686.76,343.38,551,551.0,1,1,1.0,Naive Bayes
14810.0,32,12,2135.48,177.96,359,29.6,0,0,0.1721,Naive Bayes
14811.0,316,1,170.5,170.5,317,317.0,1,1,0.9997,Naive Bayes
14812.0,527,1,178.85,178.85,528,528.0,1,1,1.0,Naive Bayes
14813.0,298,4,888.91,222.23,540,120.5,1,1,0.969,Naive Bayes
14814.0,510,1,152.96,152.96,511,511.0,1,1,1.0,Naive Bayes
14816.0,126,1,271.85,271.85,127,127.0,1,1,0.7992,Naive Bayes
14817.0,129,7,3609.86,515.69,557,71.2,1,0,0.4776,Naive Bayes
14818.0,2,6,1153.56,192.26,577,114.8,1,1,0.5484,Naive Bayes
14819.0,121,3,269.06,89.69,648,263.0,0,1,0.9721,Naive Bayes
14820.0,4,7,1009.66,144.24,607,100.3,0,0,0.4757,Naive Bayes
14821.0,295,7,1230.15,175.74,606,77.5,1,1,0.9312,Naive Bayes
14822.0,414,1,157.70000000000002,157.7,415,415.0,1,1,1.0,Naive Bayes
14823.0,109,3,321.43,107.14,124,14.0,1,1,0.7663,Naive Bayes
14824.0,2,8,3650.71,456.34,567,80.6,0,0,0.2814,Naive Bayes
14825.0,18,20,4007.7400000000002,200.39,542,27.5,0,0,0.0006,Naive Bayes
14826.0,510,2,385.2,192.6,625,114.0,1,1,0.9998,Naive Bayes
14828.0,125,13,9839.460000000001,756.88,662,44.7,1,0,0.0024,Naive Bayes
14829.0,113,6,1289.95,214.99,366,63.0,0,1,0.6658,Naive Bayes
14831.0,609,3,1676.57,558.86,667,57.0,1,1,1.0,Naive Bayes
14833.0,427,1,94.8,94.8,428,428.0,1,1,1.0,Naive Bayes
14834.0,0,4,1337.06,334.26,337,112.0,0,1,0.6514,Naive Bayes
14835.0,457,2,297.0,148.5,547,89.0,1,1,0.9992,Naive Bayes
14837.0,18,9,3460.32,384.48,614,74.4,1,0,0.2179,Naive Bayes
14838.0,352,2,769.9200000000001,384.96,666,313.0,1,1,0.9997,Naive Bayes
14839.0,347,3,915.28,305.09,634,143.0,1,1,0.9883,Naive Bayes
14840.0,196,2,362.71,181.36,469,272.0,1,1,0.9918,Naive Bayes
14841.0,108,12,6242.81,520.23,667,50.7,0,0,0.0356,Naive Bayes
14842.0,24,3,1901.52,633.84,238,106.5,0,1,0.6859,Naive Bayes
14843.0,365,1,211.79999999999998,211.8,366,366.0,1,1,1.0,Naive Bayes
14844.0,52,9,5770.3,641.14,536,80.5,0,0,0.1492,Naive Bayes
14845.0,528,1,150.0,150.0,529,529.0,1,1,1.0,Naive Bayes
14846.0,356,1,437.4,437.4,357,357.0,1,1,1.0,Naive Bayes
14847.0,77,3,1348.95,449.65,494,208.0,1,1,0.8827,Naive Bayes
14848.0,333,1,310.56,310.56,334,334.0,1,1,0.9999,Naive Bayes
14849.0,24,35,13261.6,378.9,628,31.7,0,0,0.0,Naive Bayes
14850.0,240,7,1770.96,252.99,498,85.7,1,1,0.858,Naive Bayes
14851.0,185,2,524.19,262.1,560,374.0,0,1,0.9996,Naive Bayes
14852.0,25,17,5484.16,322.6,574,54.8,0,0,0.0027,Naive Bayes
14853.0,140,4,1115.57,278.89,535,131.3,0,1,0.7801,Naive Bayes
14854.0,7,11,4303.06,391.19,616,60.8,1,0,0.0911,Naive Bayes
14855.0,48,7,6520.3,931.47,540,122.8,1,0,0.3185,Naive Bayes
14857.0,77,6,3001.25,500.21,564,162.0,0,1,0.6555,Naive Bayes
14858.0,434,1,180.75,180.75,435,435.0,1,1,1.0,Naive Bayes
14859.0,9,3,1279.02,426.34,484,237.0,0,1,0.9195,Naive Bayes
14861.0,309,9,1254.94,139.44,661,50.1,0,1,0.9015,Naive Bayes
14862.0,77,1,304.09999999999997,304.1,78,78.0,0,1,0.6583,Naive Bayes
14865.0,301,3,77.52000000000001,25.84,668,183.0,0,1,0.9872,Naive Bayes
14866.0,9,10,13113.56,1311.36,374,45.5,0,0,0.0015,Naive Bayes
14867.0,114,16,2952.06,184.5,664,39.2,1,0,0.0174,Naive Bayes
14868.0,0,9,2865.19,318.35,350,58.2,0,0,0.3223,Naive Bayes
14869.0,32,5,2443.75,488.75,653,155.0,0,1,0.5966,Naive Bayes
14870.0,190,6,1838.95,306.49,613,105.5,1,1,0.7547,Naive Bayes
14871.0,107,8,1062.19,132.77,668,80.0,0,0,0.4604,Naive Bayes
14872.0,412,3,816.6,272.2,563,75.0,1,1,0.9966,Naive Bayes
14873.0,139,2,854.13,427.06,563,423.0,1,1,0.9999,Naive Bayes
14874.0,464,1,116.18,116.18,465,465.0,1,1,1.0,Naive Bayes
14875.0,36,3,2862.4,954.13,371,167.0,1,1,0.8748,Naive Bayes
14876.0,450,2,256.7,128.35,491,40.0,1,1,0.999,Naive Bayes
14877.0,347,2,425.85,212.92,572,224.0,1,1,0.9976,Naive Bayes
14878.0,11,23,3784.67,164.55,586,31.9,0,0,0.0,Naive Bayes
14879.0,613,1,185.06,185.06,614,614.0,1,1,1.0,Naive Bayes
14880.0,6,3,690.59,230.2,218,105.5,1,1,0.6823,Naive Bayes
14882.0,319,12,2956.9500000000003,246.41,549,25.4,0,1,0.774,Naive Bayes
14883.0,2,4,571.99,143.0,141,69.0,0,1,0.6548,Naive Bayes
14884.0,598,1,120.6,120.6,599,599.0,1,1,1.0,Naive Bayes
14885.0,60,3,1598.12,532.71,395,167.0,1,1,0.8004,Naive Bayes
14886.0,181,1,364.8,364.8,182,182.0,1,1,0.9327,Naive Bayes
14887.0,8,1,1862.0,1862.0,9,9.0,1,1,0.9982,Naive Bayes
14888.0,136,1,369.2,369.2,137,137.0,1,1,0.8214,Naive Bayes
14889.0,265,1,135.9,135.9,266,266.0,1,1,0.9972,Naive Bayes
14890.0,182,3,817.25,272.42,589,203.0,1,1,0.9373,Naive Bayes
14891.0,77,4,1106.73,276.68,366,96.0,1,1,0.6817,Naive Bayes
14892.0,619,1,202.35000000000002,202.35,620,620.0,1,1,1.0,Naive Bayes
14893.0,546,1,571.76,571.76,547,547.0,0,1,1.0,Naive Bayes
14894.0,14,3,1492.81,497.6,667,326.0,1,1,0.9901,Naive Bayes
14895.0,20,31,21955.62,708.25,659,33.6,0,0,0.0,Naive Bayes
14896.0,133,8,1826.0,228.25,663,75.6,1,0,0.4699,Naive Bayes
14897.0,17,6,2119.56,353.26,654,127.2,0,0,0.4848,Naive Bayes
14898.0,63,13,3087.82,237.52,666,50.2,0,0,0.0606,Naive Bayes
14899.0,324,1,1331.38,1331.38,325,325.0,1,1,1.0,Naive Bayes
14900.0,451,1,13.919999999999998,13.92,452,452.0,1,1,1.0,Naive Bayes
14901.0,2,10,1591.54,159.15,428,47.2,0,0,0.3022,Naive Bayes
14902.0,324,2,702.96,351.48,483,158.0,0,1,0.9881,Naive Bayes
14903.0,53,4,2398.62,599.66,208,51.3,0,1,0.6248,Naive Bayes
14904.0,337,2,605.05,302.52,357,19.0,0,1,0.9846,Naive Bayes
14905.0,86,8,1971.39,246.42,666,82.7,1,0,0.3823,Naive Bayes
14907.0,28,14,4654.8,332.49,532,55.9,0,0,0.0261,Naive Bayes
14908.0,3,2,381.9,190.95,393,389.0,1,1,0.9995,Naive Bayes
14909.0,366,3,1404.68,468.23,593,113.0,1,1,0.9903,Naive Bayes
14911.0,1,304,225188.29,740.75,668,3.2,0,0,0.0,Naive Bayes
14912.0,175,4,1464.52,366.13,520,172.0,0,1,0.8931,Naive Bayes
14913.0,112,7,3762.85,537.55,415,50.3,0,0,0.4854,Naive Bayes
14915.0,20,11,1811.25,164.66,666,71.7,1,0,0.1606,Naive Bayes
14916.0,22,7,2741.73,391.68,547,87.3,0,0,0.4029,Naive Bayes
14917.0,525,2,1123.75,561.88,526,526.0,1,1,1.0,Naive Bayes
14918.0,44,9,5955.81,661.76,540,70.7,1,0,0.1322,Naive Bayes
14919.0,468,1,359.35,359.35,469,469.0,1,1,1.0,Naive Bayes
14920.0,141,3,1607.17,535.72,495,353.0,1,1,0.9987,Naive Bayes
14921.0,130,1,903.01,903.01,131,131.0,0,1,0.8891,Naive Bayes
14922.0,322,2,843.74,421.87,437,114.0,1,1,0.9812,Naive Bayes
14924.0,174,3,931.01,310.34,569,197.0,1,1,0.9253,Naive Bayes
14926.0,310,2,359.4,179.7,528,217.0,1,1,0.9946,Naive Bayes
14927.0,325,1,308.2,308.2,326,326.0,1,1,0.9998,Naive Bayes
14928.0,556,1,223.91000000000003,223.91,557,557.0,1,1,1.0,Naive Bayes
14929.0,350,1,612.8100000000001,612.81,351,351.0,0,1,1.0,Naive Bayes
14930.0,37,6,5236.7300000000005,872.79,536,124.5,1,0,0.4792,Naive Bayes
14931.0,3,2,504.65,252.32,170,166.0,0,1,0.8005,Naive Bayes
14932.0,294,2,566.13,283.06,315,20.0,1,1,0.9656,Naive Bayes
14933.0,372,4,1770.0,442.5,374,1.0,1,1,0.9926,Naive Bayes
14934.0,10,5,3403.5,680.7,371,120.0,1,1,0.6115,Naive Bayes
14935.0,226,2,2849.83,1424.92,549,322.0,1,1,0.9999,Naive Bayes
14936.0,37,7,9346.67,1335.24,513,95.0,0,0,0.1994,Naive Bayes
14937.0,59,1,759.56,759.56,60,60.0,0,1,0.6925,Naive Bayes
14938.0,491,2,2322.43,1161.21,492,492.0,1,1,1.0,Naive Bayes
14940.0,346,2,531.49,265.74,663,316.0,1,1,0.9997,Naive Bayes
14941.0,507,1,182.1,182.1,508,508.0,1,1,1.0,Naive Bayes
14942.0,330,4,746.56,186.64,659,109.3,1,1,0.9771,Naive Bayes
14943.0,592,1,107.62,107.62,593,593.0,1,1,1.0,Naive Bayes
14944.0,6,16,8706.93,544.18,590,58.3,0,0,0.0006,Naive Bayes
14945.0,342,1,179.4,179.4,343,343.0,1,1,0.9999,Naive Bayes
14947.0,1,6,1049.79,174.96,554,110.4,1,1,0.5575,Naive Bayes
14948.0,0,5,834.27,166.85,149,37.0,0,1,0.6209,Naive Bayes
14949.0,398,4,515.0,128.75,651,84.0,1,1,0.9949,Naive Bayes
14951.0,8,1,311.69,311.69,9,9.0,1,1,0.5953,Naive Bayes
14952.0,0,30,16254.11,541.8,666,31.7,0,0,0.0,Naive Bayes
14953.0,347,3,683.15,227.72,365,17.0,0,1,0.9884,Naive Bayes
14954.0,632,1,167.27,167.27,633,633.0,0,1,1.0,Naive Bayes
14955.0,661,1,163.77,163.77,662,662.0,1,1,1.0,Naive Bayes
14956.0,350,1,1325.0,1325.0,351,351.0,1,1,1.0,Naive Bayes
14957.0,182,2,261.69,130.84,574,391.0,1,1,0.9998,Naive Bayes
14958.0,76,6,941.99,157.0,666,117.8,1,1,0.5693,Naive Bayes
14959.0,38,3,537.32,179.11,226,93.5,0,1,0.6913,Naive Bayes
14960.0,100,1,88.3,88.3,101,101.0,0,1,0.7681,Naive Bayes
14961.0,10,21,15265.4,726.92,665,38.5,0,0,0.0,Naive Bayes
14962.0,199,4,366.91,91.73,514,104.7,1,1,0.8766,Naive Bayes
14963.0,112,8,1945.43,243.18,455,57.0,0,1,0.5168,Naive Bayes
14964.0,176,1,206.21,206.21,177,177.0,1,1,0.9311,Naive Bayes
14965.0,25,2,596.09,298.04,26,26.0,1,1,0.611,Naive Bayes
14966.0,316,5,881.24,176.25,654,112.3,0,1,0.9686,Naive Bayes
14967.0,370,5,1518.81,303.76,666,147.5,0,1,0.9917,Naive Bayes
14968.0,387,1,349.9,349.9,388,388.0,0,1,1.0,Naive Bayes
14969.0,632,1,906.23,906.23,633,633.0,1,1,1.0,Naive Bayes
14970.0,66,11,4447.04,404.28,593,65.8,0,0,0.1074,Naive Bayes
14972.0,57,2,145.07,72.54,311,253.0,1,1,0.9698,Naive Bayes
14973.0,36,3,1314.45,438.15,155,59.0,1,1,0.6242,Naive Bayes
14975.0,350,1,192.45,192.45,351,351.0,0,1,1.0,Naive Bayes
14976.0,30,4,559.96,139.99,256,75.0,0,1,0.6696,Naive Bayes
14977.0,654,1,31.929999999999996,31.93,655,655.0,1,1,1.0,Naive Bayes
14978.0,1,10,3112.19,311.22,520,57.6,1,0,0.2051,Naive Bayes
14979.0,664,1,429.66,429.66,665,665.0,1,1,1.0,Naive Bayes
14980.0,666,1,150.68,150.68,667,667.0,1,1,1.0,Naive Bayes
14981.0,175,2,372.92,186.46,353,177.0,1,1,0.9316,Naive Bayes
14982.0,501,1,234.88,234.88,502,502.0,1,1,1.0,Naive Bayes
14983.0,618,1,183.20000000000002,183.2,619,619.0,1,1,1.0,Naive Bayes
14984.0,109,5,1160.37,232.07,627,172.3,0,1,0.7839,Naive Bayes
14985.0,127,2,292.01,146.0,288,160.0,1,1,0.8787,Naive Bayes
14986.0,305,2,563.1,281.55,614,308.0,1,1,0.9993,Naive Bayes
14987.0,294,7,1387.4499999999998,198.21,667,74.4,0,1,0.9157,Naive Bayes
14988.0,140,7,2038.65,291.24,532,65.2,1,1,0.5911,Naive Bayes
14989.0,590,1,342.4,342.4,591,591.0,1,1,1.0,Naive Bayes
14990.0,541,2,304.17,152.08,660,118.0,1,1,0.9999,Naive Bayes
14991.0,359,1,314.67,314.67,360,360.0,1,1,1.0,Naive Bayes
14992.0,371,1,210.5,210.5,372,372.0,1,1,1.0,Naive Bayes
14993.0,492,1,36.13,36.13,493,493.0,1,1,1.0,Naive Bayes
14994.0,311,5,942.77,188.55,553,60.2,1,1,0.9642,Naive Bayes
14995.0,209,1,119.31,119.31,210,210.0,0,1,0.9767,Naive Bayes
14996.0,410,2,442.28999999999996,221.14,411,411.0,1,1,1.0,Naive Bayes
14997.0,17,3,664.0799999999999,221.36,585,283.5,0,1,0.9729,Naive Bayes
14998.0,99,4,753.18,188.3,535,145.0,1,1,0.7664,Naive Bayes
14999.0,521,1,129.48000000000002,129.48,522,522.0,1,1,1.0,Naive Bayes
15001.0,323,2,197.10999999999999,98.56,324,324.0,1,1,0.9998,Naive Bayes
15002.0,44,9,4138.08,459.79,626,72.6,1,0,0.1904,Naive Bayes
15003.0,402,6,1027.03,171.17,612,41.8,1,1,0.9939,Naive Bayes
15004.0,76,1,1220.38,1220.38,77,77.0,1,1,0.9213,Naive Bayes
15005.0,7,50,12391.05,247.82,668,13.5,0,0,0.0,Naive Bayes
15006.0,382,1,277.4,277.4,383,383.0,0,1,1.0,Naive Bayes
15007.0,88,1,156.91,156.91,89,89.0,1,1,0.7168,Naive Bayes
15008.0,409,2,360.0,180.0,567,157.0,1,1,0.9983,Naive Bayes
15011.0,324,2,416.6,208.3,346,21.0,1,1,0.9814,Naive Bayes
15012.0,302,2,429.78,214.89,506,203.0,0,1,0.9917,Naive Bayes
15013.0,416,10,1610.82,161.08,607,21.1,1,1,0.9886,Naive Bayes
15014.0,105,1,117.72999999999999,117.73,106,106.0,0,1,0.7718,Naive Bayes
15015.0,430,13,2344.47,180.34,655,22.4,1,1,0.9657,Naive Bayes
15016.0,101,5,620.89,124.18,473,123.7,1,1,0.7472,Naive Bayes
15018.0,181,2,291.34000000000003,145.67,297,115.0,0,1,0.8829,Naive Bayes
15019.0,195,1,252.81,252.81,196,196.0,1,1,0.9573,Naive Bayes
15020.0,308,1,198.47,198.47,309,309.0,1,1,0.9996,Naive Bayes
15021.0,15,9,2014.18,223.8,428,51.5,0,0,0.352,Naive Bayes
15022.0,606,1,281.05,281.05,607,607.0,0,1,1.0,Naive Bayes
15023.0,45,17,9863.06,580.18,604,37.2,0,0,0.0001,Naive Bayes
15024.0,42,11,2753.58,250.33,354,38.9,0,0,0.2134,Naive Bayes
15025.0,497,1,609.88,609.88,498,498.0,0,1,1.0,Naive Bayes
15026.0,9,5,1044.09,208.82,378,92.0,1,1,0.6182,Naive Bayes
15027.0,97,9,3096.42,344.05,554,65.1,0,0,0.3231,Naive Bayes
15028.0,297,3,521.78,173.93,324,13.0,0,1,0.9717,Naive Bayes
15029.0,548,1,365.1,365.1,549,549.0,1,1,1.0,Naive Bayes
15030.0,0,8,1979.91,247.49,575,82.0,1,0,0.3667,Naive Bayes
15031.0,39,12,2711.54,225.96,661,69.0,0,0,0.0975,Naive Bayes
15032.0,185,8,11010.05,1376.26,659,78.8,1,0,0.0886,Naive Bayes
15033.0,38,6,1605.65,267.61,259,44.0,0,1,0.5689,Naive Bayes
15034.0,161,11,6597.42,599.77,507,38.3,0,0,0.1015,Naive Bayes
15035.0,18,1,252.73000000000002,252.73,19,19.0,1,1,0.6024,Naive Bayes
15036.0,1,3,429.56,143.19,109,53.5,1,1,0.6532,Naive Bayes
15037.0,305,2,397.76,198.88,306,306.0,1,1,0.9996,Naive Bayes
15038.0,116,7,958.49,136.93,355,39.7,0,1,0.6535,Naive Bayes
15039.0,9,85,38030.08,447.41,659,8.7,0,0,0.0,Naive Bayes
15040.0,470,1,7.49,7.49,471,471.0,1,1,1.0,Naive Bayes
15041.0,99,2,288.98,144.49,374,274.0,1,1,0.9834,Naive Bayes
15042.0,128,2,315.45,157.72,525,396.0,1,1,0.9998,Naive Bayes
15043.0,392,5,2318.3199999999997,463.66,463,17.5,0,1,0.9937,Naive Bayes
15044.0,4,29,13634.81,470.17,653,27.0,0,0,0.0,Naive Bayes
15045.0,80,2,735.66,367.83,187,106.0,1,1,0.7133,Naive Bayes
15046.0,25,21,6458.099999999999,307.53,624,29.9,0,0,0.0001,Naive Bayes
15047.0,198,1,343.62,343.62,199,199.0,1,1,0.9587,Naive Bayes
15048.0,45,3,321.48,107.16,298,126.0,0,1,0.7608,Naive Bayes
15049.0,202,1,121.17000000000002,121.17,203,203.0,1,1,0.9707,Naive Bayes
15050.0,0,4,3628.28,907.07,410,204.5,0,1,0.8924,Naive Bayes
15051.0,79,7,2921.29,417.33,668,98.0,0,0,0.3915,Naive Bayes
15052.0,248,1,207.73000000000002,207.73,249,249.0,1,1,0.9936,Naive Bayes
15053.0,85,2,478.6,239.3,211,125.0,0,1,0.7647,Naive Bayes
15055.0,403,3,549.12,183.04,653,124.5,1,1,0.9965,Naive Bayes
15056.0,449,1,113.64999999999999,113.65,450,450.0,1,1,1.0,Naive Bayes
15057.0,204,5,3255.96,651.19,664,114.8,1,1,0.7802,Naive Bayes
15058.0,10,13,2717.35,209.03,583,57.2,0,0,0.0707,Naive Bayes
15059.0,36,17,3161.28,185.96,663,44.7,0,0,0.0057,Naive Bayes
15061.0,2,120,112421.19,936.84,668,10.9,0,0,0.0,Naive Bayes
15062.0,0,8,2585.62,323.2,540,77.0,1,0,0.3463,Naive Bayes
15063.0,142,1,370.79999999999995,370.8,143,143.0,1,1,0.8391,Naive Bayes
15064.0,339,4,1154.41,288.6,647,102.3,1,1,0.9785,Naive Bayes
15065.0,93,4,3027.48,756.87,340,82.0,0,1,0.7009,Naive Bayes
15067.0,7,5,3862.88,772.58,537,176.3,1,1,0.719,Naive Bayes
15068.0,185,3,861.5,287.17,551,182.5,0,1,0.9201,Naive Bayes
15069.0,108,1,1109.53,1109.53,109,109.0,1,1,0.9162,Naive Bayes
15070.0,301,3,737.0500000000001,245.68,654,176.0,1,1,0.981,Naive Bayes
15071.0,22,4,1455.56,363.89,500,159.0,1,1,0.7196,Naive Bayes
15072.0,408,1,187.51999999999998,187.52,409,409.0,1,1,1.0,Naive Bayes
15073.0,114,7,2606.57,372.37,611,82.7,0,0,0.4793,Naive Bayes
15074.0,34,3,1553.1299999999999,517.71,397,181.0,1,1,0.8187,Naive Bayes
15075.0,6,1,773.03,773.03,7,7.0,1,1,0.6747,Naive Bayes
15076.0,101,3,1447.74,482.58,452,175.0,1,1,0.8389,Naive Bayes
15077.0,423,2,2428.08,1214.04,660,236.0,1,1,0.9999,Naive Bayes
15078.0,3,44,15113.77,343.49,665,22.0,0,0,0.0,Naive Bayes
15079.0,141,11,3625.4,329.58,661,74.1,1,0,0.1904,Naive Bayes
15080.0,356,2,546.25,273.12,431,74.0,1,1,0.9892,Naive Bayes
15081.0,15,10,1686.02,168.6,465,49.9,0,0,0.2903,Naive Bayes
15082.0,597,1,93.35000000000001,93.35,598,598.0,1,1,1.0,Naive Bayes
15083.0,185,1,88.2,88.2,186,186.0,1,1,0.9542,Naive Bayes
15084.0,308,2,965.2,482.6,575,266.0,1,1,0.9978,Naive Bayes
15085.0,658,1,347.54,347.54,659,659.0,1,1,1.0,Naive Bayes
15086.0,493,2,218.53,109.26,555,61.0,1,1,0.9997,Naive Bayes
15087.0,210,1,306.94,306.94,211,211.0,1,1,0.9722,Naive Bayes
15089.0,23,3,2036.28,678.76,58,17.0,0,1,0.6466,Naive Bayes
15090.0,237,1,381.32,381.32,238,238.0,1,1,0.989,Naive Bayes
15091.0,603,2,565.9,282.95,604,604.0,0,1,1.0,Naive Bayes
15092.0,144,3,776.46,258.82,392,123.5,1,1,0.8183,Naive Bayes
15093.0,45,22,13132.46,596.93,661,34.2,0,0,0.0,Naive Bayes
15094.0,392,2,83.0,41.5,574,181.0,1,1,0.9985,Naive Bayes
15095.0,32,10,3141.64,314.16,617,83.4,1,0,0.1914,Naive Bayes
15097.0,512,2,660.27,330.14,513,513.0,0,1,1.0,Naive Bayes
15098.0,111,3,39916.5,13305.5,112,112.0,1,1,1.0,Naive Bayes
15099.0,13,1,410.48,410.48,14,14.0,1,1,0.5861,Naive Bayes
15100.0,262,7,2193.8999999999996,313.41,631,61.3,1,1,0.8453,Naive Bayes
15101.0,288,5,1262.69,252.54,520,57.8,0,1,0.9446,Naive Bayes
15102.0,459,2,554.67,277.33,476,16.0,1,1,0.9992,Naive Bayes
15103.0,15,1,291.68,291.68,16,16.0,0,1,0.5955,Naive Bayes
15104.0,125,2,993.54,496.77,212,86.0,1,1,0.7525,Naive Bayes
15105.0,15,5,1972.52,394.5,556,180.0,0,1,0.7317,Naive Bayes
15106.0,70,3,1032.83,344.28,199,64.0,0,1,0.6629,Naive Bayes
15107.0,240,9,824.35,91.59,381,17.5,1,1,0.8398,Naive Bayes
15108.0,70,3,1159.25,386.42,157,43.0,1,1,0.6542,Naive Bayes
15109.0,174,3,983.1,327.7,665,245.0,1,1,0.9644,Naive Bayes
15110.0,55,4,886.3000000000001,221.58,415,119.7,0,1,0.6979,Naive Bayes
15111.0,301,3,1163.39,387.8,522,110.0,0,1,0.9669,Naive Bayes
15112.0,540,1,209.4,209.4,541,541.0,1,1,1.0,Naive Bayes
15114.0,0,11,2891.84,262.89,351,35.0,0,0,0.1951,Naive Bayes
15115.0,661,1,191.74,191.74,662,662.0,0,1,1.0,Naive Bayes
15116.0,63,2,790.97,395.48,134,70.0,0,1,0.6513,Naive Bayes
15117.0,49,5,1609.92,321.98,564,171.3,0,1,0.7299,Naive Bayes
15118.0,63,1,244.8,244.8,64,64.0,1,1,0.6411,Naive Bayes
15119.0,174,1,266.4,266.4,175,175.0,1,1,0.9233,Naive Bayes
15120.0,62,1,358.82,358.82,63,63.0,1,1,0.6226,Naive Bayes
15121.0,217,1,295.15,295.15,218,218.0,0,1,0.9782,Naive Bayes
15122.0,43,11,4487.27,407.93,549,56.1,1,0,0.1045,Naive Bayes
15123.0,135,4,3526.33,881.58,563,142.3,0,1,0.8175,Naive Bayes
15124.0,120,3,357.38,119.13,581,230.0,0,1,0.9452,Naive Bayes
15125.0,42,21,16291.87,775.8,548,42.1,0,0,0.0,Naive Bayes
15126.0,465,2,449.49,224.74,617,151.0,1,1,0.9995,Naive Bayes
15127.0,448,1,304.97,304.97,449,449.0,0,1,1.0,Naive Bayes
15128.0,55,4,1482.92,370.73,360,101.3,0,1,0.6532,Naive Bayes
15129.0,35,22,6209.51,282.25,540,26.5,0,0,0.0,Naive Bayes
15130.0,98,1,330.11,330.11,99,99.0,1,1,0.709,Naive Bayes
15131.0,323,1,80.28,80.28,324,324.0,1,1,0.9998,Naive Bayes
15132.0,34,3,842.23,280.74,192,78.5,0,1,0.6506,Naive Bayes
15133.0,56,5,1806.9,361.38,450,98.2,1,1,0.5985,Naive Bayes
15134.0,1,7,1105.8500000000001,157.98,352,58.3,0,1,0.5306,Naive Bayes
15135.0,168,2,305.68,152.84,486,317.0,1,1,0.9971,Naive Bayes
15136.0,25,1,582.9,582.9,26,26.0,0,1,0.6048,Naive Bayes
15137.0,449,2,823.4,411.7,610,160.0,1,1,0.9993,Naive Bayes
15138.0,322,1,502.52,502.52,323,323.0,1,1,0.9998,Naive Bayes
15139.0,168,2,178.96,89.48,266,97.0,1,1,0.8635,Naive Bayes
15140.0,8,7,2942.29,420.33,372,72.6,0,0,0.4371,Naive Bayes
15141.0,386,7,1388.47,198.35,551,32.8,1,1,0.9901,Naive Bayes
15142.0,339,5,2121.18,424.24,430,30.0,0,1,0.9794,Naive Bayes
15143.0,154,2,563.63,281.82,362,207.0,1,1,0.9437,Naive Bayes
15144.0,0,24,9585.51,399.4,656,36.4,0,0,0.0,Naive Bayes
15145.0,156,2,724.03,362.02,178,21.0,0,1,0.7909,Naive Bayes
15146.0,93,2,1327.16,663.58,221,127.0,1,1,0.79,Naive Bayes
15147.0,169,1,623.5,623.5,170,170.0,1,1,0.9183,Naive Bayes
15149.0,62,4,1524.6100000000001,381.15,579,258.0,1,1,0.9464,Naive Bayes
15150.0,2,10,8046.9,804.69,473,58.8,0,0,0.0361,Naive Bayes
15151.0,352,2,2085.61,1042.8,439,86.0,1,1,0.9958,Naive Bayes
15152.0,13,8,3230.37,403.8,631,88.1,0,0,0.2825,Naive Bayes
15154.0,4,3,1343.72,447.91,408,403.0,1,1,0.9997,Naive Bayes
15155.0,312,1,383.96999999999997,383.97,313,313.0,1,1,0.9996,Naive Bayes
15157.0,83,4,2223.41,555.85,659,191.7,0,1,0.7891,Naive Bayes
15158.0,330,1,204.62,204.62,331,331.0,0,1,0.9999,Naive Bayes
15159.0,18,24,13039.57,543.32,361,21.4,0,0,0.0,Naive Bayes
15160.0,286,4,589.27,147.32,351,21.3,1,1,0.9637,Naive Bayes
15161.0,317,1,119.92,119.92,318,318.0,1,1,0.9998,Naive Bayes
15162.0,660,1,312.9,312.9,661,661.0,1,1,1.0,Naive Bayes
15163.0,121,1,155.0,155.0,122,122.0,0,1,0.8057,Naive Bayes
15164.0,137,8,1566.76,195.84,620,68.9,0,1,0.5154,Naive Bayes
15165.0,302,1,487.75,487.75,303,303.0,1,1,0.9994,Naive Bayes
15166.0,396,1,167.16,167.16,397,397.0,1,1,1.0,Naive Bayes
15167.0,249,5,1627.62,325.52,603,117.7,1,1,0.9025,Naive Bayes
15169.0,311,2,569.22,284.61,656,344.0,1,1,0.9998,Naive Bayes
15170.0,335,1,81.15,81.15,336,336.0,1,1,0.9999,Naive Bayes
15171.0,260,1,1289.5,1289.5,261,261.0,1,1,0.9995,Naive Bayes
15172.0,64,3,886.74,295.58,166,50.5,0,1,0.658,Naive Bayes
15173.0,309,7,1494.6,213.51,547,39.5,1,1,0.9471,Naive Bayes
15174.0,251,2,481.46,240.73,340,88.0,1,1,0.9352,Naive Bayes
15175.0,0,1,224.14,224.14,1,1.0,1,1,0.6182,Naive Bayes
15176.0,596,1,988.04,988.04,597,597.0,1,1,1.0,Naive Bayes
15177.0,354,1,948.93,948.93,355,355.0,1,1,1.0,Naive Bayes
15178.0,189,1,40.5,40.5,190,190.0,1,1,0.9626,Naive Bayes
15179.0,162,11,6740.09,612.74,666,50.3,0,0,0.0691,Naive Bayes
15180.0,296,3,816.9300000000001,272.31,519,111.0,1,1,0.9663,Naive Bayes
15181.0,104,4,945.7199999999999,236.43,661,185.3,0,1,0.8121,Naive Bayes
15182.0,83,11,2998.9500000000003,272.63,586,83.7,1,0,0.187,Naive Bayes
15183.0,476,3,639.93,213.31,514,18.5,1,1,0.9995,Naive Bayes
15184.0,119,3,518.42,172.81,653,266.5,0,1,0.9704,Naive Bayes
15186.0,97,4,1221.05,305.26,626,176.0,0,1,0.7842,Naive Bayes
15187.0,25,5,1868.88,373.78,142,29.0,0,1,0.5797,Naive Bayes
15188.0,654,1,310.43,310.43,655,655.0,1,1,1.0,Naive Bayes
15189.0,20,38,13934.76,366.7,439,12.3,0,0,0.0,Naive Bayes
15190.0,363,1,834.4399999999999,834.44,364,364.0,1,1,1.0,Naive Bayes
15191.0,392,3,588.05,196.02,618,225.0,1,1,0.9991,Naive Bayes
15192.0,48,5,1666.39,333.28,609,140.0,1,1,0.6131,Naive Bayes
15194.0,7,26,9893.22,380.51,666,27.4,0,0,0.0,Naive Bayes
15196.0,361,2,313.7,156.85,656,294.0,1,1,0.9997,Naive Bayes
15197.0,181,5,1571.15,314.23,658,119.0,0,1,0.7622,Naive Bayes
15198.0,21,5,571.35,114.27,619,149.2,1,1,0.6759,Naive Bayes
15199.0,23,9,2821.45,313.49,505,60.1,0,0,0.2882,Naive Bayes
15200.0,423,1,549.05,549.05,424,424.0,1,1,1.0,Naive Bayes
15201.0,16,7,1842.95,263.28,541,104.8,1,0,0.4767,Naive Bayes
15203.0,8,14,4090.1,292.15,661,54.3,0,0,0.0236,Naive Bayes
15204.0,286,1,316.58,316.58,287,287.0,1,1,0.9987,Naive Bayes
15205.0,14,2,653.24,326.62,57,42.0,1,1,0.6033,Naive Bayes
15206.0,28,3,236.7,78.9,205,88.0,0,1,0.7113,Naive Bayes
15207.0,345,3,683.9200000000001,227.97,477,65.5,1,1,0.9857,Naive Bayes
15208.0,92,3,423.91999999999996,141.31,353,130.0,0,1,0.7913,Naive Bayes
15209.0,659,1,178.98000000000002,178.98,660,660.0,1,1,1.0,Naive Bayes
15210.0,154,3,1176.19,392.06,505,175.0,1,1,0.8824,Naive Bayes
15211.0,294,1,383.07,383.07,295,295.0,0,1,0.9991,Naive Bayes
15212.0,170,2,208.28,104.14,306,135.0,1,1,0.8953,Naive Bayes
15213.0,247,2,328.35,164.18,259,11.0,1,1,0.9375,Naive Bayes
15214.0,4,3,956.75,318.92,172,83.5,0,1,0.6368,Naive Bayes
15215.0,25,5,1987.53,397.51,542,129.0,0,1,0.592,Naive Bayes
15216.0,16,2,486.09,243.04,548,531.0,1,1,1.0,Naive Bayes
15217.0,492,1,426.24,426.24,493,493.0,1,1,1.0,Naive Bayes
15218.0,3,20,10342.85,517.14,612,35.8,0,0,0.0,Naive Bayes
15219.0,105,2,685.45,342.72,578,472.0,1,1,1.0,Naive Bayes
15220.0,44,5,1284.05,256.81,210,41.2,0,1,0.6159,Naive Bayes
15221.0,295,4,2062.2000000000003,515.55,567,90.3,1,1,0.9508,Naive Bayes
15222.0,247,11,3550.91,322.81,653,40.5,1,0,0.4718,Naive Bayes
15223.0,154,5,1417.95,283.59,664,127.2,1,1,0.723,Naive Bayes
15224.0,287,5,871.36,174.27,623,83.8,1,1,0.9411,Naive Bayes
15225.0,163,1,409.40000000000003,409.4,164,164.0,1,1,0.8946,Naive Bayes
15226.0,239,1,154.41,154.41,240,240.0,1,1,0.9915,Naive Bayes
15227.0,144,7,2145.91,306.56,563,69.7,0,1,0.5823,Naive Bayes
15228.0,58,5,4417.59,883.52,429,92.5,0,1,0.604,Naive Bayes
15229.0,515,1,160.5,160.5,516,516.0,1,1,1.0,Naive Bayes
15230.0,168,2,429.6,214.8,170,1.0,1,1,0.8379,Naive Bayes
15231.0,550,1,250.26,250.26,551,551.0,1,1,1.0,Naive Bayes
15232.0,42,2,612.06,306.03,70,27.0,1,1,0.6288,Naive Bayes
15233.0,330,1,59.400000000000006,59.4,331,331.0,1,1,0.9999,Naive Bayes
15234.0,205,1,197.0,197.0,206,206.0,1,1,0.9704,Naive Bayes
15235.0,146,16,2772.76,173.3,318,15.5,1,0,0.0445,Naive Bayes
15236.0,227,1,321.05,321.05,228,228.0,1,1,0.9844,Naive Bayes
15237.0,7,3,1328.72,442.91,157,74.5,0,1,0.6202,Naive Bayes
15238.0,24,2,772.78,386.39,114,89.0,0,1,0.638,Naive Bayes
15239.0,7,1,461.79,461.79,8,8.0,0,1,0.5905,Naive Bayes
15240.0,13,11,4135.96,376.0,664,65.0,0,0,0.0874,Naive Bayes
15241.0,2,10,2705.2400000000002,270.52,584,64.6,0,0,0.2044,Naive Bayes
15242.0,351,1,302.04,302.04,352,352.0,1,1,1.0,Naive Bayes
15243.0,3,2,927.2800000000001,463.64,365,361.0,1,1,0.9984,Naive Bayes
15244.0,177,2,578.45,289.23,596,418.0,0,1,0.9999,Naive Bayes
15245.0,63,8,4610.84,576.36,525,65.9,1,0,0.27,Naive Bayes
15246.0,167,3,780.4,260.13,485,158.5,1,1,0.8824,Naive Bayes
15247.0,51,3,976.06,325.35,467,207.5,1,1,0.877,Naive Bayes
15248.0,340,3,1893.93,631.31,464,61.5,1,1,0.9839,Naive Bayes
15249.0,20,16,8216.88,513.55,553,38.0,0,0,0.001,Naive Bayes
15250.0,569,1,60.0,60.0,570,570.0,1,1,1.0,Naive Bayes
15251.0,20,18,19535.37,1085.3,609,36.8,0,0,0.0,Naive Bayes
15252.0,112,4,1663.18,415.8,541,142.7,0,1,0.7436,Naive Bayes
15253.0,17,6,1777.49,296.25,516,124.5,0,1,0.5712,Naive Bayes
15254.0,56,3,1088.35,362.78,490,216.5,1,1,0.892,Naive Bayes
15255.0,325,8,2815.17,351.9,666,56.7,0,1,0.919,Naive Bayes
15256.0,77,2,170.4,85.2,491,413.0,1,1,0.9999,Naive Bayes
15257.0,212,2,685.9,342.95,344,131.0,1,1,0.913,Naive Bayes
15258.0,97,2,623.16,311.58,147,49.0,1,1,0.6924,Naive Bayes
15259.0,441,4,1182.3799999999999,295.59,612,85.0,1,1,0.9982,Naive Bayes
15260.0,29,25,8767.73,350.71,663,33.3,1,0,0.0,Naive Bayes
15261.0,64,4,1508.0,377.0,364,99.7,1,1,0.658,Naive Bayes
15262.0,252,3,418.82,139.61,418,82.5,1,1,0.9378,Naive Bayes
15263.0,35,1,156.51,156.51,36,36.0,1,1,0.6333,Naive Bayes
15264.0,459,1,454.66,454.66,460,460.0,0,1,1.0,Naive Bayes
15265.0,80,4,3345.64,836.41,668,195.7,1,1,0.8295,Naive Bayes
15266.0,267,5,852.21,170.44,631,90.8,1,1,0.9197,Naive Bayes
15267.0,84,2,1407.76,703.88,112,27.0,0,1,0.717,Naive Bayes
15268.0,407,3,961.9000000000001,320.63,535,127.0,1,1,0.9973,Naive Bayes
15269.0,309,2,816.56,408.28,320,10.0,0,1,0.9737,Naive Bayes
15270.0,46,19,7995.66,420.82,652,50.4,0,0,0.0001,Naive Bayes
15271.0,23,19,3627.78,190.94,421,22.1,0,0,0.0019,Naive Bayes
15272.0,15,5,1607.97,321.59,593,144.2,0,1,0.6159,Naive Bayes
15273.0,528,1,228.96,228.96,529,529.0,1,1,1.0,Naive Bayes
15276.0,323,3,491.17,163.72,364,40.0,0,1,0.9814,Naive Bayes
15277.0,354,1,220.44,220.44,355,355.0,0,1,1.0,Naive Bayes
15278.0,490,4,496.15999999999997,124.04,595,104.0,1,1,0.9997,Naive Bayes
15279.0,283,5,1580.54,316.11,605,80.2,1,1,0.9286,Naive Bayes
15280.0,101,3,397.52,132.51,501,199.5,1,1,0.9017,Naive Bayes
15281.0,65,15,8403.2,560.21,357,22.4,0,0,0.0026,Naive Bayes
15282.0,499,1,348.59,348.59,500,500.0,1,1,1.0,Naive Bayes
15283.0,319,3,148.33,49.44,448,64.0,1,1,0.9817,Naive Bayes
15284.0,429,1,24.75,24.75,430,430.0,1,1,1.0,Naive Bayes
15285.0,336,1,94.92,94.92,337,337.0,1,1,0.9999,Naive Bayes
15287.0,308,3,369.34000000000003,123.11,667,179.0,0,1,0.9859,Naive Bayes
15288.0,84,9,3406.37,378.49,595,72.9,0,0,0.2742,Naive Bayes
15289.0,66,4,1351.29,337.82,551,161.3,0,1,0.739,Naive Bayes
15290.0,8,21,7012.929999999999,333.95,583,30.2,0,0,0.0,Naive Bayes
15291.0,23,36,12489.48,346.93,666,18.9,0,0,0.0,Naive Bayes
15292.0,130,1,178.39,178.39,131,131.0,1,1,0.8259,Naive Bayes
15293.0,594,1,247.5,247.5,595,595.0,1,1,1.0,Naive Bayes
15294.0,339,1,233.35,233.35,340,340.0,1,1,0.9999,Naive Bayes
15295.0,583,1,207.04,207.04,584,584.0,1,1,1.0,Naive Bayes
15296.0,38,11,9249.66,840.88,617,72.2,0,0,0.0086,Naive Bayes
15298.0,21,18,7620.09,423.34,661,37.6,0,0,0.0003,Naive Bayes
15299.0,192,7,4084.5299999999997,583.5,626,108.2,0,1,0.6278,Naive Bayes
15301.0,1,16,6305.91,394.12,380,31.5,0,0,0.0044,Naive Bayes
15302.0,659,1,308.0,308.0,660,660.0,1,1,1.0,Naive Bayes
15303.0,219,3,1224.18,408.06,613,196.5,1,1,0.95,Naive Bayes
15304.0,14,8,684.5,85.56,351,48.0,0,1,0.5033,Naive Bayes
15305.0,484,1,93.6,93.6,485,485.0,1,1,1.0,Naive Bayes
15306.0,21,8,2967.45,370.93,589,81.0,0,0,0.3126,Naive Bayes
15307.0,24,1,205.3,205.3,25,25.0,1,1,0.6142,Naive Bayes
15308.0,203,1,310.47,310.47,204,204.0,1,1,0.9652,Naive Bayes
15309.0,539,4,797.96,199.49,665,41.7,1,1,0.9999,Naive Bayes
15310.0,407,1,1634.64,1634.64,408,408.0,1,1,1.0,Naive Bayes
15311.0,2,186,102377.52,550.42,668,3.8,0,0,0.0,Naive Bayes
15312.0,4,12,2930.19,244.18,653,58.9,1,0,0.0865,Naive Bayes
15313.0,39,1,52.0,52.0,40,40.0,1,1,0.6771,Naive Bayes
15314.0,128,3,820.4499999999999,273.48,358,114.5,1,1,0.7863,Naive Bayes
15315.0,45,1,233.54,233.54,46,46.0,0,1,0.6189,Naive Bayes
15316.0,255,1,165.0,165.0,256,256.0,1,1,0.9955,Naive Bayes
15317.0,606,1,129.75,129.75,607,607.0,1,1,1.0,Naive Bayes
15319.0,212,1,204.5,204.5,213,213.0,1,1,0.9762,Naive Bayes
15321.0,220,10,5120.89,512.09,604,76.6,0,0,0.372,Naive Bayes
15322.0,14,2,1390.86,695.43,406,391.0,1,1,0.9996,Naive Bayes
15323.0,491,3,434.6,144.87,591,49.5,1,1,0.9996,Naive Bayes
15324.0,630,1,140.22000000000003,140.22,631,631.0,1,1,1.0,Naive Bayes
15325.0,32,8,1601.46,200.18,591,93.0,1,0,0.4039,Naive Bayes
15326.0,262,5,1700.52,340.1,668,101.2,1,1,0.8941,Naive Bayes
15328.0,336,1,107.24,107.24,337,337.0,1,1,0.9999,Naive Bayes
15329.0,63,10,2663.13,266.31,655,65.7,0,0,0.2048,Naive Bayes
15331.0,428,3,767.91,255.97,539,110.0,1,1,0.9983,Naive Bayes
15332.0,295,6,4892.68,815.45,443,49.0,1,1,0.925,Naive Bayes
15333.0,137,1,1028.56,1028.56,138,138.0,1,1,0.9318,Naive Bayes
15334.0,85,3,347.87,115.96,103,8.5,1,1,0.7366,Naive Bayes
15336.0,330,1,240.5,240.5,331,331.0,1,1,0.9999,Naive Bayes
15337.0,340,1,373.02,373.02,341,341.0,1,1,0.9999,Naive Bayes
15338.0,606,1,277.93,277.93,607,607.0,1,1,1.0,Naive Bayes
15339.0,247,6,1504.85,250.81,599,87.8,0,1,0.8722,Naive Bayes
15340.0,490,1,105.5,105.5,491,491.0,1,1,1.0,Naive Bayes
15341.0,9,2,2402.7200000000003,1201.36,379,369.0,1,1,0.9998,Naive Bayes
15342.0,58,1,406.09,406.09,59,59.0,1,1,0.6142,Naive Bayes
15343.0,16,1,364.5,364.5,17,17.0,1,1,0.5869,Naive Bayes
15344.0,3,1,308.69,308.69,4,4.0,0,1,0.599,Naive Bayes
15346.0,261,3,596.12,198.71,361,49.5,1,1,0.9409,Naive Bayes
15347.0,295,4,1162.0,290.5,367,23.7,1,1,0.9632,Naive Bayes
15348.0,1,1,158.04,158.04,2,2.0,1,1,0.6368,Naive Bayes
15349.0,87,2,463.90999999999997,231.96,117,29.0,1,1,0.6934,Naive Bayes
15350.0,302,2,547.6,273.8,313,10.0,1,1,0.9716,Naive Bayes
15351.0,8,5,2371.8,474.36,362,88.2,0,1,0.5634,Naive Bayes
15352.0,477,1,111.15,111.15,478,478.0,1,1,1.0,Naive Bayes
15353.0,183,7,2794.4700000000003,399.21,667,80.5,1,1,0.5992,Naive Bayes
15356.0,0,12,3089.53,257.46,352,31.9,0,0,0.1329,Naive Bayes
15358.0,3,38,14813.52,389.83,662,25.3,0,0,0.0,Naive Bayes
15359.0,591,8,181.35,22.67,623,10.3,1,1,1.0,Naive Bayes
15361.0,290,4,689.07,172.27,473,60.7,1,1,0.9587,Naive Bayes
15362.0,377,2,613.08,306.54,668,290.0,1,1,0.9997,Naive Bayes
15363.0,301,2,678.11,339.06,422,120.0,1,1,0.9741,Naive Bayes
15364.0,24,2,913.19,456.6,184,159.0,1,1,0.778,Naive Bayes
15365.0,10,10,4187.96,418.8,603,118.4,0,0,0.176,Naive Bayes
15366.0,4,7,2389.08,341.3,581,96.0,1,0,0.409,Naive Bayes
15367.0,174,9,4619.92,513.32,659,69.1,0,0,0.3234,Naive Bayes
15368.0,323,1,275.8,275.8,324,324.0,0,1,0.9998,Naive Bayes
15369.0,421,11,6251.26,568.3,661,34.1,1,1,0.923,Naive Bayes
15370.0,0,6,3392.21,565.37,340,67.8,0,0,0.4744,Naive Bayes
15371.0,591,1,59.400000000000006,59.4,592,592.0,1,1,1.0,Naive Bayes
15372.0,66,8,6017.06,752.13,593,105.2,1,0,0.209,Naive Bayes
15373.0,44,14,2355.53,168.25,516,39.2,0,0,0.0587,Naive Bayes
15374.0,57,2,307.32,153.66,554,496.0,1,1,1.0,Naive Bayes
15375.0,619,1,60.959999999999994,60.96,620,620.0,1,1,1.0,Naive Bayes
15376.0,46,2,977.22,488.61,152,105.0,0,1,0.6798,Naive Bayes
15377.0,311,4,1211.75,302.94,345,16.5,1,1,0.9736,Naive Bayes
15378.0,391,2,246.5,123.25,431,39.0,1,1,0.9958,Naive Bayes
15379.0,98,8,4877.84,609.73,330,33.0,1,0,0.3483,Naive Bayes
15380.0,15,9,2563.26,284.81,668,81.5,0,0,0.24,Naive Bayes
15381.0,142,5,1890.5700000000002,378.11,513,92.5,1,1,0.6962,Naive Bayes
15382.0,13,11,12487.74,1135.25,665,81.4,0,0,0.0007,Naive Bayes
15384.0,98,4,2027.79,506.95,522,141.0,1,1,0.7252,Naive Bayes
15385.0,321,2,625.2,312.6,607,285.0,0,1,0.9989,Naive Bayes
15386.0,115,1,394.14,394.14,116,116.0,1,1,0.756,Naive Bayes
15387.0,421,1,468.65,468.65,422,422.0,1,1,1.0,Naive Bayes
15388.0,199,1,140.54,140.54,200,200.0,1,1,0.9669,Naive Bayes
15389.0,101,5,2733.8,546.76,611,127.2,1,1,0.6186,Naive Bayes
15390.0,325,2,1216.66,608.33,339,13.0,1,1,0.9821,Naive Bayes
15391.0,513,1,289.87,289.87,514,514.0,1,1,1.0,Naive Bayes
15392.0,17,5,2041.55,408.31,361,85.8,0,1,0.5723,Naive Bayes
15393.0,210,4,783.58,195.9,654,147.7,0,1,0.8878,Naive Bayes
15394.0,7,10,4957.4,495.74,654,80.8,0,0,0.1001,Naive Bayes
15395.0,254,1,107.45,107.45,255,255.0,1,1,0.9957,Naive Bayes
15396.0,41,2,796.38,398.19,513,471.0,1,1,1.0,Naive Bayes
15397.0,218,1,94.0,94.0,219,219.0,1,1,0.9835,Naive Bayes
15398.0,7,1,634.85,634.85,8,8.0,0,1,0.6222,Naive Bayes
15399.0,8,1,305.17,305.17,9,9.0,0,1,0.5963,Naive Bayes
15400.0,21,8,1302.3,162.79,490,66.9,1,0,0.4359,Naive Bayes
15401.0,381,2,216.95000000000002,108.48,498,116.0,1,1,0.9957,Naive Bayes
15402.0,77,6,1830.12,305.02,521,88.6,1,1,0.5531,Naive Bayes
15403.0,420,2,170.88,85.44,660,239.0,1,1,0.9997,Naive Bayes
15404.0,304,1,257.06,257.06,305,305.0,1,1,0.9995,Naive Bayes
15405.0,118,2,659.84,329.92,506,387.0,1,1,0.9996,Naive Bayes
15406.0,230,3,717.45,239.15,383,152.0,0,1,0.9478,Naive Bayes
15407.0,112,3,740.73,246.91,235,61.0,0,1,0.7302,Naive Bayes
15408.0,193,1,267.18,267.18,194,194.0,1,1,0.9542,Naive Bayes
15409.0,650,1,131.25,131.25,651,651.0,1,1,1.0,Naive Bayes
15410.0,13,10,4685.72,468.57,529,57.2,1,0,0.1334,Naive Bayes
15411.0,53,2,382.21,191.1,112,58.0,0,1,0.6642,Naive Bayes
15412.0,100,1,190.53,190.53,101,101.0,1,1,0.7386,Naive Bayes
15413.0,620,5,6798.72,1359.74,668,11.8,1,1,1.0,Naive Bayes
15414.0,171,1,36.2,36.2,172,172.0,0,1,0.9398,Naive Bayes
15415.0,242,1,559.61,559.61,243,243.0,1,1,0.9914,Naive Bayes
15416.0,84,6,3732.83,622.14,606,130.2,0,1,0.5285,Naive Bayes
15417.0,14,1,508.8,508.8,15,15.0,1,1,0.5921,Naive Bayes
15418.0,354,2,449.42,224.71,516,161.0,1,1,0.9942,Naive Bayes
15420.0,363,6,743.0,123.83,664,60.0,1,1,0.9837,Naive Bayes
15421.0,144,9,3594.34,399.37,662,73.9,0,0,0.3253,Naive Bayes
15422.0,252,7,1619.97,231.42,600,69.4,1,1,0.8522,Naive Bayes
15423.0,510,2,223.39,111.7,551,40.0,0,1,0.9998,Naive Bayes
15424.0,183,3,597.78,199.26,393,209.0,1,1,0.9622,Naive Bayes
15425.0,329,4,1941.1200000000001,485.28,593,87.7,1,1,0.9725,Naive Bayes
15426.0,186,6,1386.41,231.07,516,82.2,0,1,0.7754,Naive Bayes
15428.0,316,3,668.97,222.99,652,167.5,0,1,0.9843,Naive Bayes
15429.0,4,1,243.06,243.06,5,5.0,0,1,0.6105,Naive Bayes
15430.0,396,2,954.75,477.38,458,61.0,1,1,0.9953,Naive Bayes
15431.0,431,1,153.24,153.24,432,432.0,1,1,1.0,Naive Bayes
15432.0,470,1,149.57,149.57,471,471.0,0,1,1.0,Naive Bayes
15433.0,142,2,533.3,266.65,197,54.0,1,1,0.7707,Naive Bayes
15434.0,36,9,2112.86,234.76,614,82.4,0,0,0.2985,Naive Bayes
15436.0,163,1,484.1,484.1,164,164.0,0,1,0.8959,Naive Bayes
15437.0,191,2,393.45,196.72,570,378.0,1,1,0.9997,Naive Bayes
15438.0,60,1,156.57999999999998,156.58,61,61.0,1,1,0.6603,Naive Bayes
15439.0,333,4,1269.05,317.26,583,124.5,1,1,0.9821,Naive Bayes
15440.0,65,2,237.66,118.83,138,72.0,0,1,0.7063,Naive Bayes
15441.0,325,3,1254.21,418.07,660,167.0,1,1,0.9849,Naive Bayes
15442.0,177,1,594.0,594.0,178,178.0,1,1,0.931,Naive Bayes
15443.0,2,10,2954.98,295.5,572,63.2,0,0,0.1972,Naive Bayes
15445.0,193,2,284.5,142.25,520,326.0,1,1,0.9983,Naive Bayes
15446.0,305,3,396.75,132.25,656,175.0,1,1,0.9843,Naive Bayes
15447.0,259,5,492.88,98.58,555,98.3,1,1,0.9325,Naive Bayes
15448.0,241,2,788.81,394.4,604,362.0,1,1,0.9997,Naive Bayes
15449.0,114,2,647.7,323.85,191,76.0,0,1,0.7287,Naive Bayes
15451.0,363,2,226.86,113.43,529,165.0,1,1,0.996,Naive Bayes
15452.0,0,5,1659.71,331.94,441,110.0,0,1,0.5957,Naive Bayes
15453.0,21,4,701.2,175.3,117,31.7,0,1,0.6439,Naive Bayes
15454.0,291,2,303.89,151.94,548,256.0,1,1,0.9968,Naive Bayes
15455.0,526,1,38.25,38.25,527,527.0,1,1,1.0,Naive Bayes
15456.0,212,10,2091.52,209.15,661,56.0,1,1,0.5279,Naive Bayes
15457.0,191,1,237.07,237.07,192,192.0,1,1,0.9527,Naive Bayes
15458.0,331,1,208.79999999999998,208.8,332,332.0,0,1,0.9999,Naive Bayes
15459.0,346,2,202.82999999999998,101.42,427,80.0,1,1,0.9893,Naive Bayes
15460.0,283,1,214.26,214.26,284,284.0,1,1,0.9986,Naive Bayes
15461.0,389,2,429.7,214.85,561,171.0,1,1,0.9976,Naive Bayes
15462.0,23,4,737.05,184.26,375,117.0,1,1,0.6912,Naive Bayes
15464.0,267,1,1044.65,1044.65,268,268.0,1,1,0.999,Naive Bayes
15465.0,11,30,11164.859999999999,372.16,659,22.3,0,0,0.0,Naive Bayes
15466.0,14,4,1560.46,390.12,666,217.0,1,1,0.8254,Naive Bayes
15467.0,74,2,402.56,201.28,82,7.0,0,1,0.6967,Naive Bayes
15468.0,321,1,962.97,962.97,322,322.0,0,1,0.9999,Naive Bayes
15469.0,49,2,640.0,320.0,368,318.0,0,1,0.9933,Naive Bayes
15470.0,504,1,63.419999999999995,63.42,505,505.0,1,1,1.0,Naive Bayes
15471.0,309,2,837.53,418.76,480,170.0,0,1,0.9864,Naive Bayes
15472.0,42,1,371.56,371.56,43,43.0,1,1,0.5955,Naive Bayes
15473.0,373,1,274.8,274.8,374,374.0,0,1,1.0,Naive Bayes
15474.0,524,1,150.35,150.35,525,525.0,1,1,1.0,Naive Bayes
15475.0,6,1,454.10999999999996,454.11,7,7.0,1,1,0.5907,Naive Bayes
15476.0,309,4,2209.98,552.5,372,31.0,1,1,0.9688,Naive Bayes
15477.0,578,1,368.4,368.4,579,579.0,1,1,1.0,Naive Bayes
15478.0,504,1,541.06,541.06,505,505.0,0,1,1.0,Naive Bayes
15479.0,662,1,147.4,147.4,663,663.0,1,1,1.0,Naive Bayes
15480.0,45,3,3592.25,1197.42,606,280.0,1,1,0.9916,Naive Bayes
15481.0,330,1,1993.34,1993.34,331,331.0,1,1,1.0,Naive Bayes
15482.0,94,11,5465.9,496.9,667,63.6,0,0,0.0715,Naive Bayes
15483.0,90,10,810.68,81.07,614,104.6,1,0,0.3736,Naive Bayes
15484.0,7,3,2694.31,898.1,664,328.0,0,1,0.9944,Naive Bayes
15485.0,265,6,3514.55,585.76,668,100.5,0,1,0.8571,Naive Bayes
15486.0,456,1,102.0,102.0,457,457.0,1,1,1.0,Naive Bayes
15487.0,608,1,231.32,231.32,609,609.0,1,1,1.0,Naive Bayes
15488.0,21,5,431.92,86.38,513,122.8,1,1,0.6712,Naive Bayes
15489.0,140,6,1633.5900000000001,272.27,623,96.4,0,1,0.6317,Naive Bayes
15490.0,359,1,210.85,210.85,360,360.0,1,1,1.0,Naive Bayes
15491.0,24,6,3100.09,516.68,165,35.0,1,1,0.5006,Naive Bayes
15492.0,3,1,487.74,487.74,4,4.0,0,1,0.5954,Naive Bayes
15493.0,78,7,3446.73,492.39,584,84.2,0,0,0.3959,Naive Bayes
15494.0,50,4,3541.9,885.48,659,202.7,0,1,0.8417,Naive Bayes
15495.0,308,1,246.5,246.5,309,309.0,1,1,0.9996,Naive Bayes
15496.0,560,1,146.14000000000001,146.14,561,561.0,1,1,1.0,Naive Bayes
15497.0,248,8,8365.789999999999,1045.72,651,57.4,0,0,0.3679,Naive Bayes
15498.0,13,38,21840.01,574.74,653,24.6,0,0,0.0,Naive Bayes
15499.0,652,1,158.65,158.65,653,653.0,1,1,1.0,Naive Bayes
15500.0,10,1,406.02,406.02,11,11.0,0,1,0.5873,Naive Bayes
15501.0,333,2,399.95,199.98,345,11.0,1,1,0.9853,Naive Bayes
15502.0,18,10,8894.97,889.5,484,77.5,0,0,0.0242,Naive Bayes
15503.0,291,2,257.3,128.65,656,364.0,1,1,0.9999,Naive Bayes
15504.0,10,4,391.45,97.86,595,194.7,1,1,0.8299,Naive Bayes
15505.0,13,4,2730.38,682.6,85,23.7,0,1,0.6099,Naive Bayes
15506.0,67,4,1267.02,316.76,407,113.0,0,1,0.6804,Naive Bayes
15507.0,100,1,475.86,475.86,101,101.0,1,1,0.713,Naive Bayes
15508.0,118,6,1000.27,166.71,165,15.3,1,1,0.7144,Naive Bayes
15509.0,309,1,152.41,152.41,310,310.0,1,1,0.9996,Naive Bayes
15510.0,259,1,250.0,250.0,260,260.0,1,1,0.9958,Naive Bayes
15511.0,14,1,202.9,202.9,15,15.0,0,1,0.6157,Naive Bayes
15512.0,84,4,331.58,82.9,606,173.7,1,1,0.8163,Naive Bayes
15513.0,23,33,23030.97,697.91,625,25.0,0,0,0.0,Naive Bayes
15514.0,154,13,4866.5,374.35,665,51.0,0,0,0.0617,Naive Bayes
15515.0,316,1,171.81,171.81,317,317.0,1,1,0.9997,Naive Bayes
15517.0,162,1,267.03,267.03,163,163.0,1,1,0.8978,Naive Bayes
15518.0,53,14,3872.3,276.59,649,49.6,0,0,0.0293,Naive Bayes
15519.0,312,2,344.61,172.3,376,63.0,1,1,0.9763,Naive Bayes
15521.0,23,15,6414.22,427.61,633,60.9,0,0,0.0051,Naive Bayes
15522.0,16,1,259.05,259.05,17,17.0,0,1,0.6014,Naive Bayes
15523.0,13,16,17259.19,1078.7,667,46.6,1,0,0.0,Naive Bayes
15524.0,535,1,151.4,151.4,536,536.0,0,1,1.0,Naive Bayes
15525.0,302,2,430.78,215.39,312,9.0,0,1,0.9732,Naive Bayes
15527.0,18,21,4733.85,225.42,654,39.7,0,0,0.0001,Naive Bayes
15528.0,183,1,229.33,229.33,184,184.0,1,1,0.9413,Naive Bayes
15529.0,16,10,4016.98,401.7,324,34.1,0,0,0.204,Naive Bayes
15530.0,78,4,1475.06,368.76,442,121.0,0,1,0.6907,Naive Bayes
15532.0,60,9,3366.96,374.11,479,52.2,0,0,0.2892,Naive Bayes
15533.0,11,2,554.74,277.37,19,7.0,0,1,0.623,Naive Bayes
15534.0,654,1,162.25,162.25,655,655.0,1,1,1.0,Naive Bayes
15535.0,102,6,1044.3700000000001,174.06,379,69.0,1,1,0.6611,Naive Bayes
15536.0,338,1,259.09,259.09,339,339.0,1,1,0.9999,Naive Bayes
15537.0,92,1,110.92,110.92,93,93.0,1,1,0.7408,Naive Bayes
15538.0,466,6,3358.3999999999996,559.73,593,25.2,1,1,0.9985,Naive Bayes
15540.0,304,1,247.38,247.38,305,305.0,0,1,0.9995,Naive Bayes
15541.0,43,1,85.13000000000001,85.13,44,44.0,1,1,0.666,Naive Bayes
15542.0,441,3,855.71,285.24,667,225.0,1,1,0.9997,Naive Bayes
15543.0,217,2,242.26,121.13,389,171.0,1,1,0.9572,Naive Bayes
15544.0,48,18,7033.55,390.75,610,33.0,0,0,0.0005,Naive Bayes
15545.0,300,1,135.32999999999998,135.33,301,301.0,0,1,0.9994,Naive Bayes
15546.0,535,2,1079.1000000000001,539.55,536,536.0,1,1,1.0,Naive Bayes
15547.0,11,23,8791.23,382.23,663,34.3,0,0,0.0,Naive Bayes
15548.0,524,1,158.09,158.09,525,525.0,1,1,1.0,Naive Bayes
15549.0,6,8,2330.41,291.3,627,88.6,1,0,0.3293,Naive Bayes
15550.0,35,11,2068.7000000000003,188.06,666,78.8,0,0,0.161,Naive Bayes
15551.0,323,6,1243.75,207.29,480,52.0,0,1,0.9705,Naive Bayes
15552.0,146,2,252.52,126.26,553,406.0,1,1,0.9999,Naive Bayes
15554.0,206,1,217.2,217.2,207,207.0,1,1,0.9706,Naive Bayes
15555.0,7,31,9601.75,309.73,663,25.2,0,0,0.0,Naive Bayes
15558.0,568,1,202.68,202.68,569,569.0,1,1,1.0,Naive Bayes
15559.0,497,1,1109.4,1109.4,498,498.0,1,1,1.0,Naive Bayes
15560.0,326,2,153.52,76.76,327,327.0,1,1,0.9999,Naive Bayes
15561.0,78,7,1583.47,226.21,593,102.8,0,1,0.5146,Naive Bayes
15562.0,280,3,671.4300000000001,223.81,656,187.5,1,1,0.9773,Naive Bayes
15563.0,129,5,2194.64,438.93,610,120.0,0,1,0.6623,Naive Bayes
15564.0,392,2,70.74000000000001,35.37,606,213.0,1,1,0.9991,Naive Bayes
15566.0,321,2,227.87,113.94,654,332.0,1,1,0.9998,Naive Bayes
15568.0,2,1,228.31,228.31,3,3.0,0,1,0.6155,Naive Bayes
15569.0,32,10,3583.45,358.34,579,68.2,1,0,0.1764,Naive Bayes
15570.0,70,22,7397.65,336.26,551,25.3,0,0,0.0,Naive Bayes
15571.0,7,11,3444.27,313.12,663,72.8,0,0,0.1095,Naive Bayes
15572.0,38,7,2984.57,426.37,534,99.0,0,0,0.423,Naive Bayes
15573.0,14,4,1001.3199999999999,250.33,659,214.7,0,1,0.8351,Naive Bayes
15574.0,106,6,1101.44,183.57,394,71.8,1,1,0.6626,Naive Bayes
15575.0,548,1,30.1,30.1,549,549.0,1,1,1.0,Naive Bayes
15577.0,80,5,396.03000000000003,79.21,656,191.7,1,1,0.827,Naive Bayes
15578.0,91,1,127.1,127.1,92,92.0,1,1,0.7332,Naive Bayes
15579.0,242,4,1118.38,279.6,362,39.7,0,1,0.9122,Naive Bayes
15580.0,305,8,1375.39,171.92,600,42.0,1,1,0.9253,Naive Bayes
15581.0,85,34,4505.16,132.5,667,23.2,1,0,0.0,Naive Bayes
15582.0,29,2,541.51,270.76,150,120.0,0,1,0.7041,Naive Bayes
15583.0,305,1,95.96,95.96,306,306.0,1,1,0.9996,Naive Bayes
15584.0,1,4,835.77,208.94,600,199.3,0,1,0.817,Naive Bayes
15585.0,105,1,455.3,455.3,106,106.0,1,1,0.7264,Naive Bayes
15586.0,521,3,1139.1,379.7,630,54.0,1,1,0.9998,Naive Bayes
15587.0,18,6,1410.1200000000001,235.02,421,80.4,0,1,0.5523,Naive Bayes
15588.0,606,1,579.6,579.6,607,607.0,1,1,1.0,Naive Bayes
15589.0,184,3,478.53000000000003,159.51,240,55.0,1,1,0.8567,Naive Bayes
15590.0,311,5,1496.6,299.32,536,74.7,1,1,0.9623,Naive Bayes
15591.0,511,3,217.9,72.63,603,45.5,1,1,0.9998,Naive Bayes
15594.0,10,3,1506.43,502.14,164,76.5,0,1,0.6252,Naive Bayes
15595.0,416,1,357.6,357.6,417,417.0,1,1,1.0,Naive Bayes
15596.0,29,9,2727.72,303.08,429,49.9,1,0,0.3188,Naive Bayes
15597.0,504,1,238.8,238.8,505,505.0,0,1,1.0,Naive Bayes
15598.0,356,1,307.34,307.34,357,357.0,0,1,1.0,Naive Bayes
15599.0,133,2,937.15,468.58,375,241.0,0,1,0.9645,Naive Bayes
15600.0,357,4,1199.31,299.83,523,55.0,1,1,0.9866,Naive Bayes
15601.0,18,28,13232.2,472.58,668,27.0,0,0,0.0,Naive Bayes
15602.0,129,12,2383.04,198.59,667,48.8,0,0,0.1593,Naive Bayes
15603.0,7,2,88.48,44.24,578,570.0,1,1,1.0,Naive Bayes
15605.0,18,8,1438.5,179.81,624,86.4,0,0,0.3782,Naive Bayes
15606.0,48,16,4750.21,296.89,577,35.2,0,0,0.0078,Naive Bayes
15607.0,265,9,1708.97,189.89,630,45.5,1,1,0.8005,Naive Bayes
15608.0,49,2,977.98,488.99,345,295.0,0,1,0.9863,Naive Bayes
15609.0,113,1,298.48,298.48,114,114.0,1,1,0.7566,Naive Bayes
15611.0,32,20,2337.9700000000003,116.9,613,32.2,0,0,0.0009,Naive Bayes
15613.0,539,1,433.71999999999997,433.72,540,540.0,1,1,1.0,Naive Bayes
15614.0,366,4,3147.36,786.84,556,94.5,1,1,0.9908,Naive Bayes
15615.0,34,43,18342.08,426.56,667,19.2,0,0,0.0,Naive Bayes
15616.0,367,1,317.11,317.11,368,368.0,1,1,1.0,Naive Bayes
15617.0,325,3,828.5500000000001,276.18,437,55.5,1,1,0.9782,Naive Bayes
15618.0,21,3,419.03999999999996,139.68,66,44.0,0,1,0.6536,Naive Bayes
15620.0,149,3,1264.19,421.4,339,94.5,0,1,0.7865,Naive Bayes
15622.0,15,16,7470.66,466.92,575,69.9,0,0,0.0016,Naive Bayes
15623.0,70,8,2437.05,304.63,659,84.0,1,0,0.3429,Naive Bayes
15624.0,45,4,588.13,147.03,186,46.7,1,1,0.6681,Naive Bayes
15625.0,32,9,3236.4,359.6,472,54.9,1,0,0.2796,Naive Bayes
15626.0,3,3,1067.52,355.84,351,173.5,1,1,0.7992,Naive Bayes
15627.0,386,2,566.9,283.45,452,65.0,1,1,0.9943,Naive Bayes
15628.0,27,13,4088.2400000000002,314.48,656,52.3,0,0,0.0402,Naive Bayes
15629.0,379,4,2240.9,560.22,462,41.0,1,1,0.9922,Naive Bayes
15630.0,133,2,691.91,345.96,574,440.0,0,1,1.0,Naive Bayes
15631.0,571,1,596.67,596.67,572,572.0,1,1,1.0,Naive Bayes
15632.0,50,6,2351.84,391.97,204,30.6,0,1,0.55,Naive Bayes
15633.0,438,13,4335.96,333.54,661,18.5,1,1,0.9487,Naive Bayes
15634.0,312,1,311.1,311.1,313,313.0,0,1,0.9996,Naive Bayes
15635.0,324,1,100.35,100.35,325,325.0,1,1,0.9998,Naive Bayes
15636.0,18,4,1444.58,361.14,499,160.0,1,1,0.7215,Naive Bayes
15637.0,342,4,574.23,143.56,654,103.7,0,1,0.9827,Naive Bayes
15638.0,307,6,2265.2,377.53,540,58.0,1,1,0.946,Naive Bayes
15639.0,63,3,1065.08,355.03,535,235.5,1,1,0.9228,Naive Bayes
15640.0,7,26,20404.4,784.78,655,30.8,0,0,0.0,Naive Bayes
15641.0,34,12,5345.55,445.46,663,57.1,1,0,0.0383,Naive Bayes
15642.0,658,1,105.78000000000002,105.78,659,659.0,1,1,1.0,Naive Bayes
15643.0,120,3,664.0,221.33,212,91.0,1,1,0.7681,Naive Bayes
15644.0,95,4,803.54,200.88,191,47.5,1,1,0.7064,Naive Bayes
15645.0,343,2,443.16,221.58,355,11.0,0,1,0.9877,Naive Bayes
15646.0,86,5,784.8100000000001,156.96,340,63.2,1,1,0.679,Naive Bayes
15647.0,344,1,169.0,169.0,345,345.0,1,1,0.9999,Naive Bayes
15648.0,133,2,639.5,319.75,197,63.0,1,1,0.752,Naive Bayes
15649.0,265,4,1660.35,415.09,317,17.0,1,1,0.9382,Naive Bayes
15650.0,450,2,553.88,276.94,558,107.0,1,1,0.999,Naive Bayes
15651.0,189,3,840.08,280.03,526,168.0,0,1,0.9104,Naive Bayes
15652.0,20,5,1405.94,281.19,415,98.5,1,1,0.6018,Naive Bayes
15653.0,21,2,877.4399999999999,438.72,45,23.0,1,1,0.6063,Naive Bayes
15655.0,172,1,560.67,560.67,173,173.0,1,1,0.9195,Naive Bayes
15656.0,107,3,563.63,187.88,214,53.0,0,1,0.7339,Naive Bayes
15658.0,119,8,2117.27,264.66,666,78.0,1,0,0.4247,Naive Bayes
15659.0,315,2,226.04,113.02,583,267.0,0,1,0.9985,Naive Bayes
15660.0,14,13,2259.33,173.79,602,58.7,0,0,0.0763,Naive Bayes
15661.0,246,8,1215.95,151.99,508,37.3,1,1,0.846,Naive Bayes
15662.0,590,2,283.73,141.86,668,77.0,1,1,1.0,Naive Bayes
15663.0,35,1,138.14,138.14,36,36.0,1,1,0.6397,Naive Bayes
15664.0,378,3,845.1,281.7,579,100.0,0,1,0.9926,Naive Bayes
15665.0,97,5,3987.07,797.41,565,116.8,1,1,0.6251,Naive Bayes
15666.0,401,2,632.9399999999999,316.47,425,23.0,1,1,0.9962,Naive Bayes
15668.0,146,1,76.32000000000001,76.32,147,147.0,1,1,0.8865,Naive Bayes
15669.0,32,3,565.54,188.51,193,80.0,0,1,0.6711,Naive Bayes
15670.0,225,2,325.2,162.6,486,260.0,1,1,0.9924,Naive Bayes
15671.0,23,5,1972.89,394.58,200,44.0,0,1,0.5728,Naive Bayes
15672.0,654,1,45.300000000000004,45.3,655,655.0,1,1,1.0,Naive Bayes
15673.0,17,9,6204.32,689.37,585,70.9,1,0,0.1055,Naive Bayes
15674.0,2,12,6613.52,551.13,661,59.8,1,0,0.02,Naive Bayes
15675.0,10,4,542.04,135.51,334,107.7,1,1,0.6926,Naive Bayes
15676.0,212,1,897.8,897.8,213,213.0,0,1,0.986,Naive Bayes
15677.0,350,2,648.4,324.2,393,42.0,0,1,0.9872,Naive Bayes
15678.0,324,2,1473.24,736.62,452,127.0,0,1,0.9875,Naive Bayes
15679.0,83,2,260.26,130.13,112,28.0,0,1,0.7152,Naive Bayes
15680.0,295,8,3173.9,396.74,667,53.0,0,1,0.8508,Naive Bayes
15681.0,112,12,2266.76,188.9,494,54.4,0,0,0.2,Naive Bayes
15682.0,528,2,318.24,159.12,617,88.0,1,1,0.9999,Naive Bayes
15683.0,46,2,524.54,262.27,403,356.0,1,1,0.9982,Naive Bayes
15684.0,476,3,173.95,57.98,665,94.0,1,1,0.9995,Naive Bayes
15685.0,379,1,55.980000000000004,55.98,380,380.0,1,1,1.0,Naive Bayes
15686.0,349,1,90.0,90.0,350,350.0,1,1,1.0,Naive Bayes
15687.0,115,5,1679.45,335.89,260,36.0,0,1,0.686,Naive Bayes
15688.0,347,1,190.57,190.57,348,348.0,1,1,1.0,Naive Bayes
15689.0,48,3,521.03,173.68,547,249.0,1,1,0.9465,Naive Bayes
15690.0,29,1,111.0,111.0,30,30.0,0,1,0.6471,Naive Bayes
15691.0,181,4,571.3,142.82,663,160.3,1,1,0.8713,Naive Bayes
15693.0,588,1,37.5,37.5,589,589.0,1,1,1.0,Naive Bayes
15694.0,105,18,6789.86,377.21,662,32.7,0,0,0.0007,Naive Bayes
15695.0,195,4,1131.04,282.76,611,207.5,1,1,0.9453,Naive Bayes
15696.0,8,12,3179.01,264.92,614,55.0,0,0,0.0884,Naive Bayes
15697.0,618,1,246.75,246.75,619,619.0,1,1,1.0,Naive Bayes
15698.0,553,1,46.2,46.2,554,554.0,1,1,1.0,Naive Bayes
15700.0,101,2,696.68,348.34,103,1.0,1,1,0.7162,Naive Bayes
15701.0,2,2,964.97,482.48,40,37.0,0,1,0.5951,Naive Bayes
15702.0,405,1,112.57000000000001,112.57,406,406.0,1,1,1.0,Naive Bayes
15703.0,193,1,211.5,211.5,194,194.0,1,1,0.9566,Naive Bayes
15704.0,69,6,3734.6600000000003,622.44,513,110.8,1,1,0.5127,Naive Bayes
15705.0,130,1,143.1,143.1,131,131.0,1,1,0.833,Naive Bayes
15706.0,4,2,878.76,439.38,46,41.0,0,1,0.5935,Naive Bayes
15707.0,15,1,158.88,158.88,16,16.0,0,1,0.6291,Naive Bayes
15708.0,67,8,3241.2400000000002,405.16,355,41.0,0,0,0.4004,Naive Bayes
15709.0,212,2,327.85,163.92,519,306.0,1,1,0.9974,Naive Bayes
15710.0,346,1,898.87,898.87,347,347.0,1,1,1.0,Naive Bayes
15711.0,485,2,420.25,210.12,614,128.0,1,1,0.9997,Naive Bayes
15712.0,0,11,3265.96,296.91,668,66.7,0,0,0.1112,Naive Bayes
15713.0,72,4,839.64,209.91,653,193.3,1,1,0.8115,Naive Bayes
15714.0,6,4,586.4100000000001,146.6,485,159.3,0,1,0.761,Naive Bayes
15715.0,484,5,658.02,131.6,549,32.0,1,1,0.9996,Naive Bayes
15716.0,74,11,2482.7400000000002,225.7,662,58.7,1,0,0.1622,Naive Bayes
15717.0,163,5,607.0,121.4,522,89.5,1,1,0.7848,Naive Bayes
15718.0,469,1,293.79,293.79,470,470.0,1,1,1.0,Naive Bayes
15719.0,28,29,9226.22,318.15,668,22.8,0,0,0.0,Naive Bayes
15720.0,479,1,140.49,140.49,480,480.0,0,1,1.0,Naive Bayes
15722.0,37,9,4436.24,492.92,570,76.0,0,0,0.1944,Naive Bayes
15723.0,293,4,930.7,232.68,504,70.0,1,1,0.9569,Naive Bayes
15724.0,130,3,310.85,103.62,330,99.5,1,1,0.8081,Naive Bayes
15726.0,319,1,321.91,321.91,320,320.0,1,1,0.9997,Naive Bayes
15727.0,36,14,8802.04,628.72,614,48.1,0,0,0.002,Naive Bayes
15728.0,308,2,544.6,272.3,374,65.0,1,1,0.9719,Naive Bayes
15729.0,141,3,192.55,64.18,333,95.5,1,1,0.8287,Naive Bayes
15730.0,21,4,1382.92,345.73,361,113.0,0,1,0.653,Naive Bayes
15731.0,482,1,125.3,125.3,483,483.0,1,1,1.0,Naive Bayes
15732.0,141,10,1543.97,154.4,603,57.6,1,0,0.3924,Naive Bayes
15733.0,211,1,162.3,162.3,212,212.0,1,1,0.9767,Naive Bayes
15734.0,43,4,2263.3,565.83,477,144.3,1,1,0.695,Naive Bayes
15735.0,350,1,327.68,327.68,351,351.0,1,1,1.0,Naive Bayes
15736.0,364,2,1767.12,883.56,365,365.0,1,1,1.0,Naive Bayes
15737.0,8,6,1064.51,177.42,172,40.8,0,1,0.5864,Naive Bayes
15738.0,25,38,12084.35,318.01,659,19.2,0,0,0.0,Naive Bayes
15741.0,387,2,208.62,104.31,548,160.0,1,1,0.9975,Naive Bayes
15742.0,548,1,156.87,156.87,549,549.0,1,1,1.0,Naive Bayes
15743.0,42,2,434.05,217.02,114,71.0,0,1,0.6556,Naive Bayes
15744.0,6,1,34.8,34.8,7,7.0,1,1,0.6829,Naive Bayes
15745.0,2,2,607.75,303.88,166,163.0,0,1,0.7869,Naive Bayes
15746.0,63,1,196.88,196.88,64,64.0,1,1,0.653,Naive Bayes
15747.0,49,8,2078.54,259.82,620,81.4,0,0,0.3612,Naive Bayes
15748.0,378,2,465.45000000000005,232.73,379,379.0,0,1,1.0,Naive Bayes
15749.0,164,3,44534.3,14844.77,262,97.0,1,1,1.0,Naive Bayes
15750.0,1,15,5605.41,373.69,668,51.2,0,0,0.0068,Naive Bayes
15751.0,389,11,1380.44,125.49,663,45.5,1,1,0.9642,Naive Bayes
15752.0,22,8,3391.68,423.96,387,52.0,0,0,0.3486,Naive Bayes
15753.0,233,1,79.2,79.2,234,234.0,1,1,0.9906,Naive Bayes
15754.0,2,8,2882.46,360.31,585,83.1,0,0,0.3155,Naive Bayes
15755.0,3,16,5705.61,356.6,665,44.1,0,0,0.0036,Naive Bayes
15756.0,81,3,359.89,119.96,179,48.5,0,1,0.7187,Naive Bayes
15757.0,146,5,2487.3,497.46,477,82.5,0,1,0.693,Naive Bayes
15759.0,147,7,830.9300000000001,118.7,667,86.5,1,1,0.6152,Naive Bayes
15761.0,371,1,143.05,143.05,372,372.0,1,1,1.0,Naive Bayes
15762.0,6,1,315.31,315.31,7,7.0,0,1,0.596,Naive Bayes
15763.0,6,1,522.49,522.49,7,7.0,0,1,0.5977,Naive Bayes
15764.0,17,8,4503.08,562.88,408,78.0,1,0,0.2916,Naive Bayes
15765.0,595,1,370.63,370.63,596,596.0,1,1,1.0,Naive Bayes
15766.0,385,2,516.0,258.0,612,226.0,0,1,0.9989,Naive Bayes
15768.0,44,34,15308.89,450.26,666,19.4,1,0,0.0,Naive Bayes
15769.0,16,40,75476.52,1886.91,658,18.9,0,0,0.0,Naive Bayes
15770.0,541,1,321.45,321.45,542,542.0,1,1,1.0,Naive Bayes
15771.0,533,3,1006.54,335.51,623,44.5,1,1,0.9999,Naive Bayes
15772.0,347,1,280.88,280.88,348,348.0,1,1,0.9999,Naive Bayes
15773.0,338,1,138.84,138.84,339,339.0,0,1,0.9999,Naive Bayes
15774.0,347,5,1016.29,203.26,586,59.5,0,1,0.9812,Naive Bayes
15775.0,174,2,150.5,75.25,561,386.0,1,1,0.9998,Naive Bayes
15776.0,62,1,241.62,241.62,63,63.0,1,1,0.6401,Naive Bayes
15777.0,170,7,1762.61,251.8,498,65.4,1,1,0.6894,Naive Bayes
15778.0,360,1,307.95,307.95,361,361.0,1,1,1.0,Naive Bayes
15779.0,392,2,124.08000000000001,62.04,462,69.0,1,1,0.9963,Naive Bayes
15780.0,112,3,475.28000000000003,158.43,287,87.0,1,1,0.7624,Naive Bayes
15781.0,66,2,211.3,105.65,235,168.0,0,1,0.8553,Naive Bayes
15782.0,18,2,3037.7,1518.85,360,341.0,0,1,0.9999,Naive Bayes
15784.0,396,2,848.3299999999999,424.16,602,205.0,1,1,0.9986,Naive Bayes
15785.0,86,15,5306.79,353.79,654,56.7,0,0,0.0109,Naive Bayes
15786.0,43,3,6730.26,2243.42,466,211.0,0,1,0.9999,Naive Bayes
15788.0,437,1,221.82999999999998,221.83,438,438.0,1,1,1.0,Naive Bayes
15789.0,287,6,1962.01,327.0,553,66.2,1,1,0.9262,Naive Bayes
15791.0,133,4,3218.89,804.72,571,145.7,0,1,0.8015,Naive Bayes
15792.0,328,2,933.84,466.92,548,219.0,1,1,0.9957,Naive Bayes
15793.0,197,6,1740.6,290.1,668,94.0,0,1,0.7342,Naive Bayes
15794.0,665,2,777.0,388.5,667,1.0,1,1,1.0,Naive Bayes
15795.0,78,8,1979.8700000000001,247.48,620,90.2,1,0,0.408,Naive Bayes
15796.0,1,15,4346.78,289.79,548,39.0,0,0,0.016,Naive Bayes
15797.0,42,5,2806.08,561.22,611,142.0,1,1,0.585,Naive Bayes
15798.0,421,3,1535.37,511.79,611,94.5,1,1,0.9971,Naive Bayes
15799.0,4,4,1421.34,355.34,348,114.3,1,1,0.6514,Naive Bayes
15800.0,36,7,1227.07,175.3,548,170.3,1,1,0.6914,Naive Bayes
15801.0,38,1,137.22,137.22,39,39.0,0,1,0.6419,Naive Bayes
15803.0,374,3,1513.84,504.61,606,115.5,0,1,0.9919,Naive Bayes
15804.0,7,8,2950.3,368.79,128,17.1,0,0,0.4019,Naive Bayes
15805.0,35,24,8209.25,342.05,659,38.9,0,0,0.0,Naive Bayes
15806.0,86,2,521.88,260.94,206,119.0,0,1,0.7521,Naive Bayes
15807.0,6,3,1549.22,516.41,596,294.5,0,1,0.9774,Naive Bayes
15808.0,235,21,17180.25,818.11,668,21.6,1,0,0.0,Naive Bayes
15809.0,113,6,1157.88,192.98,465,70.2,0,1,0.6486,Naive Bayes
15810.0,7,8,2999.04,374.88,603,85.0,1,0,0.3035,Naive Bayes
15811.0,34,6,2947.73,491.29,318,56.6,0,1,0.5016,Naive Bayes
15812.0,36,12,5201.47,433.46,654,56.1,1,0,0.0419,Naive Bayes
15813.0,136,2,1303.9099999999999,651.95,169,32.0,1,1,0.7774,Naive Bayes
15814.0,322,2,689.11,344.56,533,210.0,0,1,0.9943,Naive Bayes
15815.0,69,4,1874.7,468.68,189,39.7,0,1,0.6363,Naive Bayes
15816.0,471,2,144.14999999999998,72.07,472,472.0,1,1,1.0,Naive Bayes
15817.0,349,3,2766.4,922.13,473,61.5,1,1,0.9916,Naive Bayes
15818.0,517,1,340.5,340.5,518,518.0,1,1,1.0,Naive Bayes
15819.0,60,9,3614.81,401.65,561,83.3,0,0,0.2613,Naive Bayes
15820.0,248,1,206.98,206.98,249,249.0,1,1,0.9936,Naive Bayes
15822.0,288,5,1394.79,278.96,663,93.5,0,1,0.9317,Naive Bayes
15823.0,658,2,3867.17,1933.58,661,2.0,1,1,1.0,Naive Bayes
15824.0,382,2,890.94,445.47,462,79.0,1,1,0.9936,Naive Bayes
15825.0,101,1,532.94,532.94,102,102.0,1,1,0.7219,Naive Bayes
15826.0,139,2,1663.97,831.98,498,358.0,0,1,0.9993,Naive Bayes
15827.0,2,28,3603.14,128.68,630,29.9,1,0,0.0,Naive Bayes
15828.0,304,1,1108.82,1108.82,305,305.0,1,1,0.9999,Naive Bayes
15829.0,28,2,636.14,318.07,70,41.0,1,1,0.6132,Naive Bayes
15831.0,53,2,451.11,225.56,254,200.0,0,1,0.8903,Naive Bayes
15832.0,183,1,836.79,836.79,184,184.0,1,1,0.9604,Naive Bayes
15833.0,666,1,80.4,80.4,667,667.0,1,1,1.0,Naive Bayes
15834.0,94,6,3319.96,553.33,354,86.3,0,1,0.5737,Naive Bayes
15835.0,66,3,675.51,225.17,260,96.5,0,1,0.7047,Naive Bayes
15837.0,414,1,385.03000000000003,385.03,415,415.0,0,1,1.0,Naive Bayes
15838.0,6,28,56903.04,2032.25,654,25.9,0,0,0.0,Naive Bayes
15839.0,9,2,790.36,395.18,78,68.0,0,1,0.6074,Naive Bayes
15840.0,101,1,241.74,241.74,102,102.0,0,1,0.7303,Naive Bayes
15841.0,1,9,2742.41,304.71,659,82.1,1,0,0.2338,Naive Bayes
15842.0,322,2,548.8,274.4,457,134.0,1,1,0.9848,Naive Bayes
15843.0,232,1,118.95000000000002,118.95,233,233.0,1,1,0.9896,Naive Bayes
15845.0,15,9,3784.51,420.5,612,74.5,0,0,0.2024,Naive Bayes
15846.0,314,1,107.01,107.01,315,315.0,1,1,0.9997,Naive Bayes
15847.0,217,4,613.98,153.5,571,117.7,0,1,0.8909,Naive Bayes
15848.0,550,1,137.99,137.99,551,551.0,1,1,1.0,Naive Bayes
15850.0,97,5,888.03,177.61,656,139.5,0,1,0.6811,Naive Bayes
15851.0,455,1,109.73,109.73,456,456.0,1,1,1.0,Naive Bayes
15852.0,115,3,257.26,85.75,456,170.0,1,1,0.8772,Naive Bayes
15854.0,15,19,5449.1,286.79,659,37.8,0,0,0.0005,Naive Bayes
15855.0,65,6,1052.72,175.45,406,68.0,1,1,0.6032,Naive Bayes
15856.0,24,42,27378.98,651.88,666,16.9,0,0,0.0,Naive Bayes
15857.0,359,1,273.48,273.48,360,360.0,0,1,1.0,Naive Bayes
15858.0,6,11,3094.96,281.36,659,65.2,0,0,0.119,Naive Bayes
15859.0,361,1,438.46,438.46,362,362.0,1,1,1.0,Naive Bayes
15860.0,4,16,2256.79,141.05,663,43.9,0,0,0.0131,Naive Bayes
15861.0,63,7,2337.74,333.96,610,109.2,0,0,0.4569,Naive Bayes
15862.0,41,12,2333.9900000000002,194.5,652,76.2,0,0,0.1117,Naive Bayes
15863.0,121,4,295.46,73.86,652,176.7,0,1,0.8452,Naive Bayes
15864.0,27,4,1202.3000000000002,300.58,311,94.3,0,1,0.6421,Naive Bayes
15865.0,17,4,1950.14,487.54,633,205.0,0,1,0.7991,Naive Bayes
15866.0,30,1,211.89,211.89,31,31.0,1,1,0.614,Naive Bayes
15867.0,42,28,8007.14,285.97,655,23.5,0,0,0.0,Naive Bayes
15868.0,512,1,94.53,94.53,513,513.0,1,1,1.0,Naive Bayes
15869.0,206,3,321.11,107.04,556,349.0,1,1,0.9994,Naive Bayes
15870.0,325,3,506.02,168.67,376,50.0,0,1,0.9818,Naive Bayes
15871.0,366,1,33.099999999999994,33.1,367,367.0,1,1,1.0,Naive Bayes
15872.0,307,2,413.0,206.5,480,172.0,0,1,0.9878,Naive Bayes
15873.0,428,4,313.91999999999996,78.48,430,1.0,1,1,0.9986,Naive Bayes
15874.0,106,20,9086.63,454.33,631,37.4,0,0,0.0,Naive Bayes
15875.0,575,1,108.52,108.52,576,576.0,1,1,1.0,Naive Bayes
15876.0,338,2,1449.1399999999999,724.57,378,39.0,1,1,0.9871,Naive Bayes
15878.0,490,2,330.77,165.38,663,172.0,1,1,0.9998,Naive Bayes
15879.0,333,4,1137.8,284.45,652,106.0,1,1,0.9761,Naive Bayes
15880.0,298,1,329.03000000000003,329.03,299,299.0,1,1,0.9992,Naive Bayes
15881.0,241,5,501.39000000000004,100.28,294,26.0,1,1,0.9265,Naive Bayes
15882.0,127,8,1122.38,140.3,659,106.2,1,1,0.5401,Naive Bayes
15884.0,361,2,244.60000000000002,122.3,666,304.0,1,1,0.9998,Naive Bayes
15885.0,22,13,1921.82,147.83,617,49.5,1,0,0.0796,Naive Bayes
15886.0,345,3,871.78,290.59,528,182.0,0,1,0.9945,Naive Bayes
15887.0,335,3,1027.15,342.38,485,74.5,1,1,0.981,Naive Bayes
15888.0,9,3,423.49,141.16,456,223.0,1,1,0.9153,Naive Bayes
15889.0,85,8,1407.05,175.88,659,81.9,1,0,0.4146,Naive Bayes
15890.0,323,5,535.65,107.13,534,105.0,1,1,0.98,Naive Bayes
15891.0,155,1,509.13,509.13,156,156.0,1,1,0.8774,Naive Bayes
15892.0,598,1,128.2,128.2,599,599.0,1,1,1.0,Naive Bayes
15893.0,410,1,305.28000000000003,305.28,411,411.0,1,1,1.0,Naive Bayes
15894.0,182,2,257.6,128.8,299,116.0,1,1,0.8874,Naive Bayes
15895.0,78,1,179.17,179.17,79,79.0,1,1,0.6872,Naive Bayes
15897.0,123,2,208.59,104.3,124,124.0,1,1,0.8321,Naive Bayes
15898.0,155,24,4606.81,191.95,658,22.8,0,0,0.0,Naive Bayes
15899.0,297,1,56.25,56.25,298,298.0,1,1,0.9994,Naive Bayes
15900.0,342,3,549.29,183.1,492,74.5,0,1,0.9855,Naive Bayes
15901.0,6,5,545.36,109.07,473,116.5,0,1,0.6608,Naive Bayes
15902.0,309,1,145.01,145.01,310,310.0,1,1,0.9996,Naive Bayes
15903.0,6,8,4765.04,595.63,624,88.1,0,0,0.21,Naive Bayes
15905.0,472,1,114.69,114.69,473,473.0,1,1,1.0,Naive Bayes
15906.0,73,7,1760.21,251.46,380,61.2,0,1,0.5411,Naive Bayes
15907.0,105,2,477.59000000000003,238.8,140,34.0,0,1,0.7166,Naive Bayes
15908.0,419,2,758.62,379.31,442,22.0,1,1,0.9975,Naive Bayes
15909.0,102,1,191.94,191.94,103,103.0,1,1,0.7438,Naive Bayes
15910.0,28,12,2095.65,174.64,617,53.5,0,0,0.1175,Naive Bayes
15911.0,552,8,1683.79,210.47,660,17.8,1,1,0.9999,Naive Bayes
15912.0,107,9,1074.7,119.41,659,110.2,1,0,0.447,Naive Bayes
15913.0,463,1,6.300000000000001,6.3,464,464.0,1,1,1.0,Naive Bayes
15914.0,307,2,205.99,103.0,308,308.0,1,1,0.9996,Naive Bayes
15915.0,330,1,364.24,364.24,331,331.0,1,1,0.9999,Naive Bayes
15916.0,6,11,2608.23,237.11,659,72.4,0,0,0.1364,Naive Bayes
15917.0,176,5,530.17,106.03,667,163.3,1,1,0.8648,Naive Bayes
15918.0,119,3,582.88,194.29,561,220.5,1,1,0.9291,Naive Bayes
15919.0,297,1,214.07999999999998,214.08,298,298.0,0,1,0.9993,Naive Bayes
15920.0,83,8,565.19,70.65,655,142.8,1,1,0.5807,Naive Bayes
15921.0,101,4,765.61,191.4,570,156.0,1,1,0.7801,Naive Bayes
15922.0,302,1,369.5,369.5,303,303.0,1,1,0.9994,Naive Bayes
15923.0,301,1,127.08,127.08,302,302.0,1,1,0.9995,Naive Bayes
15924.0,660,1,102.82,102.82,661,661.0,1,1,1.0,Naive Bayes
15925.0,123,1,207.15,207.15,124,124.0,1,1,0.8005,Naive Bayes
15926.0,471,1,134.44,134.44,472,472.0,1,1,1.0,Naive Bayes
15927.0,576,1,106.54,106.54,577,577.0,1,1,1.0,Naive Bayes
15928.0,585,1,293.53,293.53,586,586.0,1,1,1.0,Naive Bayes
15929.0,573,1,594.0,594.0,574,574.0,1,1,1.0,Naive Bayes
15931.0,357,1,239.9,239.9,358,358.0,1,1,1.0,Naive Bayes
15932.0,17,7,2195.65,313.66,219,33.5,0,0,0.4927,Naive Bayes
15933.0,0,2,728.27,364.14,16,15.0,0,1,0.6011,Naive Bayes
15934.0,346,2,2190.66,1095.33,359,12.0,1,1,0.9962,Naive Bayes
15935.0,168,1,108.03999999999999,108.04,169,169.0,1,1,0.9262,Naive Bayes
15936.0,308,2,282.79,141.4,397,88.0,1,1,0.9771,Naive Bayes
15938.0,41,9,734.81,81.65,486,55.5,1,0,0.4099,Naive Bayes
15939.0,18,15,9004.84,600.32,304,21.9,1,0,0.0015,Naive Bayes
15940.0,240,1,35.8,35.8,241,241.0,1,1,0.9934,Naive Bayes
15941.0,566,1,405.0,405.0,567,567.0,1,1,1.0,Naive Bayes
15942.0,62,1,337.44,337.44,63,63.0,1,1,0.6245,Naive Bayes
15943.0,578,2,271.28999999999996,135.64,607,28.0,1,1,1.0,Naive Bayes
15944.0,205,4,2164.24,541.06,656,150.0,1,1,0.8641,Naive Bayes
15945.0,294,4,646.27,161.57,668,124.3,1,1,0.9599,Naive Bayes
15946.0,431,3,2304.18,768.06,563,131.0,1,1,0.9988,Naive Bayes
15947.0,11,1,1708.24,1708.24,12,12.0,1,1,0.994,Naive Bayes
15948.0,353,1,553.85,553.85,354,354.0,0,1,1.0,Naive Bayes
15949.0,0,1,237.04000000000002,237.04,1,1.0,0,1,0.6151,Naive Bayes
15950.0,7,9,6702.62,744.74,612,75.5,0,0,0.0837,Naive Bayes
15951.0,214,2,680.12,340.06,311,96.0,0,1,0.8924,Naive Bayes
15952.0,88,2,309.2,154.6,155,66.0,0,1,0.7181,Naive Bayes
15953.0,140,14,2607.1,186.22,666,40.4,0,0,0.0708,Naive Bayes
15954.0,518,1,187.8,187.8,519,519.0,1,1,1.0,Naive Bayes
15955.0,0,18,6635.71,368.65,584,44.8,0,0,0.0007,Naive Bayes
15956.0,480,2,617.6,308.8,656,175.0,1,1,0.9997,Naive Bayes
15957.0,349,2,492.36,246.18,350,350.0,0,1,1.0,Naive Bayes
15958.0,3,4,462.12,115.53,480,158.7,1,1,0.7687,Naive Bayes
15959.0,611,3,542.89,180.96,612,612.0,1,1,1.0,Naive Bayes
15960.0,303,4,410.95,102.74,365,20.3,1,1,0.9748,Naive Bayes
15961.0,308,1,451.28999999999996,451.29,309,309.0,1,1,0.9995,Naive Bayes
15962.0,378,1,289.48,289.48,379,379.0,1,1,1.0,Naive Bayes
15964.0,592,1,269.21000000000004,269.21,593,593.0,1,1,1.0,Naive Bayes
15965.0,296,10,2119.26,211.93,666,46.1,0,1,0.8108,Naive Bayes
15966.0,379,1,426.53000000000003,426.53,380,380.0,1,1,1.0,Naive Bayes
15967.0,247,11,2730.22,248.2,668,46.7,0,1,0.5223,Naive Bayes
15968.0,317,1,401.8,401.8,318,318.0,1,1,0.9997,Naive Bayes
15969.0,114,3,769.65,256.55,452,168.5,0,1,0.8482,Naive Bayes
15970.0,232,2,1017.32,508.66,528,295.0,1,1,0.9968,Naive Bayes
15971.0,17,14,4024.78,287.48,661,49.5,0,0,0.0244,Naive Bayes
15972.0,385,5,1769.33,353.87,530,48.0,1,1,0.9917,Naive Bayes
15973.0,295,2,665.62,332.81,358,62.0,1,1,0.9632,Naive Bayes
15974.0,24,6,2895.0099999999998,482.5,218,38.6,0,1,0.5069,Naive Bayes
15975.0,13,1,371.01,371.01,14,14.0,1,1,0.5873,Naive Bayes
15976.0,94,6,1680.31,280.05,481,77.2,1,1,0.5897,Naive Bayes
15978.0,6,3,3279.42,1093.14,574,283.5,1,1,0.989,Naive Bayes
15979.0,531,1,329.22,329.22,532,532.0,1,1,1.0,Naive Bayes
15980.0,17,7,6543.68,934.81,486,156.0,1,0,0.4087,Naive Bayes
15981.0,6,20,8804.17,440.21,550,28.6,0,0,0.0,Naive Bayes
15982.0,534,1,324.51,324.51,535,535.0,1,1,1.0,Naive Bayes
15983.0,289,7,2783.62,397.66,663,62.2,0,1,0.8775,Naive Bayes
15984.0,0,28,7663.1,273.68,668,30.3,0,0,0.0,Naive Bayes
15985.0,52,7,2715.28,387.9,491,87.6,1,0,0.4515,Naive Bayes
15986.0,310,1,186.3,186.3,311,311.0,0,1,0.9996,Naive Bayes
15987.0,49,7,1296.85,185.26,309,51.8,0,1,0.5524,Naive Bayes
15988.0,480,2,579.61,289.8,586,105.0,0,1,0.9995,Naive Bayes
15989.0,304,2,368.31,184.16,667,362.0,1,1,0.9999,Naive Bayes
15990.0,216,6,1607.01,267.83,579,72.4,0,1,0.8049,Naive Bayes
15991.0,463,1,150.55,150.55,464,464.0,1,1,1.0,Naive Bayes
15992.0,325,2,854.61,427.3,383,57.0,0,1,0.9783,Naive Bayes
15994.0,340,2,761.4100000000001,380.71,565,224.0,0,1,0.9969,Naive Bayes
15995.0,343,1,694.54,694.54,344,344.0,1,1,0.9999,Naive Bayes
15996.0,17,7,1386.4,198.06,327,51.5,1,1,0.523,Naive Bayes
15998.0,16,15,7697.88,513.19,668,50.1,0,0,0.002,Naive Bayes
15999.0,664,1,20.4,20.4,665,665.0,1,1,1.0,Naive Bayes
16001.0,310,1,583.39,583.39,311,311.0,1,1,0.9996,Naive Bayes
16002.0,554,1,169.21,169.21,555,555.0,1,1,1.0,Naive Bayes
16003.0,63,8,4672.36,584.04,666,100.3,0,0,0.2354,Naive Bayes
16004.0,403,5,2146.39,429.28,613,69.7,1,1,0.9936,Naive Bayes
16005.0,111,8,2061.77,257.72,380,38.3,0,1,0.5311,Naive Bayes
16006.0,140,2,332.82,166.41,317,176.0,1,1,0.9079,Naive Bayes
16007.0,109,5,2086.92,417.38,473,90.8,0,1,0.6423,Naive Bayes
16008.0,4,14,5191.06,370.79,560,42.7,0,0,0.0188,Naive Bayes
16009.0,88,1,441.59000000000003,441.59,89,89.0,0,1,0.6781,Naive Bayes
16010.0,174,11,1694.86,154.08,341,18.4,1,0,0.4926,Naive Bayes
16011.0,0,26,4703.89,180.92,668,26.7,0,0,0.0,Naive Bayes
16012.0,57,4,2695.42,673.86,459,133.7,0,1,0.6983,Naive Bayes
16013.0,27,72,42357.18,588.29,661,15.1,0,0,0.0,Naive Bayes
16014.0,81,4,967.83,241.96,607,175.0,0,1,0.7822,Naive Bayes
16016.0,8,8,1517.88,189.74,332,53.8,0,0,0.462,Naive Bayes
16017.0,346,4,1333.7,333.42,633,95.3,0,1,0.9807,Naive Bayes
16018.0,109,3,451.13,150.38,662,276.0,0,1,0.9754,Naive Bayes
16019.0,65,25,16495.170000000002,659.81,655,29.4,0,0,0.0,Naive Bayes
16021.0,324,2,487.03,243.52,474,149.0,1,1,0.9877,Naive Bayes
16022.0,189,1,602.63,602.63,190,190.0,1,1,0.9506,Naive Bayes
16023.0,121,2,500.69,250.34,196,74.0,0,1,0.7478,Naive Bayes
16024.0,340,2,232.96,116.48,341,341.0,0,1,0.9999,Naive Bayes
16027.0,20,15,2048.36,136.56,630,43.5,1,0,0.0274,Naive Bayes
16028.0,524,1,82.2,82.2,525,525.0,1,1,1.0,Naive Bayes
16029.0,9,97,84155.77,867.59,661,10.3,0,0,0.0,Naive Bayes
16030.0,238,1,331.24,331.24,239,239.0,1,1,0.9896,Naive Bayes
16031.0,21,2,547.9,273.95,177,155.0,1,1,0.7761,Naive Bayes
16032.0,385,6,1965.72,327.62,453,13.4,1,1,0.9921,Naive Bayes
16033.0,11,24,8649.05,360.38,415,19.2,0,0,0.0,Naive Bayes
16034.0,125,6,911.3199999999999,151.89,339,42.6,1,1,0.7072,Naive Bayes
16035.0,489,1,217.73,217.73,490,490.0,1,1,1.0,Naive Bayes
16036.0,16,4,2556.84,639.21,550,177.7,1,1,0.7551,Naive Bayes
16037.0,198,5,1509.34,301.87,578,94.8,1,1,0.802,Naive Bayes
16038.0,106,2,393.33,196.66,131,24.0,0,1,0.7304,Naive Bayes
16039.0,352,2,456.4,228.2,558,205.0,1,1,0.9968,Naive Bayes
16040.0,77,6,1979.53,329.92,539,92.2,0,1,0.5422,Naive Bayes
16041.0,70,2,2739.8,1369.9,71,71.0,0,1,0.955,Naive Bayes
16042.0,36,5,1508.33,301.67,383,115.3,0,1,0.6442,Naive Bayes
16043.0,140,7,1759.0900000000001,251.3,411,45.0,0,1,0.6452,Naive Bayes
16044.0,364,1,340.84000000000003,340.84,365,365.0,1,1,1.0,Naive Bayes
16045.0,48,8,3434.9300000000003,429.37,428,63.2,1,0,0.355,Naive Bayes
16046.0,491,1,235.78,235.78,492,492.0,1,1,1.0,Naive Bayes
16048.0,302,4,818.7900000000001,204.7,479,88.0,1,1,0.9682,Naive Bayes
16049.0,4,4,1261.45,315.36,446,147.0,0,1,0.7059,Naive Bayes
16050.0,102,3,300.7,100.23,331,114.0,1,1,0.7911,Naive Bayes
16051.0,610,1,188.44,188.44,611,611.0,1,1,1.0,Naive Bayes
16053.0,51,5,3247.08,649.42,540,162.7,0,1,0.6894,Naive Bayes
16054.0,74,4,2111.88,527.97,547,157.3,1,1,0.7284,Naive Bayes
16055.0,149,1,134.8,134.8,150,150.0,1,1,0.883,Naive Bayes
16057.0,25,9,3135.96,348.44,631,121.0,0,0,0.2849,Naive Bayes
16058.0,335,1,62.7,62.7,336,336.0,1,1,0.9999,Naive Bayes
16059.0,0,11,2948.27,268.02,499,49.8,0,0,0.1632,Naive Bayes
16060.0,329,3,541.95,180.65,424,47.0,1,1,0.982,Naive Bayes
16061.0,360,1,89.65,89.65,361,361.0,1,1,1.0,Naive Bayes
16062.0,62,7,2487.97,355.42,466,80.6,0,0,0.4756,Naive Bayes
16063.0,189,1,335.32,335.32,190,190.0,1,1,0.9465,Naive Bayes
16064.0,654,1,109.31,109.31,655,655.0,1,1,1.0,Naive Bayes
16065.0,294,8,1992.13,249.02,393,19.6,1,1,0.9287,Naive Bayes
16066.0,53,1,316.38,316.38,54,54.0,0,1,0.6131,Naive Bayes
16067.0,491,3,3269.11,1089.7,605,56.5,1,1,0.9998,Naive Bayes
16068.0,522,1,115.73,115.73,523,523.0,1,1,1.0,Naive Bayes
16069.0,346,1,457.7,457.7,347,347.0,1,1,0.9999,Naive Bayes
16071.0,456,3,750.5600000000001,250.19,585,64.0,0,1,0.9989,Naive Bayes
16072.0,217,4,4180.09,1045.02,479,130.5,1,1,0.9416,Naive Bayes
16073.0,226,1,122.39999999999999,122.4,227,227.0,1,1,0.9869,Naive Bayes
16074.0,319,1,252.5,252.5,320,320.0,1,1,0.9998,Naive Bayes
16075.0,431,2,736.9300000000001,368.46,494,62.0,1,1,0.998,Naive Bayes
16076.0,8,6,1455.81,242.64,138,32.2,0,1,0.565,Naive Bayes
16077.0,554,1,2300.4,2300.4,555,555.0,1,1,1.0,Naive Bayes
16078.0,212,2,362.99,181.5,599,386.0,1,1,0.9998,Naive Bayes
16080.0,10,4,602.5600000000001,150.64,380,123.0,1,1,0.7063,Naive Bayes
16081.0,16,7,4071.46,581.64,604,97.8,0,0,0.3239,Naive Bayes
16082.0,599,1,106.75,106.75,600,600.0,1,1,1.0,Naive Bayes
16083.0,29,4,2351.42,587.86,318,96.0,1,1,0.6313,Naive Bayes
16084.0,228,1,436.18,436.18,229,229.0,1,1,0.9846,Naive Bayes
16085.0,8,10,1962.85,196.28,618,67.7,0,0,0.2244,Naive Bayes
16086.0,27,9,2466.04,274.0,667,79.9,0,0,0.2481,Naive Bayes
16087.0,318,5,1739.92,347.98,619,75.0,1,1,0.9591,Naive Bayes
16088.0,504,2,1437.43,718.72,521,16.0,1,1,0.9998,Naive Bayes
16089.0,315,2,263.49,131.74,439,123.0,1,1,0.9838,Naive Bayes
16090.0,553,1,180.56,180.56,554,554.0,1,1,1.0,Naive Bayes
16091.0,83,2,315.06,157.53,128,44.0,1,1,0.7044,Naive Bayes
16092.0,43,6,1587.94,264.66,509,116.2,1,1,0.5812,Naive Bayes
16093.0,35,1,17.0,17.0,36,36.0,1,1,0.6908,Naive Bayes
16094.0,148,8,2869.43,358.68,532,54.7,0,1,0.5069,Naive Bayes
16095.0,385,1,447.05,447.05,386,386.0,1,1,1.0,Naive Bayes
16096.0,193,4,1584.97,396.24,575,127.0,1,1,0.8381,Naive Bayes
16097.0,169,1,185.04999999999998,185.05,170,170.0,1,1,0.9199,Naive Bayes
16098.0,16,14,4010.7,286.48,654,49.0,1,0,0.0249,Naive Bayes
16099.0,66,6,1433.4,238.9,576,101.8,0,1,0.5521,Naive Bayes
16100.0,391,1,582.64,582.64,392,392.0,1,1,1.0,Naive Bayes
16101.0,363,3,1938.46,646.15,491,63.5,0,1,0.9901,Naive Bayes
16102.0,27,2,1392.8400000000001,696.42,58,30.0,0,1,0.6563,Naive Bayes
16103.0,8,21,6175.21,294.06,630,32.7,0,0,0.0001,Naive Bayes
16104.0,347,8,2476.25,309.53,663,52.5,0,1,0.9518,Naive Bayes
16105.0,177,5,2386.19,477.24,534,89.0,1,1,0.7467,Naive Bayes
16107.0,18,4,1810.72,452.68,113,31.3,0,1,0.5948,Naive Bayes
16108.0,13,4,2235.92,558.98,561,182.3,1,1,0.7576,Naive Bayes
16109.0,147,3,939.48,313.16,628,240.0,1,1,0.9525,Naive Bayes
16110.0,191,3,1138.82,379.61,452,130.0,0,1,0.874,Naive Bayes
16111.0,357,1,549.33,549.33,358,358.0,1,1,1.0,Naive Bayes
16112.0,72,4,195.73999999999998,48.93,268,65.0,1,1,0.7269,Naive Bayes
16113.0,112,1,161.38,161.38,113,113.0,1,1,0.779,Naive Bayes
16114.0,99,1,135.75000000000003,135.75,100,100.0,1,1,0.7507,Naive Bayes
16115.0,1,10,2178.85,217.88,504,55.8,0,0,0.2531,Naive Bayes
16116.0,140,1,612.78,612.78,141,141.0,1,1,0.8478,Naive Bayes
16117.0,118,3,654.4,218.13,521,201.0,1,1,0.9025,Naive Bayes
16118.0,581,1,4376.25,4376.25,582,582.0,1,1,1.0,Naive Bayes
16119.0,1,7,1606.93,229.56,653,108.5,0,0,0.4282,Naive Bayes
16120.0,351,2,1658.3700000000001,829.18,352,352.0,0,1,1.0,Naive Bayes
16121.0,144,4,881.32,220.33,495,175.0,0,1,0.8816,Naive Bayes
16122.0,2,6,895.62,149.27,355,70.4,1,1,0.5861,Naive Bayes
16124.0,246,4,1772.49,443.12,662,138.3,1,1,0.9081,Naive Bayes
16125.0,296,14,4292.35,306.6,655,27.5,1,0,0.2919,Naive Bayes
16126.0,30,14,12063.53,861.68,667,48.9,0,0,0.0001,Naive Bayes
16127.0,655,1,145.06,145.06,656,656.0,0,1,1.0,Naive Bayes
16128.0,6,9,3332.89,370.32,441,62.0,0,0,0.2763,Naive Bayes
16129.0,336,3,1396.05,465.35,437,50.0,1,1,0.9815,Naive Bayes
16130.0,351,4,987.48,246.87,547,65.0,1,1,0.9849,Naive Bayes
16131.0,44,10,8729.38,872.94,667,103.7,0,0,0.022,Naive Bayes
16132.0,473,2,664.1999999999999,332.1,557,83.0,1,1,0.9994,Naive Bayes
16133.0,4,47,20169.29,429.13,548,13.2,0,0,0.0,Naive Bayes
16134.0,288,4,1810.78,452.7,470,60.3,0,1,0.9481,Naive Bayes
16135.0,191,2,819.45,409.72,513,321.0,1,1,0.9976,Naive Bayes
16136.0,6,3,540.06,180.02,593,293.0,0,1,0.9797,Naive Bayes
16137.0,609,1,422.7,422.7,610,610.0,1,1,1.0,Naive Bayes
16138.0,307,3,910.35,303.45,520,106.0,1,1,0.9708,Naive Bayes
16139.0,41,4,782.11,195.53,666,208.0,0,1,0.8308,Naive Bayes
16140.0,300,2,832.4200000000001,416.21,371,70.0,0,1,0.9661,Naive Bayes
16141.0,17,2,955.94,477.97,347,329.0,1,1,0.995,Naive Bayes
16142.0,178,1,535.34,535.34,179,179.0,1,1,0.9296,Naive Bayes
16143.0,37,11,4079.5,370.86,659,62.1,0,0,0.094,Naive Bayes
16144.0,175,1,175.2,175.2,176,176.0,1,1,0.9318,Naive Bayes
16145.0,2,17,5947.88,349.88,514,31.9,0,0,0.0023,Naive Bayes
16146.0,86,4,946.38,236.6,378,97.0,1,1,0.6996,Naive Bayes
16147.0,62,5,2398.91,479.78,602,134.8,1,1,0.5946,Naive Bayes
16148.0,225,2,386.62,193.31,366,140.0,1,1,0.9388,Naive Bayes
16149.0,71,2,305.38,152.69,359,287.0,0,1,0.9865,Naive Bayes
16150.0,17,9,3697.68,410.85,652,79.2,0,0,0.1939,Naive Bayes
16152.0,197,1,1829.04,1829.04,198,198.0,1,1,0.9998,Naive Bayes
16153.0,44,10,4332.8,433.28,492,49.7,0,0,0.1664,Naive Bayes
16155.0,310,5,796.9,159.38,469,52.7,1,1,0.9694,Naive Bayes
16156.0,14,17,5191.59,305.39,667,46.6,0,0,0.0024,Naive Bayes
16157.0,1,1,168.32,168.32,2,2.0,0,1,0.6334,Naive Bayes
16158.0,451,9,628.32,69.81,664,30.3,1,1,0.9969,Naive Bayes
16159.0,210,4,1232.79,308.2,666,151.7,1,1,0.8784,Naive Bayes
16160.0,14,1,801.94,801.94,15,15.0,0,1,0.6847,Naive Bayes
16161.0,7,38,10920.98,287.39,599,16.4,0,0,0.0,Naive Bayes
16162.0,181,1,37.4,37.4,182,182.0,1,1,0.9536,Naive Bayes
16163.0,161,6,2407.98,401.33,667,101.0,1,1,0.6267,Naive Bayes
16165.0,434,1,79.9,79.9,435,435.0,1,1,1.0,Naive Bayes
16166.0,357,2,435.83,217.92,621,263.0,1,1,0.9991,Naive Bayes
16167.0,343,5,1386.1200000000001,277.22,668,108.0,1,1,0.9782,Naive Bayes
16168.0,3,58,9368.21,161.52,666,13.8,0,0,0.0,Naive Bayes
16169.0,4,1,587.46,587.46,5,5.0,0,1,0.6116,Naive Bayes
16170.0,41,19,6544.61,344.45,589,30.4,0,0,0.0004,Naive Bayes
16172.0,24,8,1884.55,235.57,443,69.7,1,0,0.4257,Naive Bayes
16173.0,7,3,744.25,248.08,28,10.0,0,1,0.6298,Naive Bayes
16174.0,55,7,2246.75,320.96,533,79.5,1,0,0.4508,Naive Bayes
16175.0,23,7,1836.44,262.35,493,78.2,1,0,0.4654,Naive Bayes
16176.0,350,4,2052.69,513.17,550,66.3,1,1,0.9826,Naive Bayes
16177.0,365,7,1915.36,273.62,577,42.2,0,1,0.9807,Naive Bayes
16178.0,67,2,612.6,306.3,331,263.0,1,1,0.9699,Naive Bayes
16180.0,29,13,16249.87,1249.99,464,43.4,1,0,0.0,Naive Bayes
16181.0,2,1,305.54,305.54,3,3.0,1,1,0.6003,Naive Bayes
16182.0,1,9,9971.65,1107.96,570,71.0,1,0,0.0215,Naive Bayes
16183.0,323,3,739.1,246.37,337,6.5,0,1,0.9818,Naive Bayes
16184.0,34,5,985.8000000000001,197.16,141,26.5,0,1,0.6286,Naive Bayes
16185.0,161,2,450.31,225.16,494,332.0,0,1,0.9979,Naive Bayes
16186.0,32,23,7408.02,322.09,660,33.0,0,0,0.0,Naive Bayes
16187.0,4,13,6282.1900000000005,483.25,214,26.1,0,0,0.0272,Naive Bayes
16188.0,70,4,860.83,215.21,338,89.0,0,1,0.6841,Naive Bayes
16189.0,14,1,144.48,144.48,15,15.0,0,1,0.6343,Naive Bayes
16190.0,323,7,2508.4700000000003,358.35,655,55.2,0,1,0.937,Naive Bayes
16191.0,191,19,13112.980000000001,690.16,658,42.4,0,0,0.0,Naive Bayes
16192.0,664,1,351.3,351.3,665,665.0,1,1,1.0,Naive Bayes
16193.0,165,2,630.43,315.21,340,174.0,1,1,0.9129,Naive Bayes
16194.0,304,1,308.59999999999997,308.6,305,305.0,1,1,0.9994,Naive Bayes
16195.0,652,1,323.25,323.25,653,653.0,1,1,1.0,Naive Bayes
16196.0,417,1,93.3,93.3,418,418.0,1,1,1.0,Naive Bayes
16197.0,398,9,2016.71,224.08,653,31.8,1,1,0.9833,Naive Bayes
16198.0,4,2,1030.04,515.02,367,362.0,1,1,0.9985,Naive Bayes
16199.0,321,7,942.75,134.68,561,39.8,1,1,0.9616,Naive Bayes
16200.0,93,11,5089.8,462.71,667,81.9,0,0,0.087,Naive Bayes
16201.0,38,2,552.45,276.23,345,306.0,0,1,0.9902,Naive Bayes
16202.0,289,9,2501.9900000000002,278.0,667,62.8,1,1,0.8248,Naive Bayes
16203.0,76,5,729.24,145.85,434,89.2,0,1,0.6686,Naive Bayes
16204.0,309,2,534.53,267.26,661,351.0,0,1,0.9998,Naive Bayes
16205.0,108,4,1168.23,292.06,472,121.0,0,1,0.7312,Naive Bayes
16206.0,53,12,2449.92,204.16,614,56.0,0,0,0.1177,Naive Bayes
16208.0,218,9,3273.78,363.75,583,45.5,0,1,0.5938,Naive Bayes
16209.0,17,9,4146.78,460.75,476,57.2,1,0,0.223,Naive Bayes
16210.0,15,27,24251.69,898.21,667,28.3,0,0,0.0,Naive Bayes
16211.0,17,3,1090.59,363.53,368,175.0,1,1,0.8027,Naive Bayes
16212.0,212,3,1101.52,367.17,600,193.5,0,1,0.9444,Naive Bayes
16213.0,7,1,159.0,159.0,8,8.0,1,1,0.6323,Naive Bayes
16214.0,99,4,2038.25,509.56,365,88.3,1,1,0.6809,Naive Bayes
16215.0,9,1,242.35,242.35,10,10.0,1,1,0.6076,Naive Bayes
16216.0,196,1,914.9300000000001,914.93,197,197.0,1,1,0.9778,Naive Bayes
16217.0,164,2,304.25,152.12,212,47.0,1,1,0.8258,Naive Bayes
16218.0,43,12,3519.47,293.29,491,44.7,0,0,0.1074,Naive Bayes
16219.0,429,1,40.8,40.8,430,430.0,1,1,1.0,Naive Bayes
16221.0,204,8,1472.98,184.12,416,30.1,0,1,0.7666,Naive Bayes
16222.0,247,2,1272.05,636.02,651,403.0,1,1,0.9999,Naive Bayes
16223.0,303,2,1087.05,543.52,325,21.0,1,1,0.9705,Naive Bayes
16224.0,70,4,1187.12,296.78,317,82.0,0,1,0.6629,Naive Bayes
16225.0,78,14,2716.63,194.04,600,47.4,0,0,0.0523,Naive Bayes
16226.0,132,5,672.1700000000001,134.43,343,52.5,1,1,0.7507,Naive Bayes
16227.0,154,3,1027.22,342.41,465,155.0,1,1,0.8592,Naive Bayes
16228.0,314,3,885.71,295.24,330,15.0,1,1,0.9767,Naive Bayes
16229.0,16,6,2867.86,477.98,494,95.4,1,0,0.4771,Naive Bayes
16230.0,118,2,542.03,271.02,150,31.0,1,1,0.732,Naive Bayes
16231.0,308,4,1074.47,268.62,527,72.7,1,1,0.965,Naive Bayes
16232.0,72,6,2447.13,407.86,480,101.8,0,1,0.5562,Naive Bayes
16233.0,0,9,1818.31,202.03,667,83.2,1,0,0.2727,Naive Bayes
16234.0,405,3,333.18,111.06,491,42.5,1,1,0.9969,Naive Bayes
16235.0,115,7,1851.69,264.53,400,47.3,0,1,0.5935,Naive Bayes
16236.0,7,1,432.2,432.2,8,8.0,1,1,0.5891,Naive Bayes
16237.0,366,1,136.65,136.65,367,367.0,1,1,1.0,Naive Bayes
16238.0,351,1,63.66,63.66,352,352.0,1,1,1.0,Naive Bayes
16239.0,118,5,1425.9,285.18,393,68.5,0,1,0.6851,Naive Bayes
16240.0,6,1,1824.79,1824.79,7,7.0,0,1,0.9976,Naive Bayes
16241.0,25,13,3177.93,244.46,340,28.5,0,0,0.0908,Naive Bayes
16242.0,94,10,4671.38,467.14,564,58.6,0,0,0.1659,Naive Bayes
16244.0,140,2,1522.75,761.38,302,161.0,1,1,0.9023,Naive Bayes
16245.0,50,2,769.7,384.85,186,135.0,0,1,0.7374,Naive Bayes
16246.0,388,2,821.35,410.68,599,210.0,1,1,0.9985,Naive Bayes
16247.0,99,1,114.56,114.56,100,100.0,1,1,0.7571,Naive Bayes
16249.0,41,4,1440.77,360.19,169,42.3,0,1,0.6173,Naive Bayes
16250.0,190,3,565.24,188.41,316,62.5,1,1,0.8581,Naive Bayes
16251.0,441,1,128.31,128.31,442,442.0,1,1,1.0,Naive Bayes
16252.0,311,1,295.09000000000003,295.09,312,312.0,1,1,0.9996,Naive Bayes
16253.0,184,6,5238.74,873.12,661,95.2,0,1,0.6213,Naive Bayes
16254.0,307,3,967.44,322.48,562,127.0,1,1,0.9731,Naive Bayes
16255.0,24,14,4092.88,292.35,614,45.3,0,0,0.027,Naive Bayes
16256.0,195,3,1579.37,526.46,527,165.5,1,1,0.9098,Naive Bayes
16257.0,105,1,21.95,21.95,106,106.0,1,1,0.8029,Naive Bayes
16258.0,56,14,10480.07,748.58,569,46.5,0,0,0.0006,Naive Bayes
16259.0,339,3,340.94,113.65,535,195.0,1,1,0.9958,Naive Bayes
16261.0,4,5,856.76,171.35,372,91.8,0,1,0.6296,Naive Bayes
16262.0,307,1,755.15,755.15,308,308.0,1,1,0.9996,Naive Bayes
16263.0,352,1,348.16,348.16,353,353.0,1,1,1.0,Naive Bayes
16264.0,367,2,823.53,411.76,376,8.0,1,1,0.992,Naive Bayes
16265.0,39,10,5300.19,530.02,337,37.1,0,0,0.1434,Naive Bayes
16266.0,2,14,1757.95,125.57,603,54.5,1,0,0.0517,Naive Bayes
16267.0,520,1,186.66,186.66,521,521.0,1,1,1.0,Naive Bayes
16268.0,0,2,617.65,308.82,1,1.0,1,1,0.6183,Naive Bayes
16269.0,366,1,717.57,717.57,367,367.0,1,1,1.0,Naive Bayes
16270.0,282,1,1141.24,1141.24,283,283.0,1,1,0.9996,Naive Bayes
16271.0,55,7,2846.61,406.66,572,86.0,0,0,0.4075,Naive Bayes
16272.0,45,1,411.7,411.7,46,46.0,1,1,0.5972,Naive Bayes
16273.0,577,2,318.34000000000003,159.17,586,8.0,1,1,1.0,Naive Bayes
16274.0,302,1,331.55,331.55,303,303.0,1,1,0.9994,Naive Bayes
16275.0,125,3,2151.11,717.04,571,222.5,1,1,0.936,Naive Bayes
16276.0,105,3,2629.3900000000003,876.46,537,215.5,1,1,0.9385,Naive Bayes
16277.0,662,1,188.69,188.69,663,663.0,1,1,1.0,Naive Bayes
16278.0,29,3,1117.84,372.61,429,199.5,1,1,0.8553,Naive Bayes
16279.0,16,8,4919.68,614.96,526,72.7,0,0,0.2304,Naive Bayes
16280.0,654,1,238.05,238.05,655,655.0,1,1,1.0,Naive Bayes
16281.0,1,3,3424.02,1141.34,612,305.0,1,1,0.9946,Naive Bayes
16282.0,268,3,1307.58,435.86,648,189.5,1,1,0.9706,Naive Bayes
16283.0,49,6,3364.16,560.69,579,105.8,0,0,0.4587,Naive Bayes
16284.0,322,1,205.8,205.8,323,323.0,0,1,0.9998,Naive Bayes
16285.0,575,1,176.9,176.9,576,576.0,1,1,1.0,Naive Bayes
16286.0,406,2,328.95,164.48,553,146.0,1,1,0.998,Naive Bayes
16287.0,98,5,1006.98,201.4,619,130.0,1,1,0.6737,Naive Bayes
16288.0,399,1,129.85,129.85,400,400.0,1,1,1.0,Naive Bayes
16289.0,391,1,136.31,136.31,392,392.0,1,1,1.0,Naive Bayes
16290.0,393,4,1957.7,489.42,495,33.7,1,1,0.9941,Naive Bayes
16292.0,50,5,1253.76,250.75,534,120.8,1,1,0.6255,Naive Bayes
16293.0,20,11,3484.54,316.78,658,91.0,0,0,0.1196,Naive Bayes
16294.0,405,1,126.05000000000001,126.05,406,406.0,1,1,1.0,Naive Bayes
16296.0,555,4,1313.67,328.42,651,31.7,1,1,0.9999,Naive Bayes
16297.0,197,1,301.9,301.9,198,198.0,1,1,0.9583,Naive Bayes
16298.0,115,5,601.8,120.36,372,64.0,0,1,0.7258,Naive Bayes
16299.0,406,1,193.65,193.65,407,407.0,1,1,1.0,Naive Bayes
16300.0,359,3,1367.32,455.77,605,122.5,1,1,0.9892,Naive Bayes
16301.0,665,1,107.33,107.33,666,666.0,1,1,1.0,Naive Bayes
16302.0,55,1,233.22,233.22,56,56.0,1,1,0.6312,Naive Bayes
16303.0,44,6,6603.97,1100.66,561,103.2,0,0,0.4348,Naive Bayes
16304.0,623,1,381.66,381.66,624,624.0,1,1,1.0,Naive Bayes
16305.0,67,1,361.21999999999997,361.22,68,68.0,1,1,0.6315,Naive Bayes
16306.0,142,7,1124.72,160.67,364,36.8,1,1,0.6931,Naive Bayes
16307.0,358,3,1194.92,398.31,507,74.0,1,1,0.9878,Naive Bayes
16308.0,36,6,4160.0,693.33,654,123.4,0,0,0.4213,Naive Bayes
16309.0,35,2,706.57,353.28,170,134.0,1,1,0.7269,Naive Bayes
16310.0,343,2,460.08,230.04,572,228.0,1,1,0.9975,Naive Bayes
16312.0,361,1,171.15,171.15,362,362.0,1,1,1.0,Naive Bayes
16314.0,318,3,1491.4,497.13,402,41.5,1,1,0.9746,Naive Bayes
16315.0,259,2,402.71,201.36,466,206.0,1,1,0.9844,Naive Bayes
16316.0,86,12,5018.81,418.23,423,33.6,0,0,0.0851,Naive Bayes
16317.0,48,5,2192.51,438.5,514,116.2,1,1,0.5861,Naive Bayes
16319.0,146,1,404.40000000000003,404.4,147,147.0,1,1,0.85,Naive Bayes
16320.0,101,6,5628.99,938.16,611,101.8,1,0,0.4697,Naive Bayes
16321.0,1,7,604.5500000000001,86.36,668,166.5,1,1,0.6332,Naive Bayes
16323.0,125,2,353.66,176.83,507,381.0,1,1,0.9996,Naive Bayes
16324.0,57,3,408.59000000000003,136.2,107,49.0,1,1,0.6847,Naive Bayes
16325.0,84,11,3419.28,310.84,665,58.0,0,0,0.1343,Naive Bayes
16326.0,4,19,3294.14,173.38,610,35.6,0,0,0.0014,Naive Bayes
16327.0,9,15,9481.16,632.08,655,46.1,0,0,0.0005,Naive Bayes
16328.0,492,1,310.83,310.83,493,493.0,1,1,1.0,Naive Bayes
16329.0,356,4,1664.92,416.23,668,103.7,1,1,0.9833,Naive Bayes
16330.0,41,6,422.43,70.4,592,183.3,0,1,0.7835,Naive Bayes
16331.0,361,6,2037.7,339.62,572,70.0,1,1,0.9822,Naive Bayes
16332.0,1,8,1532.58,191.57,519,73.9,0,0,0.4098,Naive Bayes
16333.0,27,18,15619.6,867.76,239,23.4,0,0,0.0,Naive Bayes
16334.0,421,1,263.73,263.73,422,422.0,1,1,1.0,Naive Bayes
16335.0,480,7,2753.52,393.36,665,30.7,1,1,0.9987,Naive Bayes
16336.0,349,4,3517.69,879.42,561,105.5,1,1,0.9888,Naive Bayes
16338.0,86,1,214.79999999999998,214.8,87,87.0,1,1,0.6965,Naive Bayes
16339.0,213,1,94.05,94.05,214,214.0,1,1,0.9804,Naive Bayes
16340.0,36,3,1496.24,498.75,481,222.0,1,1,0.8973,Naive Bayes
16341.0,14,5,3410.81,682.16,539,131.0,0,1,0.5784,Naive Bayes
16342.0,4,4,322.41,80.6,109,34.7,1,1,0.6683,Naive Bayes
16343.0,336,1,285.54,285.54,337,337.0,0,1,0.9999,Naive Bayes
16344.0,87,4,842.42,210.6,598,170.0,1,1,0.7844,Naive Bayes
16345.0,412,1,613.33,613.33,413,413.0,0,1,1.0,Naive Bayes
16346.0,314,1,224.51,224.51,315,315.0,1,1,0.9997,Naive Bayes
16347.0,317,9,2595.51,288.39,567,35.6,0,1,0.9086,Naive Bayes
16348.0,7,6,1340.12,223.35,360,88.0,0,1,0.5779,Naive Bayes
16349.0,219,1,53.5,53.5,220,220.0,1,1,0.9852,Naive Bayes
16350.0,14,7,1703.82,243.4,358,68.6,0,1,0.5051,Naive Bayes
16351.0,261,13,3330.0299999999997,256.16,665,33.6,1,0,0.3318,Naive Bayes
16353.0,16,30,6825.16,227.51,662,25.8,0,0,0.0,Naive Bayes
16354.0,2,4,1089.76,272.44,521,172.7,0,1,0.7581,Naive Bayes
16355.0,304,1,416.35,416.35,305,305.0,1,1,0.9994,Naive Bayes
16356.0,126,6,415.87,69.31,481,88.5,1,1,0.7222,Naive Bayes
16357.0,91,3,467.44,155.81,311,109.5,0,1,0.7603,Naive Bayes
16358.0,8,3,2026.7,675.57,324,157.5,0,1,0.7844,Naive Bayes
16359.0,23,14,2358.06,168.43,591,43.6,0,0,0.0479,Naive Bayes
16360.0,9,2,447.27,223.64,18,8.0,0,1,0.6322,Naive Bayes
16361.0,0,1,334.94,334.94,1,1.0,0,1,0.5983,Naive Bayes
16362.0,20,4,572.82,143.21,367,346.0,0,1,0.9976,Naive Bayes
16364.0,66,1,346.3,346.3,67,67.0,0,1,0.6308,Naive Bayes
16365.0,52,13,2489.48,191.5,658,55.0,0,0,0.0695,Naive Bayes
16366.0,511,3,1220.83,406.94,653,70.5,0,1,0.9997,Naive Bayes
16367.0,291,2,716.9,358.45,313,21.0,0,1,0.9623,Naive Bayes
16368.0,364,1,141.53,141.53,365,365.0,0,1,1.0,Naive Bayes
16369.0,9,6,1952.51,325.42,541,106.2,0,1,0.5094,Naive Bayes
16370.0,11,4,1301.91,325.48,155,47.7,1,1,0.6056,Naive Bayes
16371.0,377,1,157.2,157.2,378,378.0,1,1,1.0,Naive Bayes
16372.0,338,3,934.58,311.53,537,99.0,0,1,0.9829,Naive Bayes
16373.0,311,2,309.49,154.74,341,29.0,1,1,0.9772,Naive Bayes
16374.0,191,4,1404.97,351.24,518,108.7,0,1,0.8313,Naive Bayes
16375.0,399,2,104.0,52.0,400,400.0,1,1,1.0,Naive Bayes
16377.0,196,2,1308.48,654.24,547,350.0,1,1,0.9992,Naive Bayes
16378.0,176,3,362.95,120.98,240,31.5,1,1,0.8528,Naive Bayes
16379.0,7,1,478.88,478.88,8,8.0,0,1,0.5919,Naive Bayes
16381.0,324,2,247.85,123.92,348,23.0,1,1,0.9833,Naive Bayes
16382.0,337,2,353.1,176.55,480,142.0,1,1,0.9904,Naive Bayes
16383.0,3,7,2887.99,412.57,603,99.8,1,0,0.3777,Naive Bayes
16384.0,18,4,1358.95,339.74,520,167.0,1,1,0.7363,Naive Bayes
16385.0,87,4,600.3100000000001,150.08,561,157.7,0,1,0.7812,Naive Bayes
16386.0,182,2,826.69,413.34,317,134.0,0,1,0.8813,Naive Bayes
16387.0,251,5,882.46,176.49,568,79.0,1,1,0.9049,Naive Bayes
16388.0,582,1,186.05,186.05,583,583.0,1,1,1.0,Naive Bayes
16389.0,7,3,1078.71,359.57,213,102.5,0,1,0.658,Naive Bayes
16390.0,465,3,467.5,155.83,609,71.5,1,1,0.9992,Naive Bayes
16391.0,329,4,1048.86,262.21,491,53.7,1,1,0.9776,Naive Bayes
16392.0,198,3,755.45,251.82,491,146.0,1,1,0.902,Naive Bayes
16393.0,23,19,4018.78,211.51,668,35.8,0,0,0.001,Naive Bayes
16394.0,1,4,1241.86,310.46,219,72.3,0,1,0.6165,Naive Bayes
16395.0,7,13,3304.76,254.21,663,65.5,0,0,0.0505,Naive Bayes
16396.0,405,1,137.8,137.8,406,406.0,1,1,1.0,Naive Bayes
16397.0,557,1,123.13,123.13,558,558.0,1,1,1.0,Naive Bayes
16398.0,83,2,1705.8,852.9,183,99.0,1,1,0.7993,Naive Bayes
16399.0,164,2,398.81,199.4,319,154.0,0,1,0.8971,Naive Bayes
16400.0,23,9,3059.85,339.98,661,79.6,1,0,0.2216,Naive Bayes
16401.0,15,19,5522.79,290.67,485,29.3,0,0,0.0007,Naive Bayes
16402.0,193,2,293.45,146.72,299,105.0,1,1,0.8894,Naive Bayes
16403.0,241,1,177.5,177.5,242,242.0,1,1,0.9919,Naive Bayes
16405.0,231,2,167.25,83.62,240,8.0,1,1,0.9313,Naive Bayes
16406.0,379,2,374.01,187.0,583,203.0,0,1,0.9982,Naive Bayes
16407.0,3,13,2429.48,186.88,362,35.8,0,0,0.1036,Naive Bayes
16408.0,520,1,231.93,231.93,521,521.0,1,1,1.0,Naive Bayes
16409.0,16,11,5043.89,458.54,656,63.9,0,0,0.0648,Naive Bayes
16410.0,663,1,130.32,130.32,664,664.0,1,1,1.0,Naive Bayes
16411.0,298,3,673.24,224.41,358,29.5,0,1,0.9683,Naive Bayes
16412.0,322,4,457.2,114.3,603,93.3,0,1,0.9763,Naive Bayes
16413.0,304,1,259.83,259.83,305,305.0,0,1,0.9995,Naive Bayes
16414.0,209,4,475.76,118.94,624,138.0,0,1,0.8929,Naive Bayes
16415.0,512,2,496.49,248.24,606,93.0,0,1,0.9998,Naive Bayes
16416.0,319,6,1906.48,317.75,584,66.0,0,1,0.9566,Naive Bayes
16417.0,421,1,35.7,35.7,422,422.0,1,1,1.0,Naive Bayes
16418.0,21,4,765.98,191.5,352,110.0,0,1,0.6807,Naive Bayes
16419.0,41,8,1463.7,182.96,598,92.7,1,0,0.4132,Naive Bayes
16420.0,325,1,75.0,75.0,326,326.0,1,1,0.9999,Naive Bayes
16421.0,305,3,526.27,175.42,399,46.5,1,1,0.9721,Naive Bayes
16422.0,2,100,57709.99,577.1,626,7.6,0,0,0.0,Naive Bayes
16424.0,120,2,443.06,221.53,312,191.0,1,1,0.9092,Naive Bayes
16425.0,231,1,302.7,302.7,232,232.0,1,1,0.9867,Naive Bayes
16426.0,21,4,689.83,172.46,206,184.0,0,1,0.8538,Naive Bayes
16427.0,192,2,241.06,120.53,214,21.0,1,1,0.8772,Naive Bayes
16428.0,342,3,638.49,212.83,427,84.0,1,1,0.9869,Naive Bayes
16429.0,35,1,284.55,284.55,36,36.0,1,1,0.6003,Naive Bayes
16430.0,310,5,802.09,160.42,611,75.0,0,1,0.9616,Naive Bayes
16431.0,142,3,623.28,207.76,227,84.0,1,1,0.7968,Naive Bayes
16433.0,337,1,200.26,200.26,338,338.0,0,1,0.9999,Naive Bayes
16434.0,25,9,2060.73,228.97,621,74.4,0,0,0.2852,Naive Bayes
16435.0,441,3,1003.0699999999999,334.36,444,2.0,1,1,0.9987,Naive Bayes
16436.0,597,3,319.14,106.38,663,32.5,1,1,1.0,Naive Bayes
16437.0,310,2,301.25,150.62,359,48.0,1,1,0.9761,Naive Bayes
16438.0,11,1,204.4,204.4,12,12.0,0,1,0.6164,Naive Bayes
16439.0,651,1,310.70000000000005,310.7,652,652.0,1,1,1.0,Naive Bayes
16440.0,143,2,488.76,244.38,423,279.0,0,1,0.9879,Naive Bayes
16441.0,220,4,842.98,210.74,557,112.0,0,1,0.8861,Naive Bayes
16442.0,156,4,715.11,178.78,656,166.3,0,1,0.8446,Naive Bayes
16443.0,449,1,162.24,162.24,450,450.0,1,1,1.0,Naive Bayes
16444.0,24,16,3512.61,219.54,555,37.9,0,0,0.0122,Naive Bayes
16445.0,315,3,352.65,117.55,341,25.0,0,1,0.9804,Naive Bayes
16446.0,134,1,2.9,2.9,135,135.0,1,1,0.8762,Naive Bayes
16447.0,64,3,727.1,242.37,590,262.5,1,1,0.9575,Naive Bayes
16448.0,127,2,361.12,180.56,401,273.0,1,1,0.9851,Naive Bayes
16449.0,126,2,707.69,353.84,210,83.0,1,1,0.7503,Naive Bayes
16450.0,78,3,1505.73,501.91,586,253.5,1,1,0.9467,Naive Bayes
16451.0,16,3,1013.15,337.72,665,324.0,1,1,0.9897,Naive Bayes
16452.0,559,2,332.17,166.08,623,63.0,1,1,1.0,Naive Bayes
16453.0,459,2,251.71,125.86,478,18.0,1,1,0.9993,Naive Bayes
16454.0,540,1,1.55,1.55,541,541.0,0,1,1.0,Naive Bayes
16455.0,23,10,3477.77,347.78,549,65.6,0,0,0.1865,Naive Bayes
16456.0,28,13,6000.94,461.61,550,47.4,1,0,0.0224,Naive Bayes
16457.0,147,1,208.36,208.36,148,148.0,1,1,0.8671,Naive Bayes
16458.0,1,25,4693.21,187.73,492,20.4,0,0,0.0,Naive Bayes
16459.0,658,1,71.78999999999999,71.79,659,659.0,1,1,1.0,Naive Bayes
16460.0,1,2,508.61,254.3,11,9.0,0,1,0.6209,Naive Bayes
16461.0,106,3,1539.83,513.28,576,234.5,1,1,0.9322,Naive Bayes
16462.0,2,3,136.0,45.33,213,105.0,1,1,0.7362,Naive Bayes
16463.0,133,1,319.37,319.37,134,134.0,0,1,0.8153,Naive Bayes
16464.0,9,2,983.33,491.66,72,62.0,0,1,0.6064,Naive Bayes
16465.0,349,2,746.24,373.12,374,24.0,1,1,0.9873,Naive Bayes
16466.0,32,13,3170.76,243.9,572,44.9,0,0,0.066,Naive Bayes
16467.0,437,7,2869.16,409.88,667,38.2,1,1,0.9952,Naive Bayes
16468.0,3,3,787.52,262.51,411,203.5,1,1,0.8697,Naive Bayes
16469.0,16,4,625.97,156.49,444,213.5,0,1,0.8957,Naive Bayes
16470.0,44,10,2203.21,220.32,658,76.6,0,0,0.216,Naive Bayes
16471.0,203,4,1189.98,297.5,582,126.0,1,1,0.8589,Naive Bayes
16472.0,363,2,789.6,394.8,527,163.0,1,1,0.9948,Naive Bayes
16473.0,93,4,470.83,117.71,304,70.0,1,1,0.7269,Naive Bayes
16474.0,18,3,464.44,154.81,75,56.0,0,1,0.6503,Naive Bayes
16475.0,17,4,544.3,136.07,203,61.7,1,1,0.659,Naive Bayes
16476.0,360,1,350.35,350.35,361,361.0,1,1,1.0,Naive Bayes
16477.0,60,10,3599.17,359.92,414,39.2,0,0,0.233,Naive Bayes
16480.0,4,1,769.29,769.29,5,5.0,1,1,0.6743,Naive Bayes
16481.0,611,1,453.38,453.38,612,612.0,1,1,1.0,Naive Bayes
16483.0,121,1,139.35,139.35,122,122.0,1,1,0.8093,Naive Bayes
16484.0,102,2,404.3,202.15,120,17.0,1,1,0.727,Naive Bayes
16485.0,6,5,2287.19,457.44,663,164.0,1,1,0.612,Naive Bayes
16486.0,466,1,134.36,134.36,467,467.0,1,1,1.0,Naive Bayes
16487.0,506,2,209.4,104.7,589,82.0,1,1,0.9998,Naive Bayes
16488.0,43,2,354.57,177.28,78,34.0,0,1,0.6555,Naive Bayes
16489.0,309,2,303.7,151.85,366,56.0,1,1,0.9756,Naive Bayes
16490.0,365,1,205.41000000000003,205.41,366,366.0,1,1,1.0,Naive Bayes
16491.0,342,1,801.66,801.66,343,343.0,0,1,1.0,Naive Bayes
16492.0,469,1,385.56,385.56,470,470.0,1,1,1.0,Naive Bayes
16493.0,8,7,2132.09,304.58,553,90.7,1,0,0.4304,Naive Bayes
16494.0,225,1,826.53,826.53,226,226.0,1,1,0.9894,Naive Bayes
16495.0,205,2,246.51,123.26,206,206.0,0,1,0.9748,Naive Bayes
16496.0,136,5,1916.29,383.26,439,100.7,0,1,0.7191,Naive Bayes
16497.0,132,22,5280.29,240.01,666,35.5,0,0,0.0001,Naive Bayes
16498.0,90,2,100.97,50.48,92,1.0,1,1,0.7674,Naive Bayes
16499.0,289,8,2578.34,322.29,476,26.6,1,1,0.9007,Naive Bayes
16500.0,259,4,608.05,152.01,473,71.0,0,1,0.9342,Naive Bayes
16501.0,312,1,1191.23,1191.23,313,313.0,1,1,0.9999,Naive Bayes
16502.0,549,2,258.55,129.28,550,550.0,1,1,1.0,Naive Bayes
16503.0,35,11,3614.34,328.58,466,47.8,1,0,0.1513,Naive Bayes
16507.0,501,1,142.71,142.71,502,502.0,1,1,1.0,Naive Bayes
16508.0,559,1,240.95,240.95,560,560.0,1,1,1.0,Naive Bayes
16509.0,225,1,363.7,363.7,226,226.0,1,1,0.983,Naive Bayes
16510.0,301,6,1757.25,292.88,621,63.8,1,1,0.9355,Naive Bayes
16511.0,73,5,1405.86,281.17,578,126.0,0,1,0.632,Naive Bayes
16515.0,20,9,2802.28,311.36,470,56.1,0,0,0.2989,Naive Bayes
16517.0,206,1,162.7,162.7,207,207.0,1,1,0.9725,Naive Bayes
16518.0,213,3,665.75,221.92,486,136.0,0,1,0.9122,Naive Bayes
16519.0,294,3,327.68,109.23,578,141.5,0,1,0.9757,Naive Bayes
16520.0,115,6,2148.38,358.06,577,92.2,1,1,0.5764,Naive Bayes
16521.0,344,3,1136.36,378.79,578,233.0,1,1,0.9976,Naive Bayes
16522.0,364,2,433.36,216.68,380,15.0,1,1,0.992,Naive Bayes
16523.0,8,22,9279.27,421.78,614,33.6,0,0,0.0,Naive Bayes
16524.0,375,2,306.19,153.1,621,245.0,1,1,0.9992,Naive Bayes
16525.0,8,45,22625.0,502.78,667,15.0,0,0,0.0,Naive Bayes
16526.0,100,2,717.21,358.6,514,413.0,1,1,0.9998,Naive Bayes
16527.0,10,2,1232.94,616.47,354,343.0,1,1,0.9972,Naive Bayes
16529.0,119,4,1986.8,496.7,460,113.3,1,1,0.7219,Naive Bayes
16530.0,597,1,48.349999999999994,48.35,598,598.0,1,1,1.0,Naive Bayes
16531.0,3,9,1943.17,215.91,371,45.9,0,0,0.3674,Naive Bayes
16532.0,64,4,6524.639999999999,1631.16,550,161.7,0,1,0.9739,Naive Bayes
16534.0,571,1,635.9,635.9,572,572.0,1,1,1.0,Naive Bayes
16535.0,314,1,358.28999999999996,358.29,315,315.0,0,1,0.9997,Naive Bayes
16536.0,39,1,548.12,548.12,40,40.0,1,1,0.6042,Naive Bayes
16537.0,570,1,10.55,10.55,571,571.0,1,1,1.0,Naive Bayes
16538.0,470,3,395.07,131.69,525,54.0,1,1,0.9994,Naive Bayes
16539.0,148,9,2954.46,328.27,462,39.1,0,0,0.4654,Naive Bayes
16540.0,343,1,205.75,205.75,344,344.0,1,1,0.9999,Naive Bayes
16541.0,664,1,424.03,424.03,665,665.0,1,1,1.0,Naive Bayes
16542.0,330,1,137.7,137.7,331,331.0,0,1,0.9999,Naive Bayes
16543.0,520,1,292.21,292.21,521,521.0,1,1,1.0,Naive Bayes
16544.0,448,4,376.70000000000005,94.18,592,143.0,1,1,0.9993,Naive Bayes
16545.0,93,2,689.82,344.91,305,211.0,1,1,0.9172,Naive Bayes
16546.0,219,5,5307.07,1061.41,372,50.7,1,1,0.8845,Naive Bayes
16547.0,475,1,104.25999999999999,104.26,476,476.0,1,1,1.0,Naive Bayes
16548.0,528,1,30.15,30.15,529,529.0,1,1,1.0,Naive Bayes
16549.0,18,27,9978.65,369.58,551,21.3,0,0,0.0,Naive Bayes
16550.0,37,18,8807.68,489.32,667,37.0,1,0,0.0001,Naive Bayes
16551.0,24,7,2237.12,319.59,656,105.2,1,0,0.3951,Naive Bayes
16552.0,171,2,379.73,189.86,303,131.0,1,1,0.8801,Naive Bayes
16553.0,92,33,16584.01,502.55,596,33.5,1,0,0.0,Naive Bayes
16554.0,151,7,2318.73,331.25,654,83.7,0,1,0.5501,Naive Bayes
16555.0,38,5,1781.77,356.35,435,396.0,0,1,0.9995,Naive Bayes
16556.0,34,16,7255.16,453.45,662,41.8,0,0,0.0015,Naive Bayes
16557.0,66,1,101.15,101.15,67,67.0,0,1,0.6897,Naive Bayes
16558.0,7,33,10066.93,305.06,666,21.9,0,0,0.0,Naive Bayes
16559.0,326,1,175.0,175.0,327,327.0,1,1,0.9998,Naive Bayes
16560.0,287,7,2539.15,362.74,661,62.2,0,1,0.8796,Naive Bayes
16562.0,405,1,223.85999999999999,223.86,406,406.0,1,1,1.0,Naive Bayes
16563.0,329,5,3334.82,666.96,668,84.5,0,1,0.9606,Naive Bayes
16564.0,498,1,87.8,87.8,499,499.0,1,1,1.0,Naive Bayes
16565.0,293,4,773.05,193.26,485,63.7,1,1,0.9593,Naive Bayes
16566.0,99,3,463.88,154.63,222,61.0,0,1,0.7332,Naive Bayes
16567.0,123,2,865.6,432.8,266,142.0,1,1,0.8222,Naive Bayes
16568.0,356,2,1020.9000000000001,510.45,571,214.0,1,1,0.9973,Naive Bayes
16569.0,560,4,1331.03,332.76,653,30.7,0,1,0.9999,Naive Bayes
16570.0,56,16,5829.9800000000005,364.37,549,37.8,0,0,0.005,Naive Bayes
16571.0,105,9,3723.84,413.76,561,56.9,0,0,0.2908,Naive Bayes
16572.0,56,3,1009.6,336.53,205,74.0,1,1,0.6558,Naive Bayes
16573.0,13,2,663.61,331.8,220,206.0,1,1,0.884,Naive Bayes
16574.0,0,3,1301.78,433.93,588,293.5,1,1,0.9767,Naive Bayes
16576.0,349,2,540.87,270.44,451,101.0,1,1,0.9887,Naive Bayes
16577.0,595,1,380.0,380.0,596,596.0,1,1,1.0,Naive Bayes
16578.0,555,1,156.6,156.6,556,556.0,1,1,1.0,Naive Bayes
16579.0,354,1,295.05,295.05,355,355.0,1,1,1.0,Naive Bayes
16581.0,111,1,105.84,105.84,112,112.0,1,1,0.7911,Naive Bayes
16582.0,42,1,313.62,313.62,43,43.0,1,1,0.601,Naive Bayes
16583.0,302,2,297.95,148.98,603,300.0,1,1,0.9992,Naive Bayes
16584.0,9,5,3156.17,631.23,591,145.2,1,1,0.5871,Naive Bayes
16585.0,522,2,341.59,170.8,625,102.0,1,1,0.9999,Naive Bayes
16586.0,177,3,1462.78,487.59,565,193.5,1,1,0.9213,Naive Bayes
16587.0,161,1,225.15,225.15,162,162.0,1,1,0.8992,Naive Bayes
16588.0,315,4,1361.28,340.32,504,62.7,1,1,0.9682,Naive Bayes
16589.0,0,4,612.36,153.09,380,126.3,1,1,0.7102,Naive Bayes
16590.0,329,2,605.9,302.95,344,14.0,1,1,0.9823,Naive Bayes
16592.0,65,22,5908.5599999999995,268.57,651,45.0,0,0,0.0,Naive Bayes
16593.0,118,7,996.61,142.37,664,90.8,0,1,0.5514,Naive Bayes
16594.0,4,1,181.09,181.09,5,5.0,1,1,0.6271,Naive Bayes
16595.0,305,4,1397.59,349.4,621,105.0,0,1,0.9595,Naive Bayes
16596.0,295,3,329.48,109.83,659,181.5,0,1,0.9833,Naive Bayes
16598.0,214,1,145.04999999999998,145.05,215,215.0,1,1,0.9794,Naive Bayes
16599.0,314,1,172.8,172.8,315,315.0,1,1,0.9997,Naive Bayes
16600.0,3,10,1693.09,169.31,651,71.9,0,0,0.2217,Naive Bayes
16601.0,319,2,434.3,217.15,553,233.0,0,1,0.9965,Naive Bayes
16602.0,317,1,235.25,235.25,318,318.0,0,1,0.9997,Naive Bayes
16603.0,3,2,482.47,241.24,21,17.0,1,1,0.6189,Naive Bayes
16604.0,491,2,432.45,216.22,498,6.0,1,1,0.9997,Naive Bayes
16605.0,653,1,60.48,60.48,654,654.0,1,1,1.0,Naive Bayes
16606.0,333,2,357.66,178.83,364,30.0,1,1,0.9845,Naive Bayes
16607.0,2,22,4941.1,224.6,519,25.8,0,0,0.0001,Naive Bayes
16608.0,382,2,1286.6200000000001,643.31,593,210.0,1,1,0.9985,Naive Bayes
16609.0,16,6,4029.82,671.64,182,33.0,0,0,0.4735,Naive Bayes
16610.0,148,1,75.66,75.66,149,149.0,1,1,0.8911,Naive Bayes
16611.0,115,6,1785.13,297.52,569,90.6,1,1,0.5953,Naive Bayes
16612.0,48,8,2928.07,366.01,666,88.1,0,0,0.2972,Naive Bayes
16614.0,111,3,1179.79,393.26,508,198.0,1,1,0.8835,Naive Bayes
16615.0,555,1,291.5,291.5,556,556.0,1,1,1.0,Naive Bayes
16616.0,86,1,210.10000000000002,210.1,87,87.0,0,1,0.6976,Naive Bayes
16617.0,164,1,151.85,151.85,165,165.0,1,1,0.9135,Naive Bayes
16618.0,139,4,1441.29,360.32,252,56.0,0,1,0.747,Naive Bayes
16619.0,192,4,1938.33,484.58,585,130.7,1,1,0.8359,Naive Bayes
16620.0,189,5,1675.73,335.15,668,119.5,0,1,0.7721,Naive Bayes
16621.0,76,3,609.41,203.14,207,65.0,0,1,0.6946,Naive Bayes
16622.0,472,1,225.4,225.4,473,473.0,1,1,1.0,Naive Bayes
16623.0,174,4,1015.24,253.81,522,115.7,1,1,0.8202,Naive Bayes
16624.0,9,2,810.5699999999999,405.28,127,117.0,1,1,0.6771,Naive Bayes
16625.0,203,5,1654.03,330.81,473,67.2,1,1,0.8202,Naive Bayes
16626.0,2,9,2662.74,295.86,196,24.1,0,0,0.3541,Naive Bayes
16627.0,8,1,322.8,322.8,9,9.0,1,1,0.5939,Naive Bayes
16628.0,35,6,1749.89,291.65,571,107.0,0,1,0.5184,Naive Bayes
16629.0,2,2,408.63,204.32,26,23.0,1,1,0.6244,Naive Bayes
16630.0,336,1,106.80000000000001,106.8,337,337.0,1,1,0.9999,Naive Bayes
16631.0,410,7,1892.52,270.36,581,34.0,1,1,0.9935,Naive Bayes
16632.0,414,2,406.4,203.2,511,96.0,1,1,0.9975,Naive Bayes
16633.0,7,4,1509.0,377.25,164,52.0,0,1,0.5982,Naive Bayes
16634.0,151,6,1649.81,274.97,617,93.0,1,1,0.6539,Naive Bayes
16635.0,335,1,473.0,473.0,336,336.0,1,1,0.9999,Naive Bayes
16636.0,367,4,3802.04,950.51,576,69.3,1,1,0.9918,Naive Bayes
16637.0,52,2,530.55,265.27,155,102.0,0,1,0.6903,Naive Bayes
16638.0,28,14,2250.35,160.74,408,31.6,0,0,0.0678,Naive Bayes
16639.0,135,3,961.62,320.54,339,101.5,0,1,0.7773,Naive Bayes
16640.0,326,1,179.4,179.4,327,327.0,1,1,0.9998,Naive Bayes
16641.0,34,2,554.5,277.25,631,596.0,1,1,1.0,Naive Bayes
16642.0,136,2,696.85,348.42,345,208.0,0,1,0.9337,Naive Bayes
16643.0,174,2,923.11,461.56,352,177.0,1,1,0.9216,Naive Bayes
16644.0,106,2,833.78,416.89,142,35.0,1,1,0.7004,Naive Bayes
16645.0,664,1,160.39,160.39,665,665.0,1,1,1.0,Naive Bayes
16646.0,378,1,678.8,678.8,379,379.0,1,1,1.0,Naive Bayes
16647.0,98,4,541.9,135.48,474,125.0,1,1,0.7582,Naive Bayes
16648.0,384,2,382.14,191.07,520,135.0,0,1,0.9961,Naive Bayes
16649.0,449,1,306.58000000000004,306.58,450,450.0,1,1,1.0,Naive Bayes
16650.0,0,7,1916.11,273.73,449,89.6,1,0,0.4839,Naive Bayes
16651.0,515,1,136.2,136.2,516,516.0,1,1,1.0,Naive Bayes
16652.0,38,14,15302.29,1093.02,562,52.3,0,0,0.0,Naive Bayes
16653.0,0,1,1117.86,1117.86,1,1.0,0,1,0.8569,Naive Bayes
16654.0,70,8,1484.07,185.51,542,67.3,1,0,0.4445,Naive Bayes
16655.0,4,11,5539.94,503.63,607,60.2,0,0,0.0584,Naive Bayes
16656.0,8,27,15677.630000000001,580.65,665,27.3,0,0,0.0,Naive Bayes
16657.0,77,2,414.79,207.4,184,106.0,0,1,0.7321,Naive Bayes
16658.0,297,5,680.83,136.17,549,62.8,1,1,0.9572,Naive Bayes
16659.0,118,1,39.12,39.12,119,119.0,1,1,0.8288,Naive Bayes
16660.0,139,5,996.26,199.25,624,121.0,0,1,0.7219,Naive Bayes
16661.0,469,4,932.76,233.19,652,60.7,1,1,0.9991,Naive Bayes
16662.0,323,1,151.05,151.05,324,324.0,1,1,0.9998,Naive Bayes
16663.0,658,1,165.0,165.0,659,659.0,1,1,1.0,Naive Bayes
16664.0,498,1,109.2,109.2,499,499.0,1,1,1.0,Naive Bayes
16665.0,291,1,135.39999999999998,135.4,292,292.0,1,1,0.9991,Naive Bayes
16666.0,550,1,98.73,98.73,551,551.0,0,1,1.0,Naive Bayes
16667.0,213,1,200.4,200.4,214,214.0,0,1,0.9771,Naive Bayes
16668.0,45,12,822.22,68.52,561,51.5,0,0,0.1678,Naive Bayes
16669.0,7,1,720.94,720.94,8,8.0,0,1,0.6521,Naive Bayes
16670.0,35,17,7174.22,422.01,659,44.5,0,0,0.0008,Naive Bayes
16671.0,93,1,1382.88,1382.88,94,94.0,0,1,0.9699,Naive Bayes
16672.0,1,18,7327.34,407.07,196,12.9,0,0,0.0007,Naive Bayes
16673.0,608,1,171.13,171.13,609,609.0,1,1,1.0,Naive Bayes
16674.0,27,1,115.1,115.1,28,28.0,0,1,0.6449,Naive Bayes
16675.0,370,2,608.86,304.43,408,37.0,1,1,0.9919,Naive Bayes
16676.0,142,5,1868.28,373.66,348,51.2,0,1,0.7158,Naive Bayes
16677.0,340,2,880.62,440.31,582,241.0,1,1,0.9978,Naive Bayes
16678.0,27,8,2137.3,267.16,212,26.3,0,0,0.4535,Naive Bayes
16679.0,295,3,663.31,221.1,477,90.5,1,1,0.9651,Naive Bayes
16680.0,457,2,637.75,318.88,464,6.0,0,1,0.9992,Naive Bayes
16681.0,1,7,1921.84,274.55,571,94.8,1,0,0.4364,Naive Bayes
16682.0,21,3,810.22,270.07,117,47.5,0,1,0.6266,Naive Bayes
16683.0,462,1,320.25,320.25,463,463.0,1,1,1.0,Naive Bayes
16684.0,62,45,114372.71,2541.62,662,21.4,0,0,0.0,Naive Bayes
16686.0,27,15,4321.13,288.08,663,52.9,0,0,0.0129,Naive Bayes
16687.0,319,1,157.63,157.63,320,320.0,1,1,0.9998,Naive Bayes
16689.0,4,2,422.59999999999997,211.3,12,7.0,1,1,0.6337,Naive Bayes
16690.0,1,4,353.03,88.26,381,126.3,1,1,0.7299,Naive Bayes
16691.0,347,2,178.83,89.42,491,143.0,1,1,0.9932,Naive Bayes
16692.0,185,4,1764.6999999999998,441.17,371,61.7,1,1,0.8131,Naive Bayes
16693.0,200,4,855.03,213.76,586,128.3,0,1,0.8655,Naive Bayes
16694.0,652,1,98.30000000000001,98.3,653,653.0,1,1,1.0,Naive Bayes
16695.0,490,2,191.9,95.95,491,491.0,1,1,1.0,Naive Bayes
16696.0,64,4,657.9000000000001,164.48,178,37.7,1,1,0.6802,Naive Bayes
16697.0,170,1,112.75,112.75,171,171.0,1,1,0.9292,Naive Bayes
16698.0,155,2,1998.0,999.0,183,27.0,1,1,0.9005,Naive Bayes
16699.0,309,7,994.6,142.09,665,59.2,1,1,0.9387,Naive Bayes
16700.0,9,23,8177.84,355.56,667,34.6,0,0,0.0,Naive Bayes
16701.0,58,23,8568.85,372.56,668,29.0,0,0,0.0,Naive Bayes
16702.0,344,4,1109.53,277.38,662,105.7,1,1,0.9806,Naive Bayes
16704.0,547,2,664.16,332.08,602,54.0,1,1,0.9999,Naive Bayes
16705.0,3,34,39640.83,1165.91,660,31.2,0,0,0.0,Naive Bayes
16706.0,27,2,411.55,205.78,44,16.0,0,1,0.642,Naive Bayes
16707.0,329,4,533.41,133.35,570,80.0,1,1,0.979,Naive Bayes
16709.0,13,14,9056.01,646.86,660,58.7,1,0,0.0014,Naive Bayes
16710.0,3,20,5538.14,276.91,665,34.8,0,0,0.0002,Naive Bayes
16711.0,69,7,2127.32,303.9,667,99.5,0,0,0.4223,Naive Bayes
16712.0,24,10,3111.37,311.14,331,43.7,0,0,0.2534,Naive Bayes
16713.0,2,29,11793.5,406.67,654,24.1,0,0,0.0,Naive Bayes
16714.0,246,3,1482.33,494.11,600,353.0,1,1,0.9996,Naive Bayes
16715.0,7,2,625.52,312.76,492,484.0,1,1,1.0,Naive Bayes
16716.0,195,3,2149.6800000000003,716.56,560,182.0,1,1,0.9352,Naive Bayes
16717.0,24,12,4380.26,365.02,662,70.8,0,0,0.0567,Naive Bayes
16718.0,298,5,3006.08,601.22,663,91.0,1,1,0.9319,Naive Bayes
16719.0,3,13,3222.15,247.86,656,54.3,0,0,0.0516,Naive Bayes
16720.0,305,2,413.79,206.9,652,346.0,0,1,0.9998,Naive Bayes
16721.0,191,1,292.47,292.47,192,192.0,1,1,0.9506,Naive Bayes
16722.0,28,19,7115.33,374.49,666,35.4,0,0,0.0002,Naive Bayes
16723.0,20,4,1231.36,307.84,665,214.7,1,1,0.8273,Naive Bayes
16724.0,333,1,147.35,147.35,334,334.0,1,1,0.9999,Naive Bayes
16725.0,231,13,1686.81,129.75,656,38.5,1,0,0.3251,Naive Bayes
16726.0,125,6,1482.3,247.05,341,53.8,0,1,0.6794,Naive Bayes
16727.0,293,4,1377.77,344.44,618,108.0,1,1,0.9511,Naive Bayes
16728.0,95,3,548.31,182.77,194,49.0,0,1,0.7184,Naive Bayes
16729.0,14,18,5694.4,316.36,171,10.4,0,0,0.0019,Naive Bayes
16730.0,163,2,480.94,240.47,249,85.0,0,1,0.8216,Naive Bayes
16731.0,577,1,170.3,170.3,578,578.0,1,1,1.0,Naive Bayes
16732.0,332,3,3783.89,1261.3,661,164.0,0,1,0.9973,Naive Bayes
16733.0,458,1,259.68,259.68,459,459.0,1,1,1.0,Naive Bayes
16734.0,43,2,302.40999999999997,151.2,44,44.0,0,1,0.6557,Naive Bayes
16735.0,7,14,6217.41,444.1,661,59.4,1,0,0.009,Naive Bayes
16736.0,434,5,2956.56,591.31,666,57.8,1,1,0.9965,Naive Bayes
16737.0,506,1,417.59999999999997,417.6,507,507.0,0,1,1.0,Naive Bayes
16738.0,226,1,3.75,3.75,227,227.0,1,1,0.9896,Naive Bayes
16739.0,105,2,786.43,393.22,466,360.0,1,1,0.9987,Naive Bayes
16740.0,324,1,226.91,226.91,325,325.0,1,1,0.9998,Naive Bayes
16741.0,554,1,173.06,173.06,555,555.0,1,1,1.0,Naive Bayes
16742.0,421,13,2334.97,179.61,653,19.2,1,1,0.9575,Naive Bayes
16743.0,42,13,3859.92,296.92,526,43.9,0,0,0.0598,Naive Bayes
16744.0,4,4,620.18,155.04,103,32.7,0,1,0.6426,Naive Bayes
16745.0,15,17,7180.7,422.39,241,14.1,1,0,0.0016,Naive Bayes
16746.0,4,38,16669.24,438.66,665,18.3,0,0,0.0,Naive Bayes
16748.0,146,12,3031.63,252.64,659,46.5,0,0,0.1591,Naive Bayes
16749.0,520,2,4157.88,2078.94,654,133.0,1,1,1.0,Naive Bayes
16750.0,2,4,509.19,127.3,162,53.0,0,1,0.6544,Naive Bayes
16752.0,301,1,207.5,207.5,302,302.0,1,1,0.9994,Naive Bayes
16754.0,301,29,65500.07,2258.62,571,14.9,1,0,0.0,Naive Bayes
16755.0,43,7,2864.68,409.24,660,102.7,1,0,0.3694,Naive Bayes
16756.0,143,7,1312.3700000000001,187.48,570,71.0,1,1,0.6212,Naive Bayes
16757.0,247,2,270.48,135.24,339,91.0,1,1,0.94,Naive Bayes
16760.0,359,1,228.0,228.0,360,360.0,1,1,1.0,Naive Bayes
16761.0,25,1,316.62,316.62,26,26.0,1,1,0.5915,Naive Bayes
16762.0,73,1,314.15000000000003,314.15,74,74.0,0,1,0.6482,Naive Bayes
16763.0,127,2,964.6999999999999,482.35,668,540.0,1,1,1.0,Naive Bayes
16764.0,1,6,1084.07,180.68,73,14.2,0,1,0.5883,Naive Bayes
16765.0,223,2,454.75,227.38,312,88.0,1,1,0.9069,Naive Bayes
16766.0,202,2,1145.6,572.8,203,203.0,1,1,0.9675,Naive Bayes
16767.0,22,11,7297.31,663.39,520,49.7,0,0,0.0309,Naive Bayes
16768.0,32,8,1506.97,188.37,662,89.9,0,0,0.3633,Naive Bayes
16769.0,189,4,1117.05,279.26,655,232.5,1,1,0.9608,Naive Bayes
16770.0,165,8,1671.21,208.9,404,34.0,0,1,0.6648,Naive Bayes
16771.0,4,9,3776.8,419.64,660,81.9,0,0,0.1862,Naive Bayes
16772.0,352,3,3698.0499999999997,1232.68,651,149.0,1,1,0.9976,Naive Bayes
16773.0,365,2,249.65,124.82,663,297.0,0,1,0.9997,Naive Bayes
16774.0,45,7,1448.16,206.88,591,90.8,0,0,0.468,Naive Bayes
16775.0,1,14,2487.41,177.67,372,28.5,0,0,0.0645,Naive Bayes
16776.0,344,1,220.97,220.97,345,345.0,0,1,0.9999,Naive Bayes
16777.0,9,5,1292.18,258.44,562,138.0,1,1,0.6277,Naive Bayes
16778.0,3,2,245.94,122.97,204,200.0,1,1,0.8926,Naive Bayes
16779.0,0,47,29465.59,626.93,666,14.8,0,0,0.0,Naive Bayes
16780.0,29,3,596.4,198.8,337,153.5,1,1,0.781,Naive Bayes
16781.0,301,2,623.0,311.5,599,297.0,1,1,0.9989,Naive Bayes
16782.0,6,35,9160.52,261.73,660,20.4,0,0,0.0,Naive Bayes
16783.0,365,1,391.95,391.95,366,366.0,1,1,1.0,Naive Bayes
16784.0,305,4,784.73,196.18,551,81.7,0,1,0.9652,Naive Bayes
16785.0,338,1,533.78,533.78,339,339.0,1,1,0.9999,Naive Bayes
16786.0,322,1,51.839999999999996,51.84,323,323.0,1,1,0.9998,Naive Bayes
16787.0,326,4,1017.53,254.38,628,100.3,1,1,0.9737,Naive Bayes
16788.0,52,5,1927.28,385.46,600,136.8,1,1,0.6034,Naive Bayes
16791.0,51,13,3030.97,233.15,666,61.4,0,0,0.0596,Naive Bayes
16792.0,211,5,623.46,124.69,634,140.7,1,1,0.887,Naive Bayes
16794.0,18,10,1550.75,155.07,554,59.4,0,0,0.2669,Naive Bayes
16795.0,294,3,2062.41,687.47,613,159.0,1,1,0.9763,Naive Bayes
16796.0,18,1,305.62,305.62,19,19.0,1,1,0.5928,Naive Bayes
16797.0,322,5,1802.02,360.4,667,86.0,1,1,0.9589,Naive Bayes
16798.0,483,3,841.16,280.39,659,87.5,1,1,0.9994,Naive Bayes
16799.0,361,2,452.78000000000003,226.39,383,21.0,1,1,0.9911,Naive Bayes
16801.0,92,4,1594.23,398.56,203,36.7,1,1,0.6699,Naive Bayes
16802.0,608,2,582.61,291.3,660,51.0,1,1,1.0,Naive Bayes
16804.0,199,1,118.05,118.05,200,200.0,0,1,0.968,Naive Bayes
16805.0,102,4,1076.34,269.08,655,184.0,1,1,0.804,Naive Bayes
16806.0,32,4,736.21,184.05,169,45.3,1,1,0.6478,Naive Bayes
16807.0,71,6,2123.88,353.98,553,96.2,1,1,0.5266,Naive Bayes
16808.0,28,2,288.42,144.21,204,175.0,1,1,0.8447,Naive Bayes
16809.0,65,7,1283.43,183.35,535,78.2,0,1,0.512,Naive Bayes
16810.0,121,2,842.0400000000001,421.02,350,228.0,1,1,0.9488,Naive Bayes
16812.0,289,4,2392.0,598.0,312,7.3,1,1,0.9608,Naive Bayes
16813.0,7,8,1259.09,157.39,134,18.0,0,0,0.4975,Naive Bayes
16814.0,16,32,11186.24,349.57,537,16.8,0,0,0.0,Naive Bayes
16815.0,382,2,406.02,203.01,466,83.0,1,1,0.9944,Naive Bayes
16816.0,32,4,417.06,104.26,288,85.0,1,1,0.6884,Naive Bayes
16817.0,114,11,2135.38,194.13,361,24.6,0,0,0.3239,Naive Bayes
16818.0,0,10,3221.81,322.18,135,14.9,0,0,0.2603,Naive Bayes
16819.0,394,2,182.59,91.3,395,395.0,1,1,1.0,Naive Bayes
16820.0,24,1,497.61,497.61,25,25.0,1,1,0.5899,Naive Bayes
16821.0,310,1,113.35,113.35,311,311.0,1,1,0.9997,Naive Bayes
16822.0,615,1,181.39,181.39,616,616.0,1,1,1.0,Naive Bayes
16823.0,156,7,2243.09,320.44,667,85.0,1,1,0.5595,Naive Bayes
16824.0,93,2,448.5,224.25,323,229.0,0,1,0.9458,Naive Bayes
16825.0,114,4,1370.41,342.6,464,116.3,0,1,0.7271,Naive Bayes
16827.0,322,5,387.18,77.44,519,49.0,1,1,0.9766,Naive Bayes
16828.0,41,1,113.5,113.5,42,42.0,1,1,0.653,Naive Bayes
16829.0,85,2,513.32,256.66,318,232.0,1,1,0.9454,Naive Bayes
16830.0,371,3,881.59,293.86,656,142.0,0,1,0.9928,Naive Bayes
16831.0,493,1,91.8,91.8,494,494.0,1,1,1.0,Naive Bayes
16832.0,113,5,417.61,83.52,388,68.5,1,1,0.7331,Naive Bayes
16833.0,188,5,1973.8,394.76,553,121.3,0,1,0.8104,Naive Bayes
16834.0,156,2,898.96,449.48,604,447.0,1,1,1.0,Naive Bayes
16835.0,57,6,1456.66,242.78,499,88.2,1,1,0.5581,Naive Bayes
16836.0,45,3,621.82,207.27,504,229.0,0,1,0.9192,Naive Bayes
16837.0,86,9,1911.74,212.42,175,14.7,0,0,0.473,Naive Bayes
16838.0,126,4,1159.61,289.9,593,155.3,1,1,0.7852,Naive Bayes
16839.0,3,35,17791.84,508.34,596,17.9,0,0,0.0,Naive Bayes
16840.0,532,2,139.85,69.92,604,71.0,1,1,0.9999,Naive Bayes
16841.0,66,11,3697.3,336.12,626,55.9,0,0,0.1245,Naive Bayes
16842.0,29,3,1264.19,421.4,232,101.0,1,1,0.6604,Naive Bayes
16843.0,22,32,18184.1,568.25,659,26.5,0,0,0.0,Naive Bayes
16844.0,491,2,614.34,307.17,512,20.0,1,1,0.9997,Naive Bayes
16845.0,547,1,253.88,253.88,548,548.0,1,1,1.0,Naive Bayes
16846.0,506,2,628.09,314.04,569,62.0,0,1,0.9998,Naive Bayes
16847.0,547,1,421.45000000000005,421.45,548,548.0,0,1,1.0,Naive Bayes
16848.0,305,3,1130.2,376.73,362,56.0,0,1,0.9689,Naive Bayes
16849.0,115,1,124.57,124.57,116,116.0,1,1,0.7967,Naive Bayes
16850.0,262,1,332.41,332.41,263,263.0,1,1,0.9961,Naive Bayes
16852.0,105,1,113.06,113.06,106,106.0,0,1,0.7732,Naive Bayes
16854.0,346,2,1408.96,704.48,570,223.0,1,1,0.9977,Naive Bayes
16856.0,346,2,323.09000000000003,161.55,372,25.0,0,1,0.9886,Naive Bayes
16857.0,371,1,352.8,352.8,372,372.0,1,1,1.0,Naive Bayes
16858.0,297,10,4292.59,429.26,654,39.6,1,1,0.7059,Naive Bayes
16859.0,73,7,1932.41,276.06,575,100.2,1,0,0.4945,Naive Bayes
16860.0,381,3,1610.62,536.87,592,105.0,1,1,0.9929,Naive Bayes
16861.0,87,4,843.63,210.91,438,116.7,0,1,0.7217,Naive Bayes
16862.0,476,4,662.33,165.58,631,51.3,1,1,0.9993,Naive Bayes
16863.0,295,2,495.72,247.86,339,43.0,0,1,0.9653,Naive Bayes
16864.0,363,2,409.25,204.62,528,164.0,1,1,0.9954,Naive Bayes
16865.0,330,1,130.95,130.95,331,331.0,1,1,0.9999,Naive Bayes
16866.0,69,3,207.73999999999998,69.25,91,10.5,1,1,0.732,Naive Bayes
16867.0,618,1,76.74000000000001,76.74,619,619.0,1,1,1.0,Naive Bayes
16868.0,323,3,384.56,128.19,523,99.5,1,1,0.9813,Naive Bayes
16869.0,94,2,387.68,193.84,105,10.0,0,1,0.7224,Naive Bayes
16870.0,398,1,450.15999999999997,450.16,399,399.0,1,1,1.0,Naive Bayes
16871.0,18,5,2367.26,473.45,200,60.3,0,1,0.563,Naive Bayes
16872.0,6,6,1213.13,202.19,393,77.2,1,1,0.5645,Naive Bayes
16873.0,56,10,11365.24,1136.52,598,60.1,0,0,0.0044,Naive Bayes
16874.0,308,1,209.89000000000001,209.89,309,309.0,1,1,0.9996,Naive Bayes
16875.0,73,10,3277.2,327.72,633,79.9,0,0,0.2016,Naive Bayes
16876.0,332,1,136.01,136.01,333,333.0,1,1,0.9999,Naive Bayes
16877.0,81,2,188.98,94.49,138,56.0,0,1,0.724,Naive Bayes
16878.0,13,1,13.3,13.3,14,14.0,1,1,0.69,Naive Bayes
16880.0,28,7,1414.9,202.13,423,78.8,0,1,0.5183,Naive Bayes
16882.0,168,2,215.70000000000002,107.85,247,78.0,0,1,0.8486,Naive Bayes
16883.0,116,19,2246.06,118.21,665,32.2,1,0,0.0027,Naive Bayes
16884.0,485,2,641.13,320.56,500,14.0,0,1,0.9996,Naive Bayes
16885.0,286,2,410.89,205.44,315,28.0,0,1,0.9622,Naive Bayes
16886.0,385,1,134.0,134.0,386,386.0,1,1,1.0,Naive Bayes
16887.0,329,2,465.84000000000003,232.92,668,338.0,0,1,0.9998,Naive Bayes
16888.0,329,3,434.2,144.73,631,150.5,1,1,0.9869,Naive Bayes
16889.0,123,6,2526.65,421.11,495,74.2,1,1,0.5951,Naive Bayes
16890.0,405,3,277.91,92.64,512,53.0,1,1,0.9969,Naive Bayes
16891.0,24,9,1501.3,166.81,665,80.0,0,0,0.2918,Naive Bayes
16892.0,112,3,339.54,113.18,661,274.0,0,1,0.976,Naive Bayes
16893.0,295,2,249.47,124.74,306,10.0,1,1,0.9728,Naive Bayes
16894.0,431,3,1306.96,435.65,465,33.0,1,1,0.9981,Naive Bayes
16895.0,367,4,900.63,225.16,595,75.7,0,1,0.989,Naive Bayes
16896.0,484,1,103.95,103.95,485,485.0,1,1,1.0,Naive Bayes
16897.0,228,2,289.78,144.89,243,14.0,1,1,0.9196,Naive Bayes
16898.0,106,4,697.95,174.49,506,133.0,0,1,0.7635,Naive Bayes
16899.0,18,6,1012.44,168.74,327,61.6,0,1,0.5844,Naive Bayes
16901.0,658,1,204.26,204.26,659,659.0,1,1,1.0,Naive Bayes
16902.0,45,1,1706.88,1706.88,46,46.0,1,1,0.9942,Naive Bayes
16903.0,309,2,678.55,339.28,345,35.0,0,1,0.9717,Naive Bayes
16904.0,37,18,3951.36,219.52,341,20.2,0,0,0.004,Naive Bayes
16905.0,165,13,2488.85,191.45,659,44.8,0,0,0.1452,Naive Bayes
16906.0,10,7,1410.07,201.44,505,98.8,1,1,0.505,Naive Bayes
16907.0,77,8,1201.1200000000001,150.14,456,54.0,0,1,0.5,Naive Bayes
16908.0,651,1,252.59,252.59,652,652.0,1,1,1.0,Naive Bayes
16909.0,1,1,379.14,379.14,2,2.0,1,1,0.594,Naive Bayes
16910.0,6,4,755.08,188.77,21,4.7,0,1,0.64,Naive Bayes
16911.0,564,2,255.25,127.62,591,26.0,1,1,1.0,Naive Bayes
16912.0,63,11,3443.51,313.05,660,85.1,0,0,0.1322,Naive Bayes
16913.0,219,3,423.90999999999997,141.3,581,361.0,1,1,0.9996,Naive Bayes
16915.0,56,9,1303.89,144.88,499,55.2,0,0,0.3907,Naive Bayes
16916.0,301,3,530.14,176.71,345,21.5,0,1,0.9724,Naive Bayes
16917.0,205,2,1851.88,925.94,562,356.0,1,1,0.9997,Naive Bayes
16918.0,24,13,2960.42,227.72,666,58.3,0,0,0.0561,Naive Bayes
16919.0,85,24,4909.66,204.57,407,15.3,1,0,0.0,Naive Bayes
16920.0,340,1,355.45,355.45,341,341.0,1,1,0.9999,Naive Bayes
16921.0,371,2,255.03,127.52,530,158.0,0,1,0.9963,Naive Bayes
16922.0,501,1,611.08,611.08,502,502.0,1,1,1.0,Naive Bayes
16923.0,28,27,10851.99,401.93,607,24.1,0,0,0.0,Naive Bayes
16924.0,13,1,271.11,271.11,14,14.0,0,1,0.5998,Naive Bayes
16925.0,469,1,125.65,125.65,470,470.0,1,1,1.0,Naive Bayes
16926.0,300,5,1169.6100000000001,233.92,456,38.8,1,1,0.9602,Naive Bayes
16927.0,44,3,543.05,181.02,291,123.0,1,1,0.7357,Naive Bayes
16928.0,9,26,3798.08,146.08,604,23.8,1,0,0.0,Naive Bayes
16929.0,0,3,539.72,179.91,85,42.0,0,1,0.6381,Naive Bayes
16931.0,4,17,3631.32,213.61,327,20.1,0,0,0.0085,Naive Bayes
16932.0,352,2,262.32,131.16,501,148.0,0,1,0.9937,Naive Bayes
16933.0,168,8,2760.8,345.1,660,81.8,0,1,0.5105,Naive Bayes
16934.0,312,4,1152.1100000000001,288.03,551,79.3,0,1,0.9663,Naive Bayes
16935.0,310,3,530.86,176.95,351,20.0,1,1,0.9767,Naive Bayes
16936.0,314,1,286.39,286.39,315,315.0,0,1,0.9997,Naive Bayes
16937.0,428,1,196.25,196.25,429,429.0,1,1,1.0,Naive Bayes
16938.0,108,8,6669.7300000000005,833.72,590,68.7,0,0,0.1898,Naive Bayes
16939.0,417,3,433.85,144.62,579,80.5,1,1,0.9973,Naive Bayes
16940.0,98,7,5246.14,749.45,661,93.7,0,0,0.3136,Naive Bayes
16941.0,540,1,33.0,33.0,541,541.0,1,1,1.0,Naive Bayes
16942.0,65,7,1439.44,205.63,157,18.2,0,1,0.58,Naive Bayes
16943.0,140,3,816.73,272.24,248,53.5,1,1,0.7676,Naive Bayes
16944.0,538,1,101.36,101.36,539,539.0,1,1,1.0,Naive Bayes
16945.0,14,28,7495.2,267.69,660,33.9,0,0,0.0,Naive Bayes
16946.0,312,5,1222.04,244.41,577,66.0,1,1,0.961,Naive Bayes
16947.0,164,4,946.71,236.68,576,137.0,1,1,0.8211,Naive Bayes
16948.0,67,7,868.77,124.11,586,86.3,1,1,0.5201,Naive Bayes
16949.0,114,4,893.75,223.44,246,43.7,0,1,0.7269,Naive Bayes
16950.0,53,9,3133.62,348.18,614,70.0,0,0,0.2494,Naive Bayes
16951.0,63,3,1277.75,425.92,234,85.0,1,1,0.6661,Naive Bayes
16952.0,38,5,795.83,159.17,658,206.3,1,1,0.8221,Naive Bayes
16954.0,53,15,5242.18,349.48,620,40.4,0,0,0.0104,Naive Bayes
16955.0,113,6,1120.31,186.72,607,98.6,1,1,0.6174,Naive Bayes
16957.0,168,2,416.64,208.32,211,42.0,1,1,0.8219,Naive Bayes
16958.0,364,1,778.49,778.49,365,365.0,1,1,1.0,Naive Bayes
16959.0,16,1,117.35000000000001,117.35,17,17.0,1,1,0.6438,Naive Bayes
16960.0,181,6,1683.41,280.57,577,79.0,0,1,0.7269,Naive Bayes
16961.0,45,3,794.56,264.85,462,208.0,1,1,0.881,Naive Bayes
16962.0,338,1,251.04,251.04,339,339.0,1,1,0.9999,Naive Bayes
16963.0,116,1,110.55000000000001,110.55,117,117.0,1,1,0.8031,Naive Bayes
16964.0,662,2,207.85,103.92,663,663.0,1,1,1.0,Naive Bayes
16965.0,155,1,192.07,192.07,156,156.0,1,1,0.8889,Naive Bayes
16966.0,99,4,1486.56,371.64,170,23.3,0,1,0.6878,Naive Bayes
16967.0,118,1,319.02,319.02,119,119.0,1,1,0.7696,Naive Bayes
16968.0,36,1,253.31,253.31,37,37.0,0,1,0.607,Naive Bayes
16969.0,63,2,478.96000000000004,239.48,121,57.0,0,1,0.6625,Naive Bayes
16970.0,555,1,71.4,71.4,556,556.0,1,1,1.0,Naive Bayes
16972.0,311,2,749.0,374.5,386,74.0,1,1,0.9725,Naive Bayes
16973.0,315,1,127.0,127.0,316,316.0,1,1,0.9997,Naive Bayes
16974.0,451,2,365.5,182.75,494,42.0,1,1,0.999,Naive Bayes
16975.0,352,3,926.12,308.71,435,41.0,1,1,0.9874,Naive Bayes
16976.0,196,1,251.51999999999998,251.52,197,197.0,1,1,0.9586,Naive Bayes
16977.0,324,4,496.0,124.0,561,118.0,1,1,0.9824,Naive Bayes
16978.0,6,3,768.88,256.29,596,589.0,1,1,1.0,Naive Bayes
16979.0,76,5,1563.39,312.68,380,75.8,0,1,0.6249,Naive Bayes
16980.0,184,3,1422.8300000000002,474.28,358,86.5,1,1,0.8358,Naive Bayes
16983.0,25,9,2770.0099999999998,307.78,376,43.8,0,0,0.328,Naive Bayes
16984.0,17,9,10350.53,1150.06,572,69.2,1,0,0.0179,Naive Bayes
16985.0,17,21,9539.48,454.26,659,42.7,0,0,0.0,Naive Bayes
16986.0,374,9,3015.55,335.06,603,76.0,0,1,0.9679,Naive Bayes
16987.0,99,7,1512.1,216.01,667,94.5,0,0,0.4911,Naive Bayes
16988.0,308,1,256.55,256.55,309,309.0,0,1,0.9996,Naive Bayes
16989.0,8,3,928.6500000000001,309.55,80,35.5,0,1,0.6118,Naive Bayes
16990.0,147,2,344.0,172.0,352,204.0,1,1,0.9433,Naive Bayes
16991.0,350,1,1041.21,1041.21,351,351.0,1,1,1.0,Naive Bayes
16992.0,27,11,4834.54,439.5,596,56.8,0,0,0.081,Naive Bayes
16993.0,392,2,1950.9499999999998,975.47,506,113.0,1,1,0.9981,Naive Bayes
16996.0,50,8,1708.43,213.55,347,49.3,0,0,0.473,Naive Bayes
16997.0,217,3,702.0,234.0,255,18.5,1,1,0.8971,Naive Bayes
16998.0,78,5,402.0,80.4,374,98.3,1,1,0.7188,Naive Bayes
16999.0,3,1,245.83,245.83,4,4.0,0,1,0.6106,Naive Bayes
17000.0,325,2,406.3,203.15,338,12.0,1,1,0.9826,Naive Bayes
17001.0,20,16,5444.72,340.3,554,38.1,0,0,0.0054,Naive Bayes
17002.0,14,7,2571.55,367.36,571,111.2,1,0,0.4339,Naive Bayes
17003.0,331,4,828.21,207.05,508,88.0,1,1,0.9811,Naive Bayes
17004.0,21,3,1917.82,639.27,354,166.0,0,1,0.7972,Naive Bayes
17005.0,399,2,622.36,311.18,518,118.0,1,1,0.9965,Naive Bayes
17006.0,4,5,1134.25,226.85,574,142.2,0,1,0.6401,Naive Bayes
17007.0,84,6,805.61,134.27,367,70.5,0,1,0.6523,Naive Bayes
17008.0,358,1,81.36,81.36,359,359.0,1,1,1.0,Naive Bayes
17009.0,480,1,242.06,242.06,481,481.0,1,1,1.0,Naive Bayes
17011.0,576,2,400.8,200.4,581,4.0,0,1,1.0,Naive Bayes
17012.0,654,1,360.61,360.61,655,655.0,1,1,1.0,Naive Bayes
17015.0,0,2,1566.03,783.02,115,114.0,0,1,0.7427,Naive Bayes
17016.0,505,1,552.4,552.4,506,506.0,1,1,1.0,Naive Bayes
17017.0,1,24,10129.05,422.04,666,41.5,0,0,0.0,Naive Bayes
17018.0,254,5,1772.6,354.52,664,102.2,0,1,0.8816,Naive Bayes
17019.0,190,10,3324.84,332.48,667,59.5,0,0,0.3741,Naive Bayes
17020.0,471,2,935.62,467.81,576,104.0,1,1,0.9994,Naive Bayes
17021.0,371,6,1182.22,197.04,519,29.4,1,1,0.9891,Naive Bayes
17022.0,361,1,189.0,189.0,362,362.0,0,1,1.0,Naive Bayes
17023.0,346,3,800.18,266.73,627,140.0,1,1,0.9882,Naive Bayes
17024.0,28,2,56.25,28.12,87,58.0,0,1,0.7021,Naive Bayes
17025.0,302,4,1152.87,288.22,571,134.0,0,1,0.9714,Naive Bayes
17026.0,114,3,175.82999999999998,58.61,347,116.0,1,1,0.8168,Naive Bayes
17027.0,7,9,1310.63,145.63,659,93.0,1,0,0.3115,Naive Bayes
17028.0,510,3,1593.83,531.28,651,70.0,1,1,0.9997,Naive Bayes
17029.0,39,7,2137.3,305.33,593,92.2,1,0,0.4268,Naive Bayes
17031.0,83,5,2619.45,523.89,511,106.8,0,1,0.6005,Naive Bayes
17032.0,532,5,2896.69,579.34,659,42.0,1,1,0.9998,Naive Bayes
17033.0,15,4,1332.79,333.2,327,103.7,1,1,0.6428,Naive Bayes
17034.0,8,4,895.78,223.94,443,144.7,0,1,0.7189,Naive Bayes
17035.0,174,4,613.59,153.4,666,163.7,1,1,0.8649,Naive Bayes
17036.0,312,1,176.9,176.9,313,313.0,1,1,0.9997,Naive Bayes
17037.0,16,1,1267.32,1267.32,17,17.0,1,1,0.9178,Naive Bayes
17038.0,344,1,630.77,630.77,345,345.0,0,1,0.9999,Naive Bayes
17039.0,533,1,1954.99,1954.99,534,534.0,1,1,1.0,Naive Bayes
17040.0,66,2,463.25,231.62,480,413.0,1,1,0.9998,Naive Bayes
17041.0,37,5,1334.6,266.92,530,164.0,0,1,0.7248,Naive Bayes
17042.0,50,4,915.02,228.76,177,42.0,0,1,0.6493,Naive Bayes
17043.0,107,6,1183.44,197.24,660,110.4,0,1,0.5916,Naive Bayes
17044.0,303,11,11013.82,1001.26,662,39.8,0,0,0.0391,Naive Bayes
17045.0,42,5,827.6800000000001,165.54,359,79.0,1,1,0.6382,Naive Bayes
17046.0,86,5,1906.07,381.21,550,154.3,1,1,0.7132,Naive Bayes
17047.0,14,6,2289.23,381.54,661,161.5,1,1,0.5739,Naive Bayes
17048.0,46,7,2071.68,295.95,620,95.5,1,0,0.425,Naive Bayes
17049.0,13,16,7529.34,470.58,575,46.8,0,0,0.0015,Naive Bayes
17050.0,25,11,4648.59,422.6,612,58.6,1,0,0.0836,Naive Bayes
17051.0,123,4,706.49,176.62,558,144.7,1,1,0.7912,Naive Bayes
17053.0,59,1,498.48,498.48,60,60.0,1,1,0.6206,Naive Bayes
17054.0,66,4,1207.32,301.83,175,36.0,0,1,0.6504,Naive Bayes
17055.0,374,1,232.85,232.85,375,375.0,1,1,1.0,Naive Bayes
17056.0,667,1,128.60000000000002,128.6,668,668.0,1,1,1.0,Naive Bayes
17057.0,525,1,288.79,288.79,526,526.0,1,1,1.0,Naive Bayes
17058.0,10,3,1179.89,393.3,169,79.0,1,1,0.6267,Naive Bayes
17059.0,39,8,4021.28,502.66,612,81.7,0,0,0.2573,Naive Bayes
17060.0,195,1,234.24,234.24,196,196.0,1,1,0.9581,Naive Bayes
17061.0,2,11,5232.2300000000005,475.66,162,19.9,1,0,0.1055,Naive Bayes
17062.0,242,6,884.71,147.45,369,25.2,1,1,0.9077,Naive Bayes
17063.0,92,10,2849.26,284.93,668,82.1,0,0,0.2266,Naive Bayes
17064.0,111,2,457.40000000000003,228.7,257,145.0,0,1,0.8278,Naive Bayes
17065.0,566,2,194.7,97.35,567,567.0,1,1,1.0,Naive Bayes
17066.0,655,1,228.34,228.34,656,656.0,1,1,1.0,Naive Bayes
17067.0,653,3,454.54,151.51,661,7.0,1,1,1.0,Naive Bayes
17068.0,13,43,8254.73,191.97,551,12.8,0,0,0.0,Naive Bayes
17069.0,6,12,4866.44,405.54,666,65.9,0,0,0.0448,Naive Bayes
17070.0,43,2,437.42,218.71,340,296.0,1,1,0.9876,Naive Bayes
17071.0,17,11,3058.9,278.08,614,66.2,0,0,0.1347,Naive Bayes
17072.0,554,1,273.35,273.35,555,555.0,1,1,1.0,Naive Bayes
17073.0,11,2,841.1899999999999,420.6,39,27.0,0,1,0.5985,Naive Bayes
17074.0,491,1,203.05,203.05,492,492.0,1,1,1.0,Naive Bayes
17075.0,182,9,2098.58,233.18,655,59.0,0,1,0.5124,Naive Bayes
17076.0,202,5,735.87,147.17,665,115.5,0,1,0.8282,Naive Bayes
17077.0,507,1,306.0,306.0,508,508.0,1,1,1.0,Naive Bayes
17079.0,7,1,118.80000000000001,118.8,8,8.0,1,1,0.6467,Naive Bayes
17080.0,198,6,746.23,124.37,456,51.4,0,1,0.8268,Naive Bayes
17081.0,324,4,660.48,165.12,585,86.7,0,1,0.9757,Naive Bayes
17082.0,247,5,3365.12,673.02,654,135.3,0,1,0.8929,Naive Bayes
17083.0,38,9,4049.79,449.98,598,69.9,1,0,0.2009,Naive Bayes
17084.0,325,1,2253.22,2253.22,326,326.0,0,1,1.0,Naive Bayes
17085.0,52,28,7839.27,279.97,663,25.4,1,0,0.0,Naive Bayes
17087.0,666,1,221.53,221.53,667,667.0,1,1,1.0,Naive Bayes
17088.0,1,3,1751.73,583.91,183,90.5,0,1,0.648,Naive Bayes
17089.0,315,1,128.45,128.45,316,316.0,1,1,0.9997,Naive Bayes
17090.0,17,11,2553.7400000000002,232.16,438,46.7,0,0,0.1959,Naive Bayes
17091.0,27,17,6359.99,374.12,653,44.6,0,0,0.0014,Naive Bayes
17092.0,16,10,4723.3,472.33,605,73.5,0,0,0.1189,Naive Bayes
17093.0,521,1,235.88,235.88,522,522.0,1,1,1.0,Naive Bayes
17094.0,251,2,402.20000000000005,201.1,353,101.0,1,1,0.9414,Naive Bayes
17095.0,228,6,1792.05,298.68,654,85.0,0,1,0.8055,Naive Bayes
17096.0,72,9,3119.7400000000002,346.64,485,51.5,0,0,0.3133,Naive Bayes
17097.0,29,7,828.47,118.35,360,66.0,0,1,0.5591,Naive Bayes
17098.0,310,3,591.0699999999999,197.02,470,79.5,1,1,0.9732,Naive Bayes
17099.0,462,1,582.17,582.17,463,463.0,1,1,1.0,Naive Bayes
17101.0,107,4,1115.9,278.98,480,124.0,0,1,0.7349,Naive Bayes
17102.0,190,1,25.5,25.5,191,191.0,1,1,0.9648,Naive Bayes
17103.0,651,1,424.3,424.3,652,652.0,1,1,1.0,Naive Bayes
17104.0,352,1,474.03,474.03,353,353.0,1,1,1.0,Naive Bayes
17105.0,88,2,665.78,332.89,236,147.0,1,1,0.7972,Naive Bayes
17106.0,318,1,481.58,481.58,319,319.0,1,1,0.9997,Naive Bayes
17107.0,4,8,13754.06,1719.26,607,86.0,0,0,0.0116,Naive Bayes
17108.0,592,1,174.95,174.95,593,593.0,1,1,1.0,Naive Bayes
17109.0,161,4,875.01,218.75,427,132.5,0,1,0.8486,Naive Bayes
17110.0,94,3,499.9,166.63,540,222.5,1,1,0.925,Naive Bayes
17111.0,354,1,227.97,227.97,355,355.0,0,1,1.0,Naive Bayes
17112.0,431,1,197.57,197.57,432,432.0,1,1,1.0,Naive Bayes
17113.0,503,6,2305.59,384.27,627,30.8,1,1,0.9995,Naive Bayes
17114.0,67,6,601.9399999999999,100.32,264,39.2,0,1,0.6522,Naive Bayes
17115.0,111,6,2536.81,422.8,664,110.4,0,1,0.5306,Naive Bayes
17116.0,577,1,389.78,389.78,578,578.0,1,1,1.0,Naive Bayes
17117.0,217,1,116.19999999999999,116.2,218,218.0,1,1,0.9822,Naive Bayes
17118.0,246,1,157.02,157.02,247,247.0,1,1,0.9935,Naive Bayes
17120.0,162,1,307.46,307.46,163,163.0,1,1,0.8952,Naive Bayes
17121.0,331,1,314.74,314.74,332,332.0,1,1,0.9999,Naive Bayes
17122.0,48,4,570.5,142.62,429,126.7,1,1,0.7227,Naive Bayes
17123.0,90,3,966.67,322.22,502,205.5,1,1,0.8873,Naive Bayes
17124.0,114,1,294.24,294.24,115,115.0,1,1,0.7601,Naive Bayes
17126.0,81,9,2008.93,223.21,395,52.2,1,0,0.4182,Naive Bayes
17127.0,357,5,1155.0300000000002,231.01,665,76.8,1,1,0.982,Naive Bayes
17128.0,263,1,157.09,157.09,264,264.0,1,1,0.9968,Naive Bayes
17129.0,449,1,31.85,31.85,450,450.0,1,1,1.0,Naive Bayes
17131.0,4,1,789.77,789.77,5,5.0,0,1,0.6835,Naive Bayes
17132.0,381,2,1220.9099999999999,610.45,418,36.0,1,1,0.9941,Naive Bayes
17133.0,16,9,13867.78,1540.86,558,67.6,0,0,0.0023,Naive Bayes
17134.0,35,3,625.3,208.43,372,168.0,1,1,0.8096,Naive Bayes
17135.0,218,5,1077.2,215.44,509,72.5,0,1,0.8578,Naive Bayes
17136.0,591,1,231.68,231.68,592,592.0,1,1,1.0,Naive Bayes
17137.0,345,6,1099.81,183.3,607,65.2,1,1,0.9773,Naive Bayes
17138.0,204,7,4417.27,631.04,603,66.3,1,1,0.6121,Naive Bayes
17139.0,17,21,17285.35,823.11,627,43.5,0,0,0.0,Naive Bayes
17140.0,176,1,454.12,454.12,177,177.0,1,1,0.9232,Naive Bayes
17141.0,347,4,727.58,181.9,614,266.0,1,1,0.999,Naive Bayes
17142.0,168,4,1275.25,318.81,614,148.3,1,1,0.8238,Naive Bayes
17143.0,346,2,880.97,440.48,445,98.0,1,1,0.9871,Naive Bayes
17144.0,13,1,595.89,595.89,14,14.0,0,1,0.6089,Naive Bayes
17145.0,441,4,3120.91,780.23,588,73.0,1,1,0.9984,Naive Bayes
17146.0,34,13,5852.64,450.2,605,47.5,1,0,0.0218,Naive Bayes
17147.0,9,8,2834.66,354.33,627,88.1,0,0,0.3035,Naive Bayes
17149.0,380,1,143.10000000000002,143.1,381,381.0,1,1,1.0,Naive Bayes
17150.0,305,6,1357.95,226.32,663,71.4,1,1,0.9399,Naive Bayes
17151.0,664,1,231.90000000000003,231.9,665,665.0,1,1,1.0,Naive Bayes
17152.0,123,4,2016.5,504.12,355,115.5,1,1,0.7564,Naive Bayes
17154.0,4,1,329.34,329.34,5,5.0,1,1,0.5956,Naive Bayes
17155.0,106,6,784.0600000000001,130.68,666,111.8,0,1,0.612,Naive Bayes
17156.0,420,1,591.87,591.87,421,421.0,1,1,1.0,Naive Bayes
17157.0,105,18,4994.36,277.46,665,34.9,0,0,0.002,Naive Bayes
17158.0,161,4,1411.58,352.9,572,136.7,0,1,0.8028,Naive Bayes
17159.0,4,4,1487.38,371.84,575,190.0,0,1,0.7776,Naive Bayes
17160.0,38,16,9692.31,605.77,665,41.7,0,0,0.0002,Naive Bayes
17161.0,373,1,856.01,856.01,374,374.0,1,1,1.0,Naive Bayes
17162.0,60,9,1463.66,162.63,235,43.5,0,0,0.4488,Naive Bayes
17163.0,7,3,529.78,176.59,605,298.5,0,1,0.9824,Naive Bayes
17164.0,8,4,2016.26,504.06,203,64.7,0,1,0.5972,Naive Bayes
17165.0,213,6,1794.32,299.05,658,88.8,1,1,0.7712,Naive Bayes
17166.0,132,1,127.59,127.59,133,133.0,0,1,0.8417,Naive Bayes
17167.0,308,3,867.11,289.04,375,33.0,1,1,0.9716,Naive Bayes
17168.0,427,1,400.2,400.2,428,428.0,1,1,1.0,Naive Bayes
17169.0,112,2,629.63,314.82,508,395.0,0,1,0.9997,Naive Bayes
17170.0,303,2,178.68,89.34,319,15.0,1,1,0.9773,Naive Bayes
17171.0,218,2,384.59,192.3,591,372.0,1,1,0.9997,Naive Bayes
17172.0,7,3,956.5699999999999,318.86,656,324.0,1,1,0.9899,Naive Bayes
17173.0,45,2,961.26,480.63,61,15.0,0,1,0.6329,Naive Bayes
17174.0,146,1,59.9,59.9,147,147.0,1,1,0.8897,Naive Bayes
17175.0,70,3,1132.6299999999999,377.54,226,77.5,0,1,0.6686,Naive Bayes
17176.0,130,3,902.3199999999999,300.77,607,238.0,1,1,0.9456,Naive Bayes
17177.0,434,1,119.5,119.5,435,435.0,1,1,1.0,Naive Bayes
17178.0,660,1,432.96,432.96,661,661.0,1,1,1.0,Naive Bayes
17179.0,107,6,1507.26,251.21,492,76.8,1,1,0.615,Naive Bayes
17180.0,170,10,2005.6,200.56,617,55.8,0,0,0.4309,Naive Bayes
17181.0,302,2,225.45000000000002,112.72,525,222.0,0,1,0.9949,Naive Bayes
17182.0,351,2,321.3,160.65,648,296.0,1,1,0.9996,Naive Bayes
17183.0,34,1,329.67,329.67,35,35.0,0,1,0.5932,Naive Bayes
17184.0,498,2,198.41000000000003,99.21,660,161.0,1,1,0.9999,Naive Bayes
17185.0,520,3,229.46,76.49,528,7.0,1,1,0.9999,Naive Bayes
17187.0,155,2,467.71,233.86,456,300.0,1,1,0.994,Naive Bayes
17188.0,93,11,3933.79,357.62,661,63.0,0,0,0.1236,Naive Bayes
17189.0,35,5,953.63,190.73,667,157.8,1,1,0.6569,Naive Bayes
17190.0,136,6,1474.99,245.83,574,145.7,0,1,0.7507,Naive Bayes
17191.0,23,14,3778.17,269.87,668,64.4,0,0,0.0269,Naive Bayes
17192.0,465,1,75.28,75.28,466,466.0,1,1,1.0,Naive Bayes
17193.0,15,5,1358.3400000000001,271.67,667,217.0,0,1,0.8225,Naive Bayes
17194.0,289,2,776.66,388.33,460,170.0,1,1,0.9809,Naive Bayes
17195.0,584,1,562.98,562.98,585,585.0,1,1,1.0,Naive Bayes
17196.0,356,1,327.75,327.75,357,357.0,1,1,1.0,Naive Bayes
17198.0,294,2,521.66,260.83,301,6.0,0,1,0.9683,Naive Bayes
17199.0,511,1,135.04000000000002,135.04,512,512.0,1,1,1.0,Naive Bayes
17200.0,316,4,356.71,89.18,582,265.0,1,1,0.9985,Naive Bayes
17201.0,452,3,842.8199999999999,280.94,597,72.0,0,1,0.9987,Naive Bayes
17202.0,349,1,160.65,160.65,350,350.0,1,1,1.0,Naive Bayes
17203.0,317,4,2004.01,501.0,318,318.0,0,1,0.9997,Naive Bayes
17204.0,104,9,5504.6900000000005,611.63,477,62.0,1,0,0.2119,Naive Bayes
17205.0,345,2,615.27,307.64,494,148.0,0,1,0.9913,Naive Bayes
17207.0,581,1,291.77,291.77,582,582.0,1,1,1.0,Naive Bayes
17208.0,324,1,111.15,111.15,325,325.0,1,1,0.9998,Naive Bayes
17209.0,578,3,595.7,198.57,666,43.5,1,1,1.0,Naive Bayes
17210.0,321,1,251.72,251.72,322,322.0,1,1,0.9998,Naive Bayes
17211.0,109,11,2921.02,265.55,656,54.6,0,0,0.1779,Naive Bayes
17212.0,182,3,794.41,264.8,416,116.5,1,1,0.8598,Naive Bayes
17213.0,70,11,3868.18,351.65,654,58.3,0,0,0.1134,Naive Bayes
17214.0,14,5,862.42,172.48,289,68.5,0,1,0.6243,Naive Bayes
17215.0,393,1,186.15,186.15,394,394.0,1,1,1.0,Naive Bayes
17216.0,483,1,63.6,63.6,484,484.0,1,1,1.0,Naive Bayes
17217.0,163,2,210.1,105.05,549,385.0,1,1,0.9997,Naive Bayes
17218.0,0,15,3293.02,219.53,613,43.7,0,0,0.0201,Naive Bayes
17219.0,345,1,144.9,144.9,346,346.0,0,1,0.9999,Naive Bayes
17220.0,0,18,3873.87,215.22,618,56.1,0,0,0.0024,Naive Bayes
17221.0,520,3,642.14,214.05,537,16.0,0,1,0.9999,Naive Bayes
17222.0,406,5,1234.96,246.99,628,55.2,0,1,0.9945,Naive Bayes
17223.0,239,3,523.04,174.35,305,32.5,1,1,0.924,Naive Bayes
17224.0,430,1,100.86,100.86,431,431.0,1,1,1.0,Naive Bayes
17225.0,510,1,131.15,131.15,511,511.0,1,1,1.0,Naive Bayes
17226.0,237,3,895.47,298.49,595,178.5,1,1,0.9519,Naive Bayes
17227.0,101,9,1413.3600000000001,157.04,623,65.1,0,0,0.3863,Naive Bayes
17228.0,16,10,1970.24,197.02,567,61.1,0,0,0.2441,Naive Bayes
17229.0,25,2,318.76,159.38,72,46.0,1,1,0.6468,Naive Bayes
17230.0,193,18,9388.49,521.58,661,35.9,1,0,0.0003,Naive Bayes
17231.0,55,22,5845.9,265.72,662,33.7,0,0,0.0,Naive Bayes
17233.0,377,2,369.98,184.99,654,276.0,0,1,0.9996,Naive Bayes
17234.0,111,1,149.89000000000001,149.89,112,112.0,1,1,0.7791,Naive Bayes
17235.0,301,7,1354.82,193.55,483,30.2,0,1,0.9474,Naive Bayes
17236.0,108,11,1710.86,155.53,572,46.3,0,0,0.261,Naive Bayes
17237.0,304,2,679.44,339.72,311,6.0,0,1,0.9722,Naive Bayes
17238.0,13,27,5819.95,215.55,668,28.4,0,0,0.0,Naive Bayes
17239.0,241,4,1189.45,297.36,456,71.3,1,1,0.9031,Naive Bayes
17240.0,525,1,130.6,130.6,526,526.0,1,1,1.0,Naive Bayes
17241.0,314,12,2736.64,228.05,592,27.7,1,1,0.7493,Naive Bayes
17242.0,37,5,2889.28,577.86,614,144.0,1,1,0.5848,Naive Bayes
17243.0,7,60,16225.69,270.43,668,11.8,0,0,0.0,Naive Bayes
17244.0,312,4,871.14,217.78,663,350.0,0,1,0.9998,Naive Bayes
17245.0,133,2,371.63,185.82,619,485.0,1,1,1.0,Naive Bayes
17246.0,475,2,38.92,19.46,668,192.0,1,1,0.9998,Naive Bayes
17248.0,49,2,500.54,250.27,411,361.0,1,1,0.9986,Naive Bayes
17249.0,357,1,68.03,68.03,358,358.0,1,1,1.0,Naive Bayes
17250.0,190,1,162.65,162.65,191,191.0,0,1,0.9554,Naive Bayes
17251.0,291,3,798.98,266.33,654,181.0,1,1,0.9785,Naive Bayes
17252.0,45,2,348.91,174.46,116,70.0,1,1,0.6686,Naive Bayes
17254.0,330,1,198.29,198.29,331,331.0,0,1,0.9999,Naive Bayes
17255.0,228,3,598.48,199.49,376,73.5,0,1,0.9071,Naive Bayes
17256.0,36,5,498.93,99.79,530,164.3,1,1,0.7669,Naive Bayes
17257.0,365,2,189.78,94.89,366,366.0,1,1,1.0,Naive Bayes
17258.0,325,2,417.3,208.65,595,269.0,1,1,0.9986,Naive Bayes
17259.0,77,6,1452.39,242.07,585,126.8,1,1,0.6105,Naive Bayes
17260.0,340,1,120.95,120.95,341,341.0,1,1,0.9999,Naive Bayes
17261.0,438,1,221.59,221.59,439,439.0,1,1,1.0,Naive Bayes
17262.0,156,10,2190.76,219.08,654,71.0,0,0,0.37,Naive Bayes
17263.0,137,1,63.440000000000005,63.44,138,138.0,1,1,0.8685,Naive Bayes
17264.0,353,1,268.28,268.28,354,354.0,1,1,1.0,Naive Bayes
17265.0,67,2,550.01,275.0,110,42.0,1,1,0.6573,Naive Bayes
17266.0,76,3,318.2,106.07,570,246.5,0,1,0.9519,Naive Bayes
17267.0,56,2,317.2,158.6,57,57.0,1,1,0.6682,Naive Bayes
17268.0,36,11,1733.8899999999999,157.63,661,62.4,1,0,0.1667,Naive Bayes
17269.0,314,1,491.81,491.81,315,315.0,1,1,0.9997,Naive Bayes
17270.0,398,2,601.4499999999999,300.72,662,263.0,1,1,0.9996,Naive Bayes
17271.0,665,1,204.3,204.3,666,666.0,1,1,1.0,Naive Bayes
17272.0,128,2,1409.44,704.72,192,63.0,0,1,0.7795,Naive Bayes
17273.0,353,1,141.12,141.12,354,354.0,1,1,1.0,Naive Bayes
17274.0,324,1,465.4,465.4,325,325.0,0,1,0.9998,Naive Bayes
17275.0,312,1,114.1,114.1,313,313.0,1,1,0.9997,Naive Bayes
17276.0,331,1,501.24,501.24,332,332.0,1,1,0.9999,Naive Bayes
17277.0,156,2,1065.3500000000001,532.68,252,95.0,1,1,0.8115,Naive Bayes
17278.0,170,2,271.24,135.62,495,324.0,1,1,0.9978,Naive Bayes
17280.0,367,1,118.85999999999999,118.86,368,368.0,1,1,1.0,Naive Bayes
17281.0,303,6,797.8499999999999,132.98,603,59.8,1,1,0.9511,Naive Bayes
17282.0,59,5,2308.54,461.71,478,104.5,1,1,0.5865,Naive Bayes
17283.0,307,1,188.46,188.46,308,308.0,1,1,0.9996,Naive Bayes
17284.0,49,6,2400.16,400.03,319,53.8,0,1,0.5336,Naive Bayes
17285.0,557,2,400.44,200.22,593,35.0,1,1,1.0,Naive Bayes
17286.0,329,2,237.81,118.9,330,330.0,0,1,0.9999,Naive Bayes
17287.0,3,20,3658.1,182.9,666,41.4,0,0,0.0005,Naive Bayes
17288.0,136,9,1714.5,190.5,324,31.2,0,1,0.5542,Naive Bayes
17289.0,109,7,1275.23,182.18,571,76.8,0,1,0.5584,Naive Bayes
17290.0,310,6,914.47,152.41,656,86.2,0,1,0.954,Naive Bayes
17291.0,237,1,550.8000000000001,550.8,238,238.0,1,1,0.9895,Naive Bayes
17292.0,401,2,271.75,135.88,509,107.0,1,1,0.997,Naive Bayes
17293.0,14,14,3013.94,215.28,666,54.2,0,0,0.0334,Naive Bayes
17294.0,598,2,467.78999999999996,233.9,599,599.0,1,1,1.0,Naive Bayes
17296.0,659,1,338.13,338.13,660,660.0,1,1,1.0,Naive Bayes
17298.0,30,5,938.36,187.67,571,135.0,1,1,0.6442,Naive Bayes
17299.0,18,5,902.17,180.43,411,98.0,0,1,0.6294,Naive Bayes
17300.0,319,2,393.64,196.82,411,91.0,1,1,0.9801,Naive Bayes
17301.0,553,1,131.15,131.15,554,554.0,0,1,1.0,Naive Bayes
17302.0,51,3,661.61,220.54,235,91.5,0,1,0.6876,Naive Bayes
17303.0,290,1,250.04,250.04,291,291.0,1,1,0.999,Naive Bayes
17304.0,463,1,111.5,111.5,464,464.0,1,1,1.0,Naive Bayes
17305.0,577,1,2135.46,2135.46,578,578.0,1,1,1.0,Naive Bayes
17306.0,0,18,8357.28,464.29,333,23.7,0,0,0.0003,Naive Bayes
17307.0,324,11,3999.8900000000003,363.63,619,29.4,1,1,0.7759,Naive Bayes
17308.0,322,2,4511.76,2255.88,382,59.0,1,1,1.0,Naive Bayes
17309.0,24,3,320.39,106.8,603,289.0,1,1,0.9795,Naive Bayes
17310.0,316,2,1025.1,512.55,464,147.0,1,1,0.9846,Naive Bayes
17311.0,7,6,3566.56,594.43,604,119.2,1,0,0.4414,Naive Bayes
17312.0,67,3,644.3,214.77,89,10.5,1,1,0.6868,Naive Bayes
17314.0,77,14,3883.43,277.39,666,45.2,0,0,0.0311,Naive Bayes
17315.0,4,35,8215.16,234.72,368,11.0,0,0,0.0,Naive Bayes
17316.0,349,1,124.45,124.45,350,350.0,1,1,1.0,Naive Bayes
17317.0,18,1,2027.94,2027.94,19,19.0,0,1,0.9996,Naive Bayes
17318.0,654,1,157.32999999999998,157.33,655,655.0,1,1,1.0,Naive Bayes
17319.0,598,1,29.1,29.1,599,599.0,1,1,1.0,Naive Bayes
17320.0,29,6,2444.85,407.48,617,117.4,1,0,0.4772,Naive Bayes
17321.0,323,4,1008.05,252.01,507,91.5,0,1,0.9771,Naive Bayes
17322.0,305,5,922.59,184.52,666,90.0,1,1,0.9534,Naive Bayes
17323.0,53,9,1172.07,130.23,628,71.8,0,0,0.3395,Naive Bayes
17324.0,260,10,1886.82,188.68,651,48.8,0,1,0.7128,Naive Bayes
17325.0,209,3,609.5699999999999,203.19,571,180.5,1,1,0.9402,Naive Bayes
17326.0,337,2,312.35,156.18,459,121.0,1,1,0.9888,Naive Bayes
17327.0,338,2,152.35,76.18,492,153.0,1,1,0.9928,Naive Bayes
17328.0,602,1,104.7,104.7,603,603.0,1,1,1.0,Naive Bayes
17329.0,244,4,718.78,179.7,666,210.5,0,1,0.9727,Naive Bayes
17330.0,473,2,59.900000000000006,29.95,577,103.0,0,1,0.9996,Naive Bayes
17331.0,52,1,175.2,175.2,53,53.0,1,1,0.643,Naive Bayes
17332.0,457,5,827.77,165.55,586,32.0,1,1,0.9989,Naive Bayes
17333.0,14,1,494.25,494.25,15,15.0,1,1,0.5903,Naive Bayes
17334.0,231,3,635.15,211.72,336,52.0,1,1,0.909,Naive Bayes
17335.0,312,2,497.04,248.52,614,301.0,1,1,0.9992,Naive Bayes
17336.0,401,1,81.12,81.12,402,402.0,1,1,1.0,Naive Bayes
17337.0,80,4,1979.61,494.9,240,53.0,1,1,0.6481,Naive Bayes
17338.0,43,16,10554.67,659.67,569,35.0,0,0,0.0001,Naive Bayes
17339.0,23,3,302.36,100.79,439,207.5,1,1,0.8974,Naive Bayes
17340.0,9,17,15724.16,924.95,593,44.8,0,0,0.0,Naive Bayes
17341.0,85,5,1272.21,254.44,470,192.0,1,1,0.8519,Naive Bayes
17342.0,308,4,1227.54,306.88,599,96.7,1,1,0.9626,Naive Bayes
17343.0,284,6,1259.94,209.99,666,76.2,1,1,0.9158,Naive Bayes
17344.0,657,1,299.74,299.74,658,658.0,0,1,1.0,Naive Bayes
17345.0,22,9,1348.12,149.79,668,129.0,0,0,0.3738,Naive Bayes
17346.0,32,19,3597.31,189.33,530,27.6,0,0,0.0016,Naive Bayes
17347.0,15,1,228.96,228.96,16,16.0,1,1,0.6085,Naive Bayes
17348.0,0,6,1935.0,322.5,569,113.6,0,1,0.5082,Naive Bayes
17349.0,108,5,772.41,154.48,561,113.0,1,1,0.6968,Naive Bayes
17350.0,323,3,612.38,204.13,606,141.0,0,1,0.9831,Naive Bayes
17351.0,98,11,1804.53,164.05,659,62.2,0,0,0.2102,Naive Bayes
17352.0,625,1,36.25,36.25,626,626.0,1,1,1.0,Naive Bayes
17353.0,58,4,3242.0,810.5,554,165.0,1,1,0.7698,Naive Bayes
17354.0,357,3,1740.8999999999999,580.3,358,358.0,0,1,1.0,Naive Bayes
17355.0,315,1,273.31,273.31,316,316.0,1,1,0.9997,Naive Bayes
17356.0,240,5,946.47,189.29,618,94.2,1,1,0.8833,Naive Bayes
17358.0,232,5,861.01,172.2,583,87.5,1,1,0.8776,Naive Bayes
17359.0,577,1,156.6,156.6,578,578.0,0,1,1.0,Naive Bayes
17360.0,113,4,953.17,238.29,364,125.0,0,1,0.7796,Naive Bayes
17361.0,115,4,647.51,161.88,606,245.0,0,1,0.9528,Naive Bayes
17362.0,168,7,1024.04,146.29,632,77.2,1,1,0.6666,Naive Bayes
17363.0,324,3,920.46,306.82,332,7.0,1,1,0.9813,Naive Bayes
17364.0,66,23,10127.65,440.33,662,28.3,0,0,0.0,Naive Bayes
17365.0,16,13,6875.37,528.87,606,53.5,0,0,0.0122,Naive Bayes
17366.0,361,2,1077.24,538.62,386,24.0,1,1,0.9905,Naive Bayes
17367.0,167,1,167.55,167.55,168,168.0,1,1,0.9177,Naive Bayes
17368.0,22,12,2484.49,207.04,654,63.1,0,0,0.0994,Naive Bayes
17369.0,384,1,979.1999999999999,979.2,385,385.0,1,1,1.0,Naive Bayes
17370.0,1,4,446.18,111.54,99,32.3,1,1,0.6562,Naive Bayes
17371.0,290,4,325.11,81.28,661,185.0,0,1,0.9828,Naive Bayes
17372.0,95,25,4034.91,161.4,666,23.8,0,0,0.0,Naive Bayes
17373.0,0,6,954.1,159.02,579,115.6,0,1,0.5605,Naive Bayes
17374.0,147,3,727.11,242.37,325,88.5,1,1,0.7949,Naive Bayes
17375.0,128,4,660.55,165.14,361,77.3,1,1,0.7598,Naive Bayes
17376.0,240,3,356.29,118.76,452,105.5,0,1,0.9336,Naive Bayes
17377.0,3,69,15893.49,230.34,667,11.2,0,0,0.0,Naive Bayes
17378.0,303,1,10.95,10.95,304,304.0,1,1,0.9996,Naive Bayes
17380.0,363,3,645.0,215.0,464,50.0,1,1,0.9905,Naive Bayes
17381.0,28,33,34384.69,1041.96,478,18.7,0,0,0.0,Naive Bayes
17382.0,364,7,836.88,119.55,499,26.8,0,1,0.9869,Naive Bayes
17383.0,382,1,110.69999999999999,110.7,383,383.0,0,1,1.0,Naive Bayes
17384.0,148,2,398.8,199.4,397,248.0,0,1,0.976,Naive Bayes
17386.0,28,6,1823.69,303.95,315,95.3,0,1,0.5806,Naive Bayes
17388.0,6,11,2675.37,243.22,659,65.2,1,0,0.132,Naive Bayes
17389.0,3,53,38977.19,735.42,665,14.7,0,0,0.0,Naive Bayes
17390.0,349,1,149.3,149.3,350,350.0,1,1,1.0,Naive Bayes
17391.0,92,2,508.8,254.4,94,1.0,1,1,0.7149,Naive Bayes
17392.0,235,3,579.92,193.31,380,72.0,1,1,0.9154,Naive Bayes
17393.0,339,2,381.15,190.58,418,78.0,1,1,0.986,Naive Bayes
17394.0,148,1,203.86999999999998,203.87,149,149.0,1,1,0.8702,Naive Bayes
17395.0,437,1,97.5,97.5,438,438.0,1,1,1.0,Naive Bayes
17396.0,77,11,5862.6,532.96,371,41.9,0,0,0.0902,Naive Bayes
17397.0,345,1,516.87,516.87,346,346.0,0,1,0.9999,Naive Bayes
17398.0,43,3,653.38,217.79,185,70.5,1,1,0.6633,Naive Bayes
17400.0,55,8,4623.28,577.91,652,85.1,1,0,0.223,Naive Bayes
17401.0,470,1,114.85,114.85,471,471.0,1,1,1.0,Naive Bayes
17402.0,14,19,3849.36,202.6,653,39.9,0,0,0.0011,Naive Bayes
17403.0,379,1,118.95,118.95,380,380.0,0,1,1.0,Naive Bayes
17404.0,16,18,40864.68,2270.26,631,36.1,0,0,0.0,Naive Bayes
17405.0,1,2,883.01,441.5,80,78.0,0,1,0.6139,Naive Bayes
17406.0,262,13,4186.95,322.07,663,40.0,1,0,0.2719,Naive Bayes
17407.0,340,1,552.9,552.9,341,341.0,1,1,0.9999,Naive Bayes
17408.0,92,3,316.09000000000003,105.36,444,175.5,1,1,0.867,Naive Bayes
17409.0,113,10,7793.51,779.35,658,77.7,1,0,0.0462,Naive Bayes
17410.0,25,2,419.55,209.78,145,119.0,0,1,0.712,Naive Bayes
17411.0,4,4,1215.88,303.97,666,220.3,0,1,0.8405,Naive Bayes
17412.0,125,13,3671.98,282.46,667,45.1,0,0,0.0735,Naive Bayes
17413.0,333,2,560.14,280.07,499,165.0,1,1,0.9912,Naive Bayes
17414.0,113,5,2069.52,413.9,666,138.0,0,1,0.6454,Naive Bayes
17415.0,8,1,507.84,507.84,9,9.0,1,1,0.5945,Naive Bayes
17416.0,6,21,16283.84,775.42,655,49.8,0,0,0.0,Naive Bayes
17417.0,477,1,164.18,164.18,478,478.0,1,1,1.0,Naive Bayes
17418.0,252,2,373.99,187.0,317,64.0,0,1,0.9354,Naive Bayes
17419.0,72,14,4559.68,325.69,613,45.0,0,0,0.0267,Naive Bayes
17420.0,100,5,746.26,149.25,331,76.7,0,1,0.7102,Naive Bayes
17421.0,315,3,1059.41,353.14,665,174.5,1,1,0.9836,Naive Bayes
17422.0,22,10,3314.36,331.44,464,49.0,0,0,0.2146,Naive Bayes
17423.0,146,2,869.96,434.98,323,176.0,0,1,0.8979,Naive Bayes
17426.0,20,11,7321.1,665.55,590,113.8,0,0,0.0347,Naive Bayes
17427.0,0,1,100.8,100.8,1,1.0,1,1,0.6586,Naive Bayes
17428.0,14,38,28961.28,762.14,668,24.2,0,0,0.0,Naive Bayes
17429.0,57,5,1357.46,271.49,359,75.2,1,1,0.6177,Naive Bayes
17430.0,294,3,469.40999999999997,156.47,409,57.0,0,1,0.9664,Naive Bayes
17431.0,242,1,403.3,403.3,243,243.0,1,1,0.9909,Naive Bayes
17432.0,314,7,1363.23,194.75,666,87.8,0,1,0.9447,Naive Bayes
17433.0,17,2,569.96,284.98,315,297.0,1,1,0.9867,Naive Bayes
17434.0,14,1,499.56,499.56,15,15.0,0,1,0.5909,Naive Bayes
17435.0,340,1,331.35,331.35,341,341.0,1,1,0.9999,Naive Bayes
17436.0,155,4,440.15999999999997,110.04,662,168.7,0,1,0.8581,Naive Bayes
17437.0,458,1,369.68,369.68,459,459.0,1,1,1.0,Naive Bayes
17438.0,182,5,1422.77,284.55,571,97.0,1,1,0.7768,Naive Bayes
17439.0,584,1,325.74,325.74,585,585.0,1,1,1.0,Naive Bayes
17440.0,85,4,323.58,80.9,479,196.5,1,1,0.8948,Naive Bayes
17441.0,661,1,293.35,293.35,662,662.0,1,1,1.0,Naive Bayes
17442.0,22,14,4293.43,306.67,592,47.4,0,0,0.0262,Naive Bayes
17443.0,148,1,534.24,534.24,149,149.0,1,1,0.8607,Naive Bayes
17444.0,80,2,2389.1,1194.55,102,21.0,1,1,0.9101,Naive Bayes
17446.0,105,2,120.9,60.45,240,134.0,1,1,0.8389,Naive Bayes
17447.0,0,1,372.48,372.48,1,1.0,0,1,0.5952,Naive Bayes
17448.0,458,41,14448.67,352.41,575,9.7,1,0,0.0,Naive Bayes
17449.0,23,10,3843.49,384.35,660,70.7,0,0,0.1378,Naive Bayes
17450.0,9,36,208296.44,5786.01,368,17.0,0,0,0.0,Naive Bayes
17451.0,10,2,560.98,280.49,35,24.0,0,1,0.6109,Naive Bayes
17454.0,121,10,1547.94,154.79,623,55.7,1,0,0.3401,Naive Bayes
17455.0,132,1,131.7,131.7,133,133.0,1,1,0.8408,Naive Bayes
17456.0,294,2,975.5600000000001,487.78,386,91.0,1,1,0.9652,Naive Bayes
17457.0,55,14,5984.8099999999995,427.49,662,46.6,1,0,0.0113,Naive Bayes
17458.0,310,1,213.08,213.08,311,311.0,0,1,0.9996,Naive Bayes
17460.0,23,16,2157.9700000000003,134.87,616,39.5,1,0,0.0155,Naive Bayes
17462.0,213,1,463.40999999999997,463.41,214,214.0,0,1,0.9742,Naive Bayes
17463.0,105,5,1886.99,377.4,519,103.2,0,1,0.6413,Naive Bayes
17464.0,87,3,907.14,302.38,549,230.5,1,1,0.9237,Naive Bayes
17465.0,354,7,2542.79,363.26,666,62.2,1,1,0.9658,Naive Bayes
17466.0,7,1,460.41,460.41,8,8.0,0,1,0.5904,Naive Bayes
17467.0,324,1,102.6,102.6,325,325.0,1,1,0.9998,Naive Bayes
17468.0,304,1,57.8,57.8,305,305.0,0,1,0.9996,Naive Bayes
17469.0,1,16,4672.35,292.02,653,54.2,0,0,0.006,Naive Bayes
17470.0,56,10,2317.87,231.79,438,42.3,0,0,0.2921,Naive Bayes
17471.0,403,1,321.65000000000003,321.65,404,404.0,1,1,1.0,Naive Bayes
17472.0,120,4,922.35,230.59,558,145.7,1,1,0.7784,Naive Bayes
17473.0,337,2,607.0,303.5,386,48.0,1,1,0.9834,Naive Bayes
17474.0,528,1,1047.0,1047.0,529,529.0,1,1,1.0,Naive Bayes
17475.0,8,1,194.37,194.37,9,9.0,1,1,0.6207,Naive Bayes
17476.0,324,2,489.86,244.93,667,342.0,1,1,0.9998,Naive Bayes
17477.0,541,2,1144.3,572.15,577,35.0,1,1,0.9999,Naive Bayes
17478.0,337,2,1272.8,636.4,563,225.0,1,1,0.9971,Naive Bayes
17479.0,561,1,389.26000000000005,389.26,562,562.0,1,1,1.0,Naive Bayes
17480.0,6,2,882.23,441.12,374,367.0,1,1,0.9987,Naive Bayes
17481.0,22,1,260.63,260.63,23,23.0,0,1,0.6006,Naive Bayes
17482.0,416,2,775.64,387.82,508,91.0,1,1,0.9972,Naive Bayes
17483.0,63,3,452.43,150.81,344,140.0,0,1,0.7822,Naive Bayes
17484.0,505,2,209.57,104.78,554,48.0,1,1,0.9998,Naive Bayes
17486.0,190,1,396.87,396.87,191,191.0,1,1,0.9472,Naive Bayes
17487.0,657,1,160.55,160.55,658,658.0,1,1,1.0,Naive Bayes
17488.0,570,1,336.5,336.5,571,571.0,1,1,1.0,Naive Bayes
17489.0,141,1,208.56,208.56,142,142.0,0,1,0.8511,Naive Bayes
17490.0,2,5,1672.68,334.54,499,124.0,0,1,0.6027,Naive Bayes
17491.0,3,14,4518.42,322.74,520,43.0,0,0,0.027,Naive Bayes
17492.0,177,3,1122.42,374.14,448,135.0,1,1,0.8617,Naive Bayes
17493.0,314,1,100.91000000000001,100.91,315,315.0,1,1,0.9997,Naive Bayes
17494.0,430,1,54.699999999999996,54.7,431,431.0,1,1,1.0,Naive Bayes
17495.0,319,1,309.16,309.16,320,320.0,0,1,0.9997,Naive Bayes
17496.0,287,4,1412.89,353.22,624,112.0,1,1,0.9463,Naive Bayes
17497.0,319,2,287.25,143.62,540,220.0,1,1,0.9959,Naive Bayes
17498.0,4,1,272.22,272.22,5,5.0,1,1,0.6044,Naive Bayes
17499.0,218,2,1341.39,670.7,491,272.0,1,1,0.9938,Naive Bayes
17501.0,149,2,288.6,144.3,150,150.0,1,1,0.888,Naive Bayes
17504.0,135,18,9490.17,527.23,599,33.1,1,0,0.0001,Naive Bayes
17505.0,90,5,2435.48,487.1,535,148.0,1,1,0.6956,Naive Bayes
17506.0,4,1,302.2,302.2,5,5.0,1,1,0.5992,Naive Bayes
17507.0,190,2,605.58,302.79,239,48.0,1,1,0.8455,Naive Bayes
17508.0,209,8,4579.23,572.4,662,64.6,1,1,0.5042,Naive Bayes
17510.0,349,1,206.07999999999998,206.08,350,350.0,0,1,1.0,Naive Bayes
17511.0,2,52,145475.88,2797.61,667,15.1,0,0,0.0,Naive Bayes
17512.0,50,16,4434.7300000000005,277.17,659,43.4,0,0,0.0073,Naive Bayes
17513.0,1,3,1158.8,386.27,409,203.5,1,1,0.8618,Naive Bayes
17514.0,57,2,522.0,261.0,599,541.0,1,1,1.0,Naive Bayes
17515.0,135,8,1534.86,191.86,480,49.1,0,1,0.5752,Naive Bayes
17516.0,48,5,788.27,157.65,308,86.3,0,1,0.662,Naive Bayes
17517.0,237,1,153.94,153.94,238,238.0,1,1,0.9909,Naive Bayes
17518.0,354,2,329.42,164.71,551,196.0,1,1,0.9967,Naive Bayes
17519.0,62,14,4418.15,315.58,668,46.5,0,0,0.0236,Naive Bayes
17521.0,128,3,714.41,238.14,364,117.5,0,1,0.7948,Naive Bayes
17522.0,67,4,907.6899999999999,226.92,148,26.7,0,1,0.6696,Naive Bayes
17524.0,290,3,539.14,179.71,368,77.0,1,1,0.9662,Naive Bayes
17525.0,288,3,1161.9,387.3,358,34.5,1,1,0.9576,Naive Bayes
17526.0,219,11,3616.14,328.74,652,48.0,0,0,0.3651,Naive Bayes
17527.0,9,3,788.22,262.74,148,69.0,0,1,0.6338,Naive Bayes
17528.0,0,2,1107.08,553.54,1,1.0,0,1,0.6227,Naive Bayes
17529.0,539,2,1240.25,620.12,627,87.0,1,1,0.9999,Naive Bayes
17530.0,14,9,2180.79,242.31,663,92.6,0,0,0.2707,Naive Bayes
17531.0,119,3,1266.82,422.27,548,214.0,1,1,0.9105,Naive Bayes
17532.0,314,1,65.34,65.34,315,315.0,1,1,0.9998,Naive Bayes
17533.0,363,1,34.8,34.8,364,364.0,1,1,1.0,Naive Bayes
17534.0,380,4,1445.47,361.37,582,67.0,0,1,0.9909,Naive Bayes
17535.0,209,1,164.4,164.4,210,210.0,1,1,0.975,Naive Bayes
17536.0,106,3,364.83,121.61,612,252.5,1,1,0.9609,Naive Bayes
17537.0,232,1,620.75,620.75,233,233.0,0,1,0.9882,Naive Bayes
17539.0,557,3,1161.84,387.28,656,49.0,1,1,0.9999,Naive Bayes
17540.0,245,5,1280.5,256.1,529,70.8,0,1,0.8919,Naive Bayes
17541.0,438,1,119.86,119.86,439,439.0,1,1,1.0,Naive Bayes
17542.0,198,3,340.85,113.62,571,372.0,1,1,0.9997,Naive Bayes
17543.0,478,1,120.05,120.05,479,479.0,1,1,1.0,Naive Bayes
17544.0,319,3,944.82,314.94,320,320.0,1,1,0.9998,Naive Bayes
17545.0,319,3,767.54,255.85,507,187.0,0,1,0.9918,Naive Bayes
17547.0,304,2,727.85,363.92,595,290.0,1,1,0.9987,Naive Bayes
17548.0,162,4,731.26,182.82,326,54.3,1,1,0.8067,Naive Bayes
17550.0,126,9,2506.64,278.52,600,78.8,1,0,0.3953,Naive Bayes
17551.0,288,1,290.34,290.34,289,289.0,1,1,0.9988,Naive Bayes
17552.0,0,11,2770.27,251.84,557,79.4,0,0,0.1642,Naive Bayes
17553.0,58,4,3757.6,939.4,540,160.3,1,1,0.7971,Naive Bayes
17554.0,51,2,1249.89,624.95,78,26.0,0,1,0.6569,Naive Bayes
17555.0,263,4,760.88,190.22,516,84.0,0,1,0.9338,Naive Bayes
17556.0,134,2,300.67,150.34,309,174.0,1,1,0.9028,Naive Bayes
17557.0,10,2,322.36,161.18,662,651.0,0,1,1.0,Naive Bayes
17558.0,322,1,259.17,259.17,323,323.0,1,1,0.9998,Naive Bayes
17559.0,441,1,167.62,167.62,442,442.0,1,1,1.0,Naive Bayes
17560.0,23,9,1895.8,210.64,590,70.8,1,0,0.305,Naive Bayes
17561.0,319,3,537.9,179.3,663,171.5,0,1,0.9863,Naive Bayes
17562.0,16,5,852.88,170.58,103,21.5,0,1,0.6271,Naive Bayes
17563.0,507,2,392.38,196.19,541,33.0,1,1,0.9998,Naive Bayes
17564.0,9,1,119.12,119.12,10,10.0,0,1,0.6455,Naive Bayes
17565.0,515,1,131.83,131.83,516,516.0,1,1,1.0,Naive Bayes
17567.0,21,7,3432.05,490.29,371,58.2,0,0,0.4095,Naive Bayes
17568.0,562,1,374.45,374.45,563,563.0,1,1,1.0,Naive Bayes
17569.0,261,1,344.14,344.14,262,262.0,1,1,0.9959,Naive Bayes
17571.0,74,4,764.79,191.2,472,132.3,0,1,0.7315,Naive Bayes
17572.0,0,10,652.21,65.22,654,72.6,1,0,0.2563,Naive Bayes
17573.0,14,2,182.21,91.1,23,8.0,0,1,0.6764,Naive Bayes
17574.0,171,1,185.65,185.65,172,172.0,1,1,0.9236,Naive Bayes
17575.0,596,1,171.7,171.7,597,597.0,1,1,1.0,Naive Bayes
17576.0,2,38,7870.32,207.11,666,18.9,0,0,0.0,Naive Bayes
17577.0,574,2,348.75,174.38,598,23.0,1,1,1.0,Naive Bayes
17578.0,147,7,1047.33,149.62,459,77.8,1,1,0.6941,Naive Bayes
17579.0,66,3,575.24,191.75,508,220.5,0,1,0.9123,Naive Bayes
17580.0,181,5,538.07,107.61,352,42.5,1,1,0.8372,Naive Bayes
17581.0,7,37,15284.2,413.09,666,38.7,0,0,0.0,Naive Bayes
17582.0,165,5,1446.95,289.39,553,96.8,1,1,0.7476,Naive Bayes
17583.0,489,1,135.95,135.95,490,490.0,1,1,1.0,Naive Bayes
17584.0,56,5,4816.57,963.31,613,139.0,0,1,0.6329,Naive Bayes
17585.0,38,7,2064.71,294.96,408,61.5,1,0,0.4813,Naive Bayes
17586.0,548,1,167.4,167.4,549,549.0,1,1,1.0,Naive Bayes
17587.0,557,1,173.76,173.76,558,558.0,1,1,1.0,Naive Bayes
17588.0,29,7,2939.55,419.94,567,89.5,1,0,0.3896,Naive Bayes
17589.0,80,17,13246.42,779.2,572,35.1,0,0,0.0,Naive Bayes
17591.0,2,8,2339.32,292.42,621,88.3,1,0,0.3309,Naive Bayes
17592.0,667,1,148.3,148.3,668,668.0,1,1,1.0,Naive Bayes
17593.0,20,10,7414.12,741.41,665,71.6,0,0,0.035,Naive Bayes
17594.0,14,4,2497.88,624.47,534,173.0,1,1,0.745,Naive Bayes
17596.0,65,10,3421.85,342.18,654,65.3,0,0,0.1736,Naive Bayes
17597.0,142,5,3484.09,696.82,513,92.5,1,1,0.6807,Naive Bayes
17598.0,310,1,409.98,409.98,311,311.0,1,1,0.9996,Naive Bayes
17599.0,406,1,52.05,52.05,407,407.0,1,1,1.0,Naive Bayes
17601.0,168,2,412.65999999999997,206.33,310,141.0,1,1,0.8856,Naive Bayes
17602.0,14,11,4434.2,403.11,549,59.3,0,0,0.1003,Naive Bayes
17603.0,7,4,1788.38,447.1,659,217.0,1,1,0.8243,Naive Bayes
17604.0,146,6,942.38,157.06,611,92.8,1,1,0.6816,Naive Bayes
17605.0,519,1,160.75,160.75,520,520.0,1,1,1.0,Naive Bayes
17606.0,666,1,87.30000000000001,87.3,667,667.0,1,1,1.0,Naive Bayes
17607.0,305,1,333.81,333.81,306,306.0,1,1,0.9995,Naive Bayes
17608.0,378,2,296.07,148.04,537,158.0,0,1,0.9967,Naive Bayes
17609.0,2,9,1519.18,168.8,539,89.3,0,0,0.3578,Naive Bayes
17610.0,469,5,1511.94,302.39,663,48.2,1,1,0.9989,Naive Bayes
17611.0,1,23,7320.03,318.26,668,31.7,0,0,0.0,Naive Bayes
17612.0,24,17,5029.35,295.84,652,41.8,0,0,0.0028,Naive Bayes
17613.0,10,10,3766.53,376.65,235,28.0,0,0,0.2254,Naive Bayes
17615.0,59,6,721.8,120.3,415,71.0,1,1,0.6159,Naive Bayes
17616.0,102,4,734.4,183.6,381,92.7,1,1,0.7272,Naive Bayes
17617.0,487,1,385.19,385.19,488,488.0,1,1,1.0,Naive Bayes
17618.0,177,10,3696.84,369.68,614,48.4,0,0,0.3408,Naive Bayes
17619.0,241,1,214.37,214.37,242,242.0,1,1,0.9915,Naive Bayes
17621.0,241,5,2697.0,539.4,361,29.8,0,1,0.8889,Naive Bayes
17622.0,526,2,1130.21,565.1,528,1.0,1,1,0.9999,Naive Bayes
17623.0,338,6,1838.72,306.45,655,63.2,0,1,0.9652,Naive Bayes
17624.0,147,3,1125.45,375.15,649,250.5,0,1,0.9598,Naive Bayes
17625.0,69,6,5185.63,864.27,654,116.8,0,0,0.4261,Naive Bayes
17626.0,531,1,254.0,254.0,532,532.0,1,1,1.0,Naive Bayes
17627.0,407,1,296.36,296.36,408,408.0,1,1,1.0,Naive Bayes
17628.0,10,1,75.75,75.75,11,11.0,1,1,0.6626,Naive Bayes
17629.0,49,7,1439.78,205.68,351,50.2,0,1,0.5362,Naive Bayes
17630.0,98,2,503.59999999999997,251.8,162,63.0,1,1,0.7073,Naive Bayes
17631.0,66,6,886.66,147.78,660,118.6,0,1,0.5661,Naive Bayes
17633.0,0,6,1737.05,289.51,319,63.6,0,1,0.5419,Naive Bayes
17634.0,21,7,2077.07,296.72,267,40.8,0,0,0.4956,Naive Bayes
17635.0,353,3,1265.58,421.86,520,83.0,1,1,0.9865,Naive Bayes
17637.0,44,1,338.95,338.95,45,45.0,0,1,0.5999,Naive Bayes
17638.0,576,2,842.4,421.2,651,74.0,1,1,1.0,Naive Bayes
17639.0,205,6,615.17,102.53,413,69.0,1,1,0.8555,Naive Bayes
17640.0,15,6,3168.94,528.16,556,108.0,1,0,0.4588,Naive Bayes
17642.0,48,5,1824.49,364.9,664,153.8,1,1,0.6145,Naive Bayes
17643.0,302,2,439.7,219.85,435,132.0,1,1,0.9788,Naive Bayes
17644.0,7,17,5265.63,309.74,591,41.6,0,0,0.0028,Naive Bayes
17646.0,148,12,3898.79,324.9,653,45.8,1,0,0.1289,Naive Bayes
17647.0,598,2,198.6,99.3,599,599.0,0,1,1.0,Naive Bayes
17648.0,121,4,1526.26,381.56,315,96.5,0,1,0.7378,Naive Bayes
17649.0,67,3,1578.89,526.3,402,167.0,1,1,0.8038,Naive Bayes
17651.0,8,11,3559.38,323.58,456,55.9,0,0,0.1495,Naive Bayes
17652.0,13,7,3202.02,457.43,211,32.8,0,0,0.4394,Naive Bayes
17653.0,28,2,343.34,171.67,50,21.0,0,1,0.6493,Naive Bayes
17654.0,206,1,117.55,117.55,207,207.0,1,1,0.9743,Naive Bayes
17655.0,45,7,2240.77,320.11,346,50.0,0,0,0.4901,Naive Bayes
17656.0,2,5,1674.69,334.94,58,13.8,1,1,0.5789,Naive Bayes
17657.0,359,1,126.0,126.0,360,360.0,1,1,1.0,Naive Bayes
17658.0,140,1,317.59999999999997,317.6,141,141.0,0,1,0.8361,Naive Bayes
17659.0,29,11,2240.56,203.69,316,28.6,0,0,0.2382,Naive Bayes
17660.0,70,2,342.22,171.11,667,596.0,1,1,1.0,Naive Bayes
17662.0,590,2,412.92,206.46,652,61.0,1,1,1.0,Naive Bayes
17663.0,13,15,4660.7300000000005,310.72,575,40.1,0,0,0.0134,Naive Bayes
17664.0,141,3,887.78,295.93,550,204.0,0,1,0.9134,Naive Bayes
17665.0,422,1,563.1,563.1,423,423.0,1,1,1.0,Naive Bayes
17666.0,406,3,1319.6399999999999,439.88,457,25.0,0,1,0.9964,Naive Bayes
17667.0,90,8,3646.2,455.78,584,82.2,0,0,0.3406,Naive Bayes
17669.0,14,9,5930.35,658.93,547,66.5,0,0,0.1223,Naive Bayes
17670.0,156,1,205.7,205.7,157,157.0,1,1,0.8897,Naive Bayes
17671.0,86,4,1535.0,383.75,305,72.7,0,1,0.6641,Naive Bayes
17672.0,238,5,3663.4100000000003,732.68,571,110.7,0,1,0.8769,Naive Bayes
17673.0,91,11,3754.5299999999997,341.32,560,52.0,0,0,0.1563,Naive Bayes
17674.0,3,2,551.04,275.52,298,294.0,1,1,0.9855,Naive Bayes
17675.0,30,62,31342.39,505.52,659,11.6,0,0,0.0,Naive Bayes
17676.0,38,8,1808.3,226.04,549,72.9,0,0,0.3967,Naive Bayes
17677.0,11,46,31416.26,682.96,653,22.1,0,0,0.0,Naive Bayes
17678.0,192,2,599.76,299.88,533,340.0,1,1,0.9987,Naive Bayes
17679.0,14,6,3228.7,538.12,666,162.8,0,1,0.5406,Naive Bayes
17680.0,312,2,313.05,156.52,441,128.0,0,1,0.983,Naive Bayes
17681.0,526,5,731.2,146.24,623,32.0,1,1,0.9999,Naive Bayes
17682.0,44,10,3490.3,349.03,571,58.4,0,0,0.1854,Naive Bayes
17683.0,314,3,819.01,273.0,484,84.5,1,1,0.9733,Naive Bayes
17685.0,17,11,5062.55,460.23,596,57.8,0,0,0.0732,Naive Bayes
17686.0,9,8,7667.4400000000005,958.43,463,90.6,0,0,0.1353,Naive Bayes
17687.0,349,1,432.68,432.68,350,350.0,1,1,1.0,Naive Bayes
17688.0,322,1,304.2,304.2,323,323.0,1,1,0.9998,Naive Bayes
17689.0,317,2,317.08,158.54,404,86.0,1,1,0.9799,Naive Bayes
17690.0,30,16,5732.53,358.28,604,40.9,0,0,0.0043,Naive Bayes
17691.0,287,4,637.5500000000001,159.39,476,62.7,1,1,0.9571,Naive Bayes
17692.0,56,12,2960.44,246.7,470,41.3,1,0,0.1346,Naive Bayes
17693.0,66,1,200.47,200.47,67,67.0,1,1,0.6572,Naive Bayes
17694.0,70,3,1695.97,565.32,492,210.5,1,1,0.8882,Naive Bayes
17695.0,60,5,1746.04,349.21,610,137.2,1,1,0.6132,Naive Bayes
17696.0,37,26,7309.47,281.13,659,28.2,0,0,0.0,Naive Bayes
17697.0,165,1,338.95,338.95,166,166.0,1,1,0.9007,Naive Bayes
17698.0,189,1,154.95,154.95,190,190.0,1,1,0.9545,Naive Bayes
17699.0,405,2,442.0,221.0,491,85.0,1,1,0.9967,Naive Bayes
17700.0,23,13,5827.16,448.24,668,58.5,0,0,0.0186,Naive Bayes
17701.0,181,1,417.95,417.95,182,182.0,1,1,0.9323,Naive Bayes
17702.0,37,5,2658.44,531.69,330,73.0,0,1,0.5642,Naive Bayes
17703.0,38,3,787.06,262.35,348,154.5,0,1,0.7748,Naive Bayes
17704.0,97,2,885.19,442.6,169,71.0,1,1,0.6956,Naive Bayes
17705.0,3,9,1452.3,161.37,506,62.8,0,0,0.353,Naive Bayes
17706.0,29,26,17795.16,684.43,619,31.0,0,0,0.0,Naive Bayes
17707.0,114,8,609.3000000000001,76.16,662,78.1,1,0,0.499,Naive Bayes
17708.0,116,4,884.1800000000001,221.04,353,78.7,1,1,0.7308,Naive Bayes
17709.0,98,5,671.01,134.2,533,108.5,1,1,0.6926,Naive Bayes
17710.0,352,1,293.5,293.5,353,353.0,1,1,1.0,Naive Bayes
17711.0,218,1,220.53000000000003,220.53,219,219.0,0,1,0.9802,Naive Bayes
17713.0,311,4,1198.09,299.52,478,55.3,1,1,0.9677,Naive Bayes
17714.0,249,5,1410.18,282.04,443,48.2,1,1,0.9048,Naive Bayes
17715.0,129,2,489.59999999999997,244.8,522,392.0,1,1,0.9997,Naive Bayes
17716.0,4,22,15303.29,695.6,667,38.9,0,0,0.0,Naive Bayes
17717.0,350,1,376.92,376.92,351,351.0,1,1,1.0,Naive Bayes
17718.0,161,2,439.18,219.59,574,412.0,1,1,0.9999,Naive Bayes
17719.0,4,14,5088.9,363.49,185,13.8,0,0,0.0303,Naive Bayes
17720.0,42,9,2358.57,262.06,508,58.1,0,0,0.3218,Naive Bayes
17721.0,588,1,307.21000000000004,307.21,589,589.0,1,1,1.0,Naive Bayes
17722.0,25,5,3520.2200000000003,704.04,305,69.8,1,1,0.5595,Naive Bayes
17723.0,56,7,3378.4000000000005,482.63,305,41.3,1,0,0.4492,Naive Bayes
17724.0,0,3,1033.0,344.33,68,33.5,1,1,0.6043,Naive Bayes
17725.0,29,8,2507.12,313.39,197,23.9,0,0,0.4351,Naive Bayes
17726.0,324,7,1092.06,156.01,612,47.8,1,1,0.9582,Naive Bayes
17728.0,15,3,1707.78,569.26,383,183.5,0,1,0.8248,Naive Bayes
17729.0,525,1,438.65000000000003,438.65,526,526.0,1,1,1.0,Naive Bayes
17730.0,7,16,6022.65,376.42,519,36.5,0,0,0.0042,Naive Bayes
17731.0,8,6,1708.99,284.83,598,147.2,1,1,0.5908,Naive Bayes
17732.0,301,8,2166.42,270.8,417,19.2,1,1,0.9329,Naive Bayes
17733.0,190,1,216.95000000000002,216.95,191,191.0,0,1,0.9523,Naive Bayes
17734.0,65,5,1281.9,256.38,572,126.5,0,1,0.6331,Naive Bayes
17735.0,22,23,14771.550000000001,642.24,427,19.2,0,0,0.0,Naive Bayes
17736.0,42,1,307.49,307.49,43,43.0,0,1,0.6019,Naive Bayes
17738.0,77,12,3876.0,323.0,560,68.9,0,0,0.1007,Naive Bayes
17739.0,0,15,6552.17,436.81,662,47.2,0,0,0.0041,Naive Bayes
17740.0,318,6,426.9,71.15,627,61.6,1,1,0.9647,Naive Bayes
17741.0,335,2,101.1,50.55,490,154.0,1,1,0.9928,Naive Bayes
17742.0,42,11,2098.48,190.77,668,62.5,1,0,0.1556,Naive Bayes
17743.0,377,1,229.2,229.2,378,378.0,1,1,1.0,Naive Bayes
17744.0,179,5,1615.7,323.14,310,32.5,0,1,0.8011,Naive Bayes
17745.0,406,2,600.34,300.17,485,78.0,1,1,0.9964,Naive Bayes
17746.0,169,4,904.1800000000001,226.04,540,185.0,1,1,0.9121,Naive Bayes
17747.0,41,1,71.4,71.4,42,42.0,1,1,0.6701,Naive Bayes
17748.0,456,1,358.15,358.15,457,457.0,1,1,1.0,Naive Bayes
17749.0,107,3,1026.18,342.06,476,184.0,1,1,0.8606,Naive Bayes
17750.0,11,6,1317.84,219.64,94,16.4,0,1,0.5788,Naive Bayes
17751.0,350,1,157.85999999999999,157.86,351,351.0,1,1,1.0,Naive Bayes
17752.0,288,1,80.64,80.64,289,289.0,1,1,0.9991,Naive Bayes
17753.0,393,4,382.06,95.52,632,119.0,1,1,0.9958,Naive Bayes
17754.0,71,10,3361.63,336.16,658,73.2,0,0,0.1823,Naive Bayes
17756.0,304,3,728.75,242.92,324,9.5,1,1,0.9736,Naive Bayes
17757.0,16,47,6946.45,147.8,625,13.5,0,0,0.0,Naive Bayes
17758.0,8,9,3648.31,405.37,498,69.9,0,0,0.2458,Naive Bayes
17759.0,98,4,607.82,151.96,513,207.0,0,1,0.905,Naive Bayes
17760.0,302,5,631.34,126.27,579,92.0,0,1,0.9632,Naive Bayes
17762.0,385,1,129.75,129.75,386,386.0,1,1,1.0,Naive Bayes
17763.0,192,4,86.15,21.54,589,198.0,1,1,0.9545,Naive Bayes
17764.0,140,4,971.69,242.92,666,175.0,0,1,0.8276,Naive Bayes
17765.0,87,4,524.0,131.0,378,96.7,1,1,0.7275,Naive Bayes
17766.0,310,2,299.61,149.8,311,311.0,1,1,0.9997,Naive Bayes
17767.0,339,1,141.85,141.85,340,340.0,0,1,0.9999,Naive Bayes
17768.0,95,5,1596.66,319.33,667,190.3,0,1,0.785,Naive Bayes
17769.0,67,11,4913.83,446.71,619,55.1,0,0,0.0851,Naive Bayes
17770.0,127,5,1143.27,228.65,212,28.0,1,1,0.7336,Naive Bayes
17771.0,252,3,257.4,85.8,519,133.0,0,1,0.9535,Naive Bayes
17772.0,321,1,187.3,187.3,322,322.0,0,1,0.9998,Naive Bayes
17773.0,443,2,575.37,287.68,620,176.0,1,1,0.9993,Naive Bayes
17774.0,25,9,3272.83,363.65,599,71.6,1,0,0.2341,Naive Bayes
17775.0,183,1,56.4,56.4,184,184.0,1,1,0.9543,Naive Bayes
17776.0,315,2,329.3,164.65,653,337.0,1,1,0.9998,Naive Bayes
17777.0,29,1,189.79999999999998,189.8,30,30.0,0,1,0.6199,Naive Bayes
17778.0,590,1,197.70000000000002,197.7,591,591.0,1,1,1.0,Naive Bayes
17779.0,16,2,481.26,240.63,73,56.0,0,1,0.6227,Naive Bayes
17780.0,596,3,346.56,115.52,614,17.0,1,1,1.0,Naive Bayes
17781.0,88,2,188.02,94.01,183,94.0,1,1,0.7596,Naive Bayes
17782.0,311,2,679.02,339.51,312,312.0,1,1,0.9996,Naive Bayes
17783.0,1,3,376.96,125.65,442,220.0,1,1,0.913,Naive Bayes
17784.0,479,1,112.86,112.86,480,480.0,1,1,1.0,Naive Bayes
17785.0,374,2,271.44,135.72,495,120.0,0,1,0.9949,Naive Bayes
17786.0,14,2,266.85,133.43,247,232.0,1,1,0.9411,Naive Bayes
17787.0,81,4,1817.54,454.38,301,73.0,1,1,0.6536,Naive Bayes
17788.0,2,2,1112.95,556.48,59,56.0,1,1,0.609,Naive Bayes
17789.0,210,2,397.15,198.58,591,380.0,1,1,0.9998,Naive Bayes
17790.0,49,18,2178.62,121.03,474,28.3,0,0,0.0059,Naive Bayes
17792.0,396,2,368.35,184.18,408,11.0,1,1,0.9964,Naive Bayes
17794.0,615,2,147.3,73.65,618,2.0,1,1,1.0,Naive Bayes
17795.0,108,2,342.83,171.42,194,85.0,1,1,0.7538,Naive Bayes
17796.0,242,6,1160.49,193.42,351,21.6,0,1,0.9043,Naive Bayes
17797.0,111,6,1463.85,243.98,654,108.4,0,1,0.5835,Naive Bayes
17798.0,510,1,172.17,172.17,511,511.0,1,1,1.0,Naive Bayes
17799.0,28,19,5722.75,301.2,656,41.8,0,0,0.0005,Naive Bayes
17800.0,20,7,903.8000000000001,129.11,264,40.5,0,1,0.5603,Naive Bayes
17801.0,380,3,770.03,256.68,621,120.0,1,1,0.9935,Naive Bayes
17802.0,11,10,4946.22,494.62,656,80.5,1,0,0.1003,Naive Bayes
17803.0,321,1,184.66,184.66,322,322.0,1,1,0.9998,Naive Bayes
17804.0,305,3,383.78000000000003,127.93,668,181.0,1,1,0.9854,Naive Bayes
17805.0,2,2,927.03,463.52,540,537.0,1,1,1.0,Naive Bayes
17807.0,324,3,437.87,145.96,634,154.5,1,1,0.9861,Naive Bayes
17808.0,477,4,262.64,65.66,511,11.0,1,1,0.9996,Naive Bayes
17809.0,58,16,7530.6900000000005,470.67,667,46.8,0,0,0.0014,Naive Bayes
17810.0,597,2,343.21,171.6,613,15.0,1,1,1.0,Naive Bayes
17811.0,2,35,6945.59,198.45,375,11.6,0,0,0.0,Naive Bayes
17812.0,297,4,405.48,101.37,460,54.0,0,1,0.9674,Naive Bayes
17813.0,0,1,306.61,306.61,1,1.0,0,1,0.6018,Naive Bayes
17814.0,304,2,1609.37,804.68,352,47.0,1,1,0.9784,Naive Bayes
17815.0,322,1,591.96,591.96,323,323.0,1,1,0.9998,Naive Bayes
17816.0,198,4,80.86,20.22,654,151.7,0,1,0.9034,Naive Bayes
17817.0,206,5,670.17,134.03,352,48.3,0,1,0.8712,Naive Bayes
17818.0,666,1,124.78,124.78,667,667.0,1,1,1.0,Naive Bayes
17819.0,0,12,6021.05,501.75,656,59.5,1,0,0.0272,Naive Bayes
17820.0,303,1,180.60999999999999,180.61,304,304.0,1,1,0.9995,Naive Bayes
17821.0,335,1,334.62,334.62,336,336.0,1,1,0.9999,Naive Bayes
17822.0,349,5,2154.08,430.82,490,140.0,1,1,0.9891,Naive Bayes
17823.0,350,2,449.25,224.62,351,351.0,1,1,1.0,Naive Bayes
17825.0,527,4,701.96,175.49,655,127.0,1,1,0.9999,Naive Bayes
17826.0,303,1,133.34,133.34,304,304.0,1,1,0.9995,Naive Bayes
17827.0,171,5,1969.31,393.86,551,189.5,0,1,0.8975,Naive Bayes
17828.0,38,3,876.66,292.22,114,37.5,0,1,0.633,Naive Bayes
17829.0,227,5,4756.74,951.35,585,89.2,1,1,0.8561,Naive Bayes
17830.0,190,2,287.65000000000003,143.83,218,27.0,0,1,0.8687,Naive Bayes
17833.0,652,1,338.46000000000004,338.46,653,653.0,1,1,1.0,Naive Bayes
17834.0,343,2,689.6700000000001,344.84,375,31.0,1,1,0.9855,Naive Bayes
17837.0,4,4,528.65,132.16,93,29.3,0,1,0.6502,Naive Bayes
17838.0,18,12,5151.24,429.27,560,54.1,0,0,0.0506,Naive Bayes
17840.0,372,1,175.9,175.9,373,373.0,1,1,1.0,Naive Bayes
17841.0,1,175,53841.0,307.66,667,4.1,0,0,0.0,Naive Bayes
17842.0,531,1,430.69,430.69,532,532.0,1,1,1.0,Naive Bayes
17843.0,232,2,312.65,156.32,341,108.0,1,1,0.9308,Naive Bayes
17844.0,35,1,51.559999999999995,51.56,36,36.0,1,1,0.6748,Naive Bayes
17845.0,484,4,596.09,149.02,506,21.0,1,1,0.9996,Naive Bayes
17847.0,444,2,125.74000000000001,62.87,575,130.0,1,1,0.9992,Naive Bayes
17848.0,10,30,3538.46,117.95,663,24.1,1,0,0.0,Naive Bayes
17849.0,147,8,1063.76,132.97,565,69.5,1,1,0.5965,Naive Bayes
17850.0,301,155,51208.87,330.38,664,16.5,1,0,0.0,Naive Bayes
17851.0,351,6,1552.35,258.72,666,62.8,1,1,0.9744,Naive Bayes
17852.0,317,3,543.47,181.16,661,171.5,0,1,0.9858,Naive Bayes
17853.0,336,3,1596.29,532.1,666,164.5,1,1,0.9876,Naive Bayes
17854.0,114,6,1068.5,178.08,661,136.5,1,1,0.6669,Naive Bayes
17855.0,301,1,208.97,208.97,302,302.0,1,1,0.9994,Naive Bayes
17856.0,162,3,1142.63,380.88,211,24.0,0,1,0.8002,Naive Bayes
17857.0,1,16,15307.52,956.72,571,40.6,0,0,0.0,Naive Bayes
17858.0,11,28,11285.380000000001,403.05,663,26.0,0,0,0.0,Naive Bayes
17859.0,233,1,141.92000000000002,141.92,234,234.0,1,1,0.9896,Naive Bayes
17860.0,297,4,717.39,179.35,658,180.0,1,1,0.9813,Naive Bayes
17861.0,65,15,4289.9,285.99,659,45.6,0,0,0.0149,Naive Bayes
17862.0,252,4,1254.89,313.72,493,80.0,1,1,0.9142,Naive Bayes
17863.0,9,11,4327.78,393.43,582,57.2,0,0,0.0968,Naive Bayes
17864.0,18,4,759.79,189.95,357,112.7,0,1,0.6836,Naive Bayes
17865.0,8,43,24298.850000000002,565.09,668,20.6,0,0,0.0,Naive Bayes
17866.0,71,3,1134.95,378.32,655,291.5,1,1,0.9764,Naive Bayes
17867.0,72,12,1360.3300000000002,113.36,667,66.0,0,0,0.1411,Naive Bayes
17868.0,315,1,227.15,227.15,316,316.0,1,1,0.9997,Naive Bayes
17869.0,36,7,813.64,116.23,477,88.0,1,1,0.5482,Naive Bayes
17870.0,0,9,1792.56,199.17,311,62.0,0,0,0.3905,Naive Bayes
17871.0,133,5,1068.95,213.79,623,122.2,1,1,0.71,Naive Bayes
17872.0,310,1,235.87,235.87,311,311.0,1,1,0.9996,Naive Bayes
17873.0,9,18,6135.95,340.89,653,45.9,1,0,0.0008,Naive Bayes
17874.0,114,6,683.46,113.91,185,35.0,1,1,0.7146,Naive Bayes
17875.0,617,1,167.1,167.1,618,618.0,1,1,1.0,Naive Bayes
17876.0,328,3,3424.02,1141.34,605,138.0,1,1,0.9944,Naive Bayes
17877.0,99,1,237.61,237.61,100,100.0,1,1,0.7255,Naive Bayes
17878.0,324,2,999.48,499.74,325,325.0,0,1,0.9998,Naive Bayes
17879.0,102,1,178.51999999999998,178.52,103,103.0,1,1,0.7471,Naive Bayes
17880.0,293,3,824.9200000000001,274.97,660,183.0,1,1,0.9795,Naive Bayes
17881.0,233,1,133.35000000000002,133.35,234,234.0,1,1,0.9897,Naive Bayes
17882.0,308,2,291.56,145.78,309,309.0,1,1,0.9996,Naive Bayes
17883.0,15,5,521.88,104.38,582,188.7,0,1,0.8052,Naive Bayes
17884.0,240,19,2588.94,136.26,665,30.3,0,0,0.0103,Naive Bayes
17886.0,139,5,1080.98,216.2,519,94.8,0,1,0.7233,Naive Bayes
17887.0,58,1,111.35,111.35,59,59.0,1,1,0.6731,Naive Bayes
17888.0,8,22,1447.04,65.77,648,32.0,0,0,0.0002,Naive Bayes
17889.0,141,7,746.42,106.63,548,101.5,1,1,0.6901,Naive Bayes
17890.0,251,2,586.89,293.44,291,39.0,1,1,0.9279,Naive Bayes
17891.0,91,1,203.85999999999999,203.86,92,92.0,1,1,0.7116,Naive Bayes
17892.0,84,1,142.1,142.1,85,85.0,0,1,0.7118,Naive Bayes
17893.0,154,1,107.21,107.21,155,155.0,1,1,0.8987,Naive Bayes
17894.0,0,18,2304.16,128.01,399,24.9,1,0,0.0057,Naive Bayes
17897.0,101,9,2053.04,228.12,506,57.7,1,0,0.4082,Naive Bayes
17898.0,14,4,299.18,74.8,497,160.7,1,1,0.7822,Naive Bayes
17899.0,88,1,154.55,154.55,89,89.0,1,1,0.7175,Naive Bayes
17900.0,119,2,112.19999999999999,56.1,120,120.0,1,1,0.8342,Naive Bayes
17901.0,450,2,149.7,74.85,451,451.0,0,1,1.0,Naive Bayes
17902.0,475,1,216.39999999999998,216.4,476,476.0,1,1,1.0,Naive Bayes
17903.0,323,1,381.09000000000003,381.09,324,324.0,1,1,0.9998,Naive Bayes
17905.0,0,13,2168.37,166.8,610,55.4,1,0,0.0751,Naive Bayes
17906.0,176,1,72.9,72.9,177,177.0,1,1,0.9432,Naive Bayes
17907.0,569,1,291.76,291.76,570,570.0,1,1,1.0,Naive Bayes
17908.0,302,5,1142.47,228.49,655,88.0,1,1,0.949,Naive Bayes
17909.0,666,1,110.05,110.05,667,667.0,1,1,1.0,Naive Bayes
17910.0,655,1,261.7,261.7,656,656.0,1,1,1.0,Naive Bayes
17912.0,239,6,371.6,61.93,305,16.2,1,1,0.9208,Naive Bayes
17913.0,284,13,3234.4900000000002,248.81,666,34.6,0,0,0.4322,Naive Bayes
17915.0,480,1,225.78,225.78,481,481.0,1,1,1.0,Naive Bayes
17916.0,557,2,43.87,21.94,663,105.0,1,1,1.0,Naive Bayes
17917.0,185,2,226.71,113.36,292,106.0,0,1,0.8859,Naive Bayes
17918.0,429,3,388.44,129.48,435,2.5,1,1,0.9986,Naive Bayes
17919.0,17,2,1840.32,920.16,368,350.0,1,1,0.9988,Naive Bayes
17920.0,7,47,22006.18,468.22,663,15.2,0,0,0.0,Naive Bayes
17921.0,77,9,2169.6,241.07,442,45.5,0,0,0.3888,Naive Bayes
17922.0,472,1,170.4,170.4,473,473.0,1,1,1.0,Naive Bayes
17923.0,211,3,497.0,165.67,474,131.0,1,1,0.9126,Naive Bayes
17924.0,230,3,797.4000000000001,265.8,344,56.5,0,1,0.9031,Naive Bayes
17925.0,301,1,244.08,244.08,302,302.0,1,1,0.9994,Naive Bayes
17926.0,62,5,1035.49,207.1,509,111.5,1,1,0.6412,Naive Bayes
17927.0,650,1,294.0,294.0,651,651.0,1,1,1.0,Naive Bayes
17928.0,175,2,206.96,103.48,501,325.0,0,1,0.9981,Naive Bayes
17929.0,41,11,2946.1,267.83,660,68.7,0,0,0.1325,Naive Bayes
17930.0,0,11,3525.34,320.49,575,57.4,0,0,0.1245,Naive Bayes
17931.0,63,14,3402.24,243.02,591,52.7,1,0,0.041,Naive Bayes
17932.0,102,2,934.51,467.26,141,38.0,0,1,0.6951,Naive Bayes
17933.0,561,1,105.99,105.99,562,562.0,1,1,1.0,Naive Bayes
17934.0,335,1,344.90000000000003,344.9,336,336.0,0,1,0.9999,Naive Bayes
17935.0,67,7,683.24,97.61,665,119.4,1,1,0.5396,Naive Bayes
17937.0,43,5,3614.52,722.9,292,62.0,0,1,0.5703,Naive Bayes
17938.0,349,1,144.29,144.29,350,350.0,1,1,1.0,Naive Bayes
17939.0,88,1,99.14,99.14,89,89.0,1,1,0.7353,Naive Bayes
17940.0,37,13,28197.58,2169.04,666,62.8,0,0,0.0,Naive Bayes
17941.0,59,4,1433.28,358.32,632,190.7,1,1,0.7825,Naive Bayes
17944.0,352,1,74.99,74.99,353,353.0,1,1,1.0,Naive Bayes
17945.0,625,3,359.5,119.83,626,626.0,1,1,1.0,Naive Bayes
17946.0,162,2,149.57999999999998,74.79,189,26.0,1,1,0.8435,Naive Bayes
17948.0,76,1,358.56000000000006,358.56,77,77.0,1,1,0.6504,Naive Bayes
17949.0,22,104,97532.2,937.81,667,10.4,0,0,0.0,Naive Bayes
17950.0,1,7,1166.29,166.61,634,126.4,1,1,0.5036,Naive Bayes
17951.0,287,3,741.5400000000001,247.18,334,23.0,0,1,0.9618,Naive Bayes
17952.0,307,4,788.46,197.12,471,163.0,1,1,0.9861,Naive Bayes
17953.0,469,1,148.67000000000002,148.67,470,470.0,1,1,1.0,Naive Bayes
17954.0,52,17,3372.91,198.41,660,40.5,0,0,0.0057,Naive Bayes
17955.0,127,6,949.9,158.32,595,116.8,1,1,0.6894,Naive Bayes
17956.0,178,1,12.75,12.75,179,179.0,1,1,0.9522,Naive Bayes
17958.0,45,2,973.88,486.94,658,612.0,1,1,1.0,Naive Bayes
17959.0,521,1,140.75,140.75,522,522.0,1,1,1.0,Naive Bayes
17960.0,100,3,135.08,45.03,571,235.0,1,1,0.9508,Naive Bayes
17961.0,10,96,2836.94,29.55,668,8.2,0,0,0.0,Naive Bayes
17962.0,71,4,665.91,166.48,625,276.5,1,1,0.9706,Naive Bayes
17963.0,400,4,643.16,160.79,619,72.7,1,1,0.9951,Naive Bayes
17964.0,301,1,261.76,261.76,302,302.0,0,1,0.9994,Naive Bayes
17965.0,20,27,6655.12,246.49,655,25.4,0,0,0.0,Naive Bayes
17966.0,80,9,1459.92,162.21,620,107.8,0,0,0.4051,Naive Bayes
17967.0,300,2,223.42,111.71,346,45.0,1,1,0.973,Naive Bayes
17968.0,302,4,590.4399999999999,147.61,442,46.3,1,1,0.9689,Naive Bayes
17969.0,95,20,2354.29,117.71,663,29.8,1,0,0.001,Naive Bayes
17970.0,140,1,562.79,562.79,141,141.0,1,1,0.8413,Naive Bayes
17971.0,477,1,161.94,161.94,478,478.0,1,1,1.0,Naive Bayes
17972.0,170,1,135.19,135.19,171,171.0,1,1,0.9268,Naive Bayes
17974.0,148,4,1199.17,299.79,337,62.7,0,1,0.7632,Naive Bayes
17975.0,43,22,6160.22,280.01,420,17.9,0,0,0.0,Naive Bayes
17976.0,301,1,321.79,321.79,302,302.0,1,1,0.9994,Naive Bayes
17977.0,329,1,1223.31,1223.31,330,330.0,0,1,1.0,Naive Bayes
17978.0,294,4,1159.99,290.0,661,122.0,1,1,0.9541,Naive Bayes
17979.0,97,3,494.54,164.85,189,91.0,0,1,0.7496,Naive Bayes
17980.0,94,4,1012.72,253.18,323,76.0,1,1,0.6949,Naive Bayes
17981.0,339,1,239.12,239.12,340,340.0,1,1,0.9999,Naive Bayes
17982.0,609,1,138.18,138.18,610,610.0,1,1,1.0,Naive Bayes
17983.0,324,1,171.71,171.71,325,325.0,1,1,0.9998,Naive Bayes
17984.0,74,5,1148.69,229.74,668,148.2,1,1,0.6523,Naive Bayes
17987.0,114,5,965.4399999999999,193.09,480,91.2,1,1,0.6955,Naive Bayes
17988.0,46,11,430.57,39.14,662,76.9,0,0,0.2124,Naive Bayes
17989.0,308,1,207.32999999999998,207.33,309,309.0,1,1,0.9996,Naive Bayes
17990.0,165,6,1527.6100000000001,254.6,662,99.2,1,1,0.675,Naive Bayes
17991.0,154,3,298.65,99.55,521,183.0,1,1,0.916,Naive Bayes
17992.0,318,1,252.88,252.88,319,319.0,1,1,0.9997,Naive Bayes
17993.0,546,1,225.99,225.99,547,547.0,1,1,1.0,Naive Bayes
17994.0,50,11,2264.0299999999997,205.82,550,49.9,1,0,0.1915,Naive Bayes
17995.0,210,3,495.48,165.16,317,53.0,1,1,0.8883,Naive Bayes
17996.0,308,3,469.73,156.58,476,167.0,1,1,0.9881,Naive Bayes
17997.0,3,8,1962.46,245.31,94,12.9,1,0,0.4578,Naive Bayes
17998.0,309,3,639.24,213.08,668,179.0,1,1,0.9844,Naive Bayes
17999.0,295,2,338.41,169.2,308,12.0,0,1,0.9708,Naive Bayes
18000.0,493,1,124.25,124.25,494,494.0,1,1,1.0,Naive Bayes
18001.0,15,5,759.14,151.83,667,217.0,0,1,0.843,Naive Bayes
18002.0,304,4,237.62,59.4,661,118.7,1,1,0.9705,Naive Bayes
18003.0,305,1,353.51,353.51,306,306.0,1,1,0.9995,Naive Bayes
18004.0,291,1,157.92,157.92,292,292.0,1,1,0.9991,Naive Bayes
18006.0,310,3,524.83,174.94,652,170.5,0,1,0.984,Naive Bayes
18007.0,321,1,215.22,215.22,322,322.0,1,1,0.9998,Naive Bayes
18008.0,2,22,19750.8,897.76,632,33.1,0,0,0.0,Naive Bayes
18009.0,164,8,2144.23,268.03,582,69.5,1,1,0.5718,Naive Bayes
18010.0,185,1,174.8,174.8,186,186.0,1,1,0.9478,Naive Bayes
18011.0,302,2,410.79,205.4,497,194.0,1,1,0.9904,Naive Bayes
18012.0,652,1,115.3,115.3,653,653.0,1,1,1.0,Naive Bayes
18013.0,84,2,187.29,93.64,85,85.0,1,1,0.7399,Naive Bayes
18016.0,3,6,1584.31,264.05,611,121.4,0,1,0.5199,Naive Bayes
18017.0,10,4,688.0,172.0,361,116.7,1,1,0.6923,Naive Bayes
18018.0,37,4,297.99,74.5,350,104.0,1,1,0.7159,Naive Bayes
18020.0,472,1,190.48000000000002,190.48,473,473.0,1,1,1.0,Naive Bayes
18021.0,438,2,216.41,108.2,442,3.0,1,1,0.9989,Naive Bayes
18022.0,314,4,893.9,223.48,476,53.7,0,1,0.9716,Naive Bayes
18024.0,81,2,389.78,194.89,82,82.0,1,1,0.7037,Naive Bayes
18025.0,308,6,1177.72,196.29,549,60.0,1,1,0.9565,Naive Bayes
18026.0,429,2,2074.07,1037.04,435,5.0,1,1,0.9994,Naive Bayes
18027.0,27,1,115.31,115.31,28,28.0,1,1,0.6449,Naive Bayes
18028.0,512,1,192.05,192.05,513,513.0,1,1,1.0,Naive Bayes
18029.0,571,1,433.77,433.77,572,572.0,1,1,1.0,Naive Bayes
18031.0,307,1,451.3,451.3,308,308.0,1,1,0.9995,Naive Bayes
18032.0,263,1,73.5,73.5,264,264.0,1,1,0.9972,Naive Bayes
18034.0,304,1,334.67,334.67,305,305.0,0,1,0.9994,Naive Bayes
18035.0,314,2,546.34,273.17,315,315.0,0,1,0.9997,Naive Bayes
18036.0,34,10,1396.06,139.61,651,77.0,0,0,0.2459,Naive Bayes
18037.0,83,15,167.42,11.16,668,44.9,1,0,0.0407,Naive Bayes
18038.0,485,1,141.48,141.48,486,486.0,1,1,1.0,Naive Bayes
18039.0,303,4,548.22,137.06,570,88.7,1,1,0.9663,Naive Bayes
18040.0,174,1,239.0,239.0,175,175.0,0,1,0.925,Naive Bayes
18041.0,6,34,7053.68,207.46,624,19.9,0,0,0.0,Naive Bayes
18042.0,470,1,116.1,116.1,471,471.0,0,1,1.0,Naive Bayes
18043.0,135,2,421.59,210.8,296,160.0,0,1,0.8769,Naive Bayes
18044.0,16,16,2954.51,184.66,490,31.5,0,0,0.0163,Naive Bayes
18046.0,578,1,189.63,189.63,579,579.0,1,1,1.0,Naive Bayes
18047.0,310,2,326.09,163.04,311,311.0,1,1,0.9997,Naive Bayes
18048.0,132,3,394.93,131.64,423,290.0,1,1,0.9916,Naive Bayes
18049.0,366,2,500.5,250.25,520,153.0,1,1,0.9949,Naive Bayes
18050.0,288,2,412.06,206.03,323,34.0,1,1,0.9629,Naive Bayes
18051.0,563,7,2282.28,326.04,660,16.0,1,1,0.9999,Naive Bayes
18052.0,493,1,10877.18,10877.18,494,494.0,1,1,1.0,Naive Bayes
18053.0,454,2,271.05,135.52,457,2.0,0,1,0.9993,Naive Bayes
18054.0,321,1,176.5,176.5,322,322.0,1,1,0.9998,Naive Bayes
18055.0,13,12,8287.17,690.6,343,32.9,0,0,0.0132,Naive Bayes
18056.0,217,2,554.6,277.3,548,330.0,1,1,0.9987,Naive Bayes
18057.0,322,3,1168.14,389.38,620,148.5,1,1,0.9815,Naive Bayes
18058.0,470,2,603.9,301.95,597,126.0,0,1,0.9995,Naive Bayes
18060.0,337,2,1185.46,592.73,494,156.0,1,1,0.9912,Naive Bayes
18061.0,36,26,5757.91,221.46,665,26.2,0,0,0.0,Naive Bayes
18062.0,102,6,1632.67,272.11,527,84.8,1,1,0.5932,Naive Bayes
18063.0,319,2,186.60000000000002,93.3,563,243.0,1,1,0.9976,Naive Bayes
18064.0,62,11,4481.83,407.44,606,67.9,1,0,0.1021,Naive Bayes
18065.0,15,25,5402.99,216.12,660,46.0,0,0,0.0,Naive Bayes
18066.0,4,3,1440.4,480.13,345,170.0,1,1,0.7893,Naive Bayes
18068.0,218,1,101.69999999999999,101.7,219,219.0,1,1,0.9832,Naive Bayes
18069.0,17,10,4200.95,420.1,579,70.1,0,0,0.1457,Naive Bayes
18070.0,598,1,314.1,314.1,599,599.0,1,1,1.0,Naive Bayes
18071.0,186,6,1169.68,194.95,664,119.2,1,1,0.7688,Naive Bayes
18072.0,114,1,247.44,247.44,115,115.0,1,1,0.7669,Naive Bayes
18073.0,43,12,3859.82,321.65,127,9.2,1,0,0.1287,Naive Bayes
18074.0,302,2,1019.44,509.72,435,132.0,1,1,0.9771,Naive Bayes
18075.0,35,18,5129.29,284.96,428,23.1,0,0,0.0022,Naive Bayes
18076.0,309,1,151.49,151.49,310,310.0,1,1,0.9996,Naive Bayes
18077.0,32,14,3116.72,222.62,662,48.4,0,0,0.0338,Naive Bayes
18078.0,146,4,725.53,181.38,558,137.0,1,1,0.8089,Naive Bayes
18079.0,55,3,2796.96,932.32,421,182.5,0,1,0.895,Naive Bayes
18080.0,171,1,841.4999999999999,841.5,172,172.0,0,1,0.9462,Naive Bayes
18081.0,41,2,208.05,104.02,63,21.0,0,1,0.6821,Naive Bayes
18083.0,326,1,463.53,463.53,327,327.0,1,1,0.9998,Naive Bayes
18084.0,312,2,704.75,352.38,318,5.0,0,1,0.976,Naive Bayes
18085.0,259,4,1341.8500000000001,335.46,558,99.3,1,1,0.9203,Naive Bayes
18086.0,203,1,101.34,101.34,204,204.0,1,1,0.9725,Naive Bayes
18087.0,219,16,13908.72,869.3,668,37.3,1,0,0.0,Naive Bayes
18089.0,375,1,428.45,428.45,376,376.0,1,1,1.0,Naive Bayes
18090.0,350,1,321.9,321.9,351,351.0,1,1,1.0,Naive Bayes
18091.0,522,1,360.85,360.85,523,523.0,1,1,1.0,Naive Bayes
18092.0,15,16,12780.98,798.81,665,46.4,0,0,0.0,Naive Bayes
18093.0,22,8,4452.71,556.59,548,75.0,1,0,0.2492,Naive Bayes
18094.0,10,13,6391.52,491.66,631,68.9,1,0,0.0153,Naive Bayes
18095.0,241,5,2303.09,460.62,529,71.8,1,1,0.8689,Naive Bayes
18096.0,371,3,789.1,263.03,443,35.5,0,1,0.992,Naive Bayes
18097.0,55,10,3951.7200000000003,395.17,652,74.5,0,0,0.1496,Naive Bayes
18098.0,325,1,527.94,527.94,326,326.0,1,1,0.9998,Naive Bayes
18099.0,56,1,168.31,168.31,57,57.0,1,1,0.6505,Naive Bayes
18100.0,479,1,451.56,451.56,480,480.0,1,1,1.0,Naive Bayes
18101.0,72,4,509.84,127.46,604,177.0,0,1,0.8042,Naive Bayes
18102.0,1,125,501489.15,4011.91,668,11.3,0,0,0.0,Naive Bayes
18103.0,478,1,105.8,105.8,479,479.0,1,1,1.0,Naive Bayes
18106.0,258,6,1441.06,240.18,623,121.3,1,1,0.9085,Naive Bayes
18107.0,371,1,165.88,165.88,372,372.0,1,1,1.0,Naive Bayes
18108.0,183,3,848.8100000000001,282.94,667,241.5,1,1,0.9659,Naive Bayes
18109.0,1,31,6689.03,215.78,456,15.1,0,0,0.0,Naive Bayes
18110.0,340,1,193.48000000000002,193.48,341,341.0,0,1,0.9999,Naive Bayes
18111.0,518,1,405.85,405.85,519,519.0,1,1,1.0,Naive Bayes
18112.0,95,3,617.31,205.77,481,192.5,0,1,0.8793,Naive Bayes
18113.0,297,1,76.32000000000001,76.32,298,298.0,1,1,0.9994,Naive Bayes
18114.0,219,1,220.1,220.1,220,220.0,1,1,0.9809,Naive Bayes
18115.0,626,1,9.700000000000001,9.7,627,627.0,1,1,1.0,Naive Bayes
18116.0,163,12,1967.33,163.94,341,16.1,0,0,0.3528,Naive Bayes
18118.0,6,23,5010.12,217.83,311,13.8,0,0,0.0,Naive Bayes
18119.0,296,1,180.7,180.7,297,297.0,1,1,0.9993,Naive Bayes
18120.0,143,1,111.15,111.15,144,144.0,1,1,0.8729,Naive Bayes
18121.0,78,2,653.3,326.65,84,5.0,1,1,0.6817,Naive Bayes
18122.0,13,2,321.13,160.56,80,66.0,0,1,0.6484,Naive Bayes
18123.0,442,1,92.2,92.2,443,443.0,0,1,1.0,Naive Bayes
18124.0,401,1,102.65,102.65,402,402.0,1,1,1.0,Naive Bayes
18125.0,130,3,933.9,311.3,246,57.5,0,1,0.747,Naive Bayes
18127.0,62,2,348.65000000000003,174.32,333,270.0,0,1,0.9773,Naive Bayes
18128.0,466,1,399.29,399.29,467,467.0,1,1,1.0,Naive Bayes
18129.0,172,1,112.55000000000001,112.55,173,173.0,1,1,0.9327,Naive Bayes
18131.0,560,1,222.95999999999998,222.96,561,561.0,1,1,1.0,Naive Bayes
18132.0,433,1,220.13,220.13,434,434.0,1,1,1.0,Naive Bayes
18133.0,141,1,931.4999999999999,931.5,142,142.0,1,1,0.9159,Naive Bayes
18134.0,527,2,445.0,222.5,624,96.0,1,1,0.9999,Naive Bayes
18135.0,9,7,801.1800000000001,114.45,564,92.3,0,1,0.5006,Naive Bayes
18136.0,140,4,1447.88,361.97,381,80.0,0,1,0.7438,Naive Bayes
18137.0,480,2,145.99,73.0,481,481.0,1,1,1.0,Naive Bayes
18138.0,224,1,152.65,152.65,225,225.0,1,1,0.9853,Naive Bayes
18140.0,402,1,536.41,536.41,403,403.0,1,1,1.0,Naive Bayes
18141.0,330,2,882.47,441.24,519,188.0,1,1,0.9929,Naive Bayes
18142.0,86,2,1019.52,509.76,145,58.0,1,1,0.6779,Naive Bayes
18143.0,45,2,1000.16,500.08,71,25.0,1,1,0.6291,Naive Bayes
18144.0,7,17,4345.95,255.64,653,43.0,0,0,0.0036,Naive Bayes
18145.0,16,10,4851.44,485.14,661,71.6,0,0,0.1,Naive Bayes
18146.0,69,2,160.35000000000002,80.18,150,80.0,1,1,0.7301,Naive Bayes
18147.0,37,1,98.88,98.88,38,38.0,0,1,0.6558,Naive Bayes
18148.0,575,1,112.85000000000001,112.85,576,576.0,1,1,1.0,Naive Bayes
18149.0,144,6,1491.56,248.59,565,84.0,0,1,0.6621,Naive Bayes
18150.0,69,2,413.28,206.64,131,61.0,0,1,0.6786,Naive Bayes
18151.0,63,6,1879.44,313.24,575,102.2,1,1,0.5268,Naive Bayes
18152.0,575,1,426.69,426.69,576,576.0,1,1,1.0,Naive Bayes
18153.0,588,1,246.22,246.22,589,589.0,1,1,1.0,Naive Bayes
18154.0,317,3,533.41,177.8,420,51.0,0,1,0.9773,Naive Bayes
18155.0,4,3,371.62,123.87,221,108.0,1,1,0.714,Naive Bayes
18156.0,298,1,186.88,186.88,299,299.0,0,1,0.9993,Naive Bayes
18157.0,500,1,213.9,213.9,501,501.0,1,1,1.0,Naive Bayes
18158.0,17,1,343.8,343.8,18,18.0,0,1,0.5883,Naive Bayes
18159.0,230,1,530.15,530.15,231,231.0,1,1,0.9862,Naive Bayes
18160.0,129,2,684.37,342.18,316,186.0,0,1,0.9005,Naive Bayes
18161.0,69,4,955.67,238.92,309,79.7,0,1,0.6726,Naive Bayes
18162.0,661,1,371.51,371.51,662,662.0,1,1,1.0,Naive Bayes
18163.0,513,1,728.84,728.84,514,514.0,1,1,1.0,Naive Bayes
18165.0,106,1,302.46000000000004,302.46,107,107.0,1,1,0.7352,Naive Bayes
18166.0,552,1,175.5,175.5,553,553.0,1,1,1.0,Naive Bayes
18167.0,34,1,498.48,498.48,35,35.0,0,1,0.5934,Naive Bayes
18168.0,105,16,3435.5,214.72,666,37.3,1,0,0.014,Naive Bayes
18170.0,41,8,2553.2000000000003,319.15,630,84.0,0,0,0.3272,Naive Bayes
18171.0,28,8,2200.31,275.04,633,86.3,0,0,0.3383,Naive Bayes
18172.0,7,46,16279.0,353.89,658,21.0,0,0,0.0,Naive Bayes
18173.0,15,5,2696.36,539.27,542,131.5,1,1,0.5786,Naive Bayes
18174.0,532,1,58.5,58.5,533,533.0,0,1,1.0,Naive Bayes
18175.0,604,1,176.1,176.1,605,605.0,1,1,1.0,Naive Bayes
18176.0,287,1,476.35,476.35,288,288.0,1,1,0.9987,Naive Bayes
18177.0,86,8,1912.72,239.09,654,81.0,0,0,0.3912,Naive Bayes
18178.0,57,11,6103.74,554.89,589,53.1,1,0,0.0536,Naive Bayes
18179.0,181,6,1857.54,309.59,593,82.2,0,1,0.7154,Naive Bayes
18180.0,9,4,1206.36,301.59,72,20.7,0,1,0.6091,Naive Bayes
18181.0,329,4,821.49,205.37,665,111.7,0,1,0.9762,Naive Bayes
18182.0,392,1,291.13,291.13,393,393.0,1,1,1.0,Naive Bayes
18183.0,156,2,632.07,316.04,204,47.0,1,1,0.788,Naive Bayes
18185.0,178,1,304.25,304.25,179,179.0,1,1,0.929,Naive Bayes
18186.0,651,1,329.58,329.58,652,652.0,1,1,1.0,Naive Bayes
18187.0,560,1,724.89,724.89,561,561.0,1,1,1.0,Naive Bayes
18188.0,6,5,2887.83,577.57,553,136.5,0,1,0.5819,Naive Bayes
18189.0,6,3,1403.73,467.91,555,274.0,1,1,0.9626,Naive Bayes
18190.0,121,5,745.62,149.12,647,131.2,1,1,0.7126,Naive Bayes
18191.0,190,2,529.4,264.7,407,216.0,1,1,0.9667,Naive Bayes
18192.0,0,1,957.97,957.97,1,1.0,1,1,0.7726,Naive Bayes
18193.0,94,3,1207.35,402.45,372,138.5,1,1,0.7699,Naive Bayes
18194.0,11,6,4162.04,693.67,610,119.6,1,0,0.4268,Naive Bayes
18195.0,316,1,101.16,101.16,317,317.0,1,1,0.9998,Naive Bayes
18196.0,24,4,1455.27,363.82,562,179.0,1,1,0.7554,Naive Bayes
18197.0,504,1,230.1,230.1,505,505.0,1,1,1.0,Naive Bayes
18198.0,0,15,4804.030000000001,320.27,266,18.9,0,0,0.0192,Naive Bayes
18199.0,612,1,344.75,344.75,613,613.0,1,1,1.0,Naive Bayes
18200.0,35,1,150.35,150.35,36,36.0,1,1,0.6354,Naive Bayes
18201.0,651,1,447.53000000000003,447.53,652,652.0,1,1,1.0,Naive Bayes
18202.0,128,3,1396.99,465.66,241,112.0,1,1,0.7838,Naive Bayes
18203.0,86,4,482.52,120.63,661,191.3,1,1,0.8318,Naive Bayes
18204.0,0,3,1975.35,658.45,122,60.5,1,1,0.6345,Naive Bayes
18205.0,3,1,225.76,225.76,4,4.0,0,1,0.6154,Naive Bayes
18206.0,482,1,314.65999999999997,314.66,483,483.0,1,1,1.0,Naive Bayes
18207.0,428,1,544.47,544.47,429,429.0,1,1,1.0,Naive Bayes
18208.0,494,1,360.08,360.08,495,495.0,1,1,1.0,Naive Bayes
18210.0,196,2,289.85,144.93,312,115.0,0,1,0.8998,Naive Bayes
18211.0,14,3,420.2,140.07,208,96.5,0,1,0.6954,Naive Bayes
18212.0,255,2,514.37,257.18,607,351.0,1,1,0.9996,Naive Bayes
18213.0,165,1,232.48000000000002,232.48,166,166.0,1,1,0.9073,Naive Bayes
18214.0,459,4,1780.34,445.08,484,8.0,1,1,0.9991,Naive Bayes
18215.0,18,5,2232.4900000000002,446.5,553,133.5,1,1,0.5877,Naive Bayes
18217.0,442,2,323.29,161.65,456,13.0,0,1,0.9989,Naive Bayes
18218.0,140,4,1121.84,280.46,590,149.7,1,1,0.7961,Naive Bayes
18219.0,78,15,2650.06,176.67,662,44.8,0,0,0.027,Naive Bayes
18220.0,155,6,1921.76,320.29,654,99.6,1,1,0.6386,Naive Bayes
18221.0,44,4,1090.19,272.55,320,91.7,0,1,0.6536,Naive Bayes
18222.0,21,1,443.0,443.0,22,22.0,1,1,0.5853,Naive Bayes
18223.0,25,23,11552.65,502.29,665,30.4,0,0,0.0,Naive Bayes
18224.0,192,1,158.95000000000002,158.95,193,193.0,1,1,0.9581,Naive Bayes
18225.0,13,22,11428.8,519.49,665,32.6,0,0,0.0,Naive Bayes
18226.0,10,25,11386.38,455.46,574,24.5,0,0,0.0,Naive Bayes
18227.0,146,2,388.75,194.38,414,267.0,1,1,0.9847,Naive Bayes
18228.0,8,1,420.39,420.39,9,9.0,0,1,0.5883,Naive Bayes
18229.0,15,23,8412.67,365.77,666,31.0,0,0,0.0,Naive Bayes
18230.0,23,7,3627.2200000000003,518.17,455,71.8,0,0,0.3836,Naive Bayes
18231.0,121,28,6848.27,244.58,628,21.1,1,0,0.0,Naive Bayes
18232.0,10,4,592.97,148.24,127,38.7,1,1,0.6471,Naive Bayes
18233.0,254,1,440.0,440.0,255,255.0,1,1,0.9944,Naive Bayes
18234.0,480,1,179.6,179.6,481,481.0,1,1,1.0,Naive Bayes
18235.0,0,3,1796.48,598.83,147,73.0,1,1,0.6313,Naive Bayes
18236.0,8,11,1686.8500000000001,153.35,533,65.5,0,0,0.2052,Naive Bayes
18237.0,20,3,725.55,241.85,64,21.5,0,1,0.6329,Naive Bayes
18238.0,444,1,270.92,270.92,445,445.0,1,1,1.0,Naive Bayes
18239.0,147,6,1712.26,285.38,352,40.8,1,1,0.7087,Naive Bayes
18241.0,3,17,2557.82,150.46,547,33.9,0,0,0.0084,Naive Bayes
18242.0,1,8,3605.21,450.65,627,104.2,1,0,0.2828,Naive Bayes
18243.0,343,1,515.78,515.78,344,344.0,1,1,0.9999,Naive Bayes
18244.0,359,2,568.64,284.32,432,72.0,1,1,0.9897,Naive Bayes
18245.0,78,19,5430.7300000000005,285.83,571,37.8,0,0,0.0008,Naive Bayes
18246.0,162,2,395.62,197.81,539,376.0,0,1,0.9996,Naive Bayes
18247.0,343,3,839.73,279.91,561,108.5,1,1,0.9853,Naive Bayes
18248.0,51,2,804.02,402.01,116,64.0,1,1,0.6345,Naive Bayes
18250.0,239,1,349.27,349.27,240,240.0,1,1,0.9899,Naive Bayes
18251.0,16,9,26278.86,2919.87,647,90.0,1,0,0.0,Naive Bayes
18252.0,100,6,1085.32,180.89,651,110.0,0,1,0.5903,Naive Bayes
18253.0,571,1,317.88,317.88,572,572.0,1,1,1.0,Naive Bayes
18254.0,510,1,267.9,267.9,511,511.0,1,1,1.0,Naive Bayes
18255.0,18,2,303.15,151.57,386,367.0,1,1,0.9989,Naive Bayes
18256.0,316,1,110.7,110.7,317,317.0,1,1,0.9998,Naive Bayes
18257.0,43,9,3810.39,423.38,589,68.1,0,0,0.2179,Naive Bayes
18258.0,393,6,2059.67,343.28,502,27.0,1,1,0.9926,Naive Bayes
18259.0,14,6,2871.5,478.58,661,129.2,0,0,0.4534,Naive Bayes
18260.0,101,23,9947.26,432.49,654,26.3,1,0,0.0,Naive Bayes
18261.0,24,1,224.8,224.8,25,25.0,0,1,0.6091,Naive Bayes
18262.0,69,3,577.54,192.51,532,231.0,1,1,0.927,Naive Bayes
18263.0,84,2,811.4,405.7,182,97.0,0,1,0.7041,Naive Bayes
18264.0,427,1,603.25,603.25,428,428.0,1,1,1.0,Naive Bayes
18265.0,1,2,801.51,400.76,88,86.0,1,1,0.6232,Naive Bayes
18266.0,363,1,251.1,251.1,364,364.0,1,1,1.0,Naive Bayes
18267.0,601,1,269.37,269.37,602,602.0,1,1,1.0,Naive Bayes
18268.0,63,6,1490.23,248.37,658,118.8,1,1,0.5296,Naive Bayes
18269.0,295,1,168.6,168.6,296,296.0,1,1,0.9992,Naive Bayes
18270.0,195,2,273.35,136.68,362,166.0,0,1,0.9395,Naive Bayes
18271.0,538,2,680.85,340.42,661,122.0,1,1,0.9999,Naive Bayes
18272.0,42,7,3413.85,487.69,575,88.7,0,0,0.3705,Naive Bayes
18273.0,24,3,306.0,102.0,520,247.5,0,1,0.949,Naive Bayes
18275.0,507,2,741.85,370.92,661,153.0,1,1,0.9998,Naive Bayes
18276.0,321,5,1320.66,264.13,659,84.2,0,1,0.962,Naive Bayes
18277.0,326,4,1069.67,267.42,424,48.5,0,1,0.9782,Naive Bayes
18278.0,2,2,414.20000000000005,207.1,334,331.0,1,1,0.9958,Naive Bayes
18279.0,448,1,231.33999999999997,231.34,449,449.0,1,1,1.0,Naive Bayes
18280.0,206,2,488.15000000000003,244.08,324,117.0,1,1,0.9017,Naive Bayes
18281.0,109,2,201.14,100.57,507,397.0,1,1,0.9998,Naive Bayes
18282.0,55,1,100.21000000000001,100.21,56,56.0,0,1,0.6732,Naive Bayes
18283.0,24,16,1700.25,106.27,588,43.3,0,0,0.0181,Naive Bayes
18284.0,360,1,411.68,411.68,361,361.0,1,1,1.0,Naive Bayes
18285.0,589,1,377.0,377.0,590,590.0,1,1,1.0,Naive Bayes
18286.0,405,2,1246.43,623.22,653,247.0,1,1,0.9996,Naive Bayes
18287.0,130,5,3060.99,612.2,501,123.3,0,1,0.7093,Naive Bayes
