Customer ID,Recency,Frequency,Monetary,Cluster,Tên phân khúc,Cluster K-Medoids
12346.0,325,3,77352.96,2,Khách VIP,2
12347.0,1,8,4921.53,2,Khách VIP,2
12348.0,74,5,1658.4,0,Khách hàng trung thành,0
12349.0,18,3,3678.69,0,Khách hàng trung thành,0
12350.0,309,1,294.4,1,Khách hàng có nguy cơ rời bỏ,1
12351.0,374,1,300.93,1,Khách hàng có nguy cơ rời bỏ,1
12352.0,35,9,1729.54,2,Khách VIP,2
12353.0,203,2,406.76,0,Khách hàng trung thành,0
12354.0,231,1,1079.4,0,Khách hàng trung thành,0
12355.0,213,2,947.61,0,Khách hàng trung thành,0
12356.0,22,6,5611.73,2,Khách VIP,2
12357.0,32,2,17437.66,2,Khách VIP,2
12358.0,1,5,3447.07,2,Khách VIP,2
12359.0,57,10,8873.39,2,Khách VIP,2
12360.0,51,6,3612.89,2,Khách VIP,2
12361.0,286,4,451.25,0,Khách hàng trung thành,1
12362.0,2,10,4737.23,2,Khách VIP,2
12363.0,109,2,552.0,0,Khách hàng trung thành,0
12364.0,7,4,1208.1,0,Khách hàng trung thành,0
12365.0,290,1,320.69,1,Khách hàng có nguy cơ rời bỏ,1
12366.0,633,1,500.24,1,Khách hàng có nguy cơ rời bỏ,1
12367.0,3,1,150.9,0,Khách hàng trung thành,0
12368.0,627,1,917.7,1,Khách hàng có nguy cơ rời bỏ,1
12369.0,412,3,1511.15,1,Khách hàng có nguy cơ rời bỏ,1
12370.0,50,7,3956.56,2,Khách VIP,2
12371.0,59,4,3347.38,2,Khách VIP,2
12372.0,71,3,1196.04,0,Khách hàng trung thành,0
12373.0,310,3,927.65,0,Khách hàng trung thành,1
12374.0,24,3,2669.22,0,Khách hàng trung thành,0
12375.0,10,2,377.5,0,Khách hàng trung thành,0
12376.0,389,2,383.15,1,Khách hàng có nguy cơ rời bỏ,1
12377.0,314,4,3266.32,0,Khách hàng trung thành,0
12378.0,129,2,5416.32,0,Khách hàng trung thành,0
12379.0,81,4,1470.22,0,Khách hàng trung thành,0
12380.0,21,8,7210.65,2,Khách VIP,2
12381.0,4,3,1474.81,0,Khách hàng trung thành,0
12383.0,184,5,1628.56,0,Khách hàng trung thành,0
12384.0,28,2,425.27,0,Khách hàng trung thành,0
12385.0,378,1,1668.4,1,Khách hàng có nguy cơ rời bỏ,1
12386.0,337,2,401.9,1,Khách hàng có nguy cơ rời bỏ,1
12387.0,414,1,143.94,1,Khách hàng có nguy cơ rời bỏ,1
12388.0,15,8,3901.11,2,Khách VIP,2
12389.0,402,3,1433.33,1,Khách hàng có nguy cơ rời bỏ,1
12390.0,79,1,504.84,0,Khách hàng trung thành,0
12391.0,21,6,2724.84,2,Khách VIP,2
12392.0,590,1,234.75000000000003,1,Khách hàng có nguy cơ rời bỏ,1
12393.0,71,6,2399.4500000000003,2,Khách VIP,2
12394.0,63,2,1080.48,0,Khách hàng trung thành,0
12395.0,18,15,4241.17,2,Khách VIP,2
12396.0,673,1,931.43,1,Khách hàng có nguy cơ rời bỏ,1
12397.0,35,2,2214.9,0,Khách hàng trung thành,0
12398.0,45,1,1435.66,0,Khách hàng trung thành,0
12399.0,118,7,1842.3,2,Khách VIP,2
12400.0,413,1,205.25,1,Khách hàng có nguy cơ rời bỏ,1
12401.0,302,1,69.3,1,Khách hàng có nguy cơ rời bỏ,1
12402.0,322,6,1136.9,0,Khách hàng trung thành,0
12403.0,49,2,947.36,0,Khách hàng trung thành,0
12405.0,148,1,1390.39,0,Khách hàng trung thành,0
12406.0,21,5,6390.36,2,Khách VIP,2
12407.0,49,5,1507.12,0,Khách hàng trung thành,0
12408.0,32,8,3905.77,2,Khách VIP,2
12409.0,78,7,23419.29,2,Khách VIP,2
12410.0,308,3,773.71,0,Khách hàng trung thành,1
12411.0,409,1,346.9,1,Khách hàng có nguy cơ rời bỏ,1
12412.0,74,6,2404.93,2,Khách VIP,2
12413.0,66,4,871.45,0,Khách hàng trung thành,0
12414.0,216,4,532.41,0,Khách hàng trung thành,0
12415.0,23,24,144033.37,2,Khách VIP,2
12416.0,656,1,202.56,1,Khách hàng có nguy cơ rời bỏ,1
12417.0,2,20,5998.41,2,Khách VIP,2
12418.0,112,4,2021.2,0,Khách hàng trung thành,0
12419.0,385,2,391.01,1,Khách hàng có nguy cơ rời bỏ,1
12420.0,63,1,600.39,0,Khách hàng trung thành,0
12421.0,15,6,874.6,0,Khách hàng trung thành,0
12422.0,95,12,3639.35,2,Khách VIP,2
12423.0,0,10,2301.39,2,Khách VIP,2
12424.0,162,4,3340.03,2,Khách VIP,2
12425.0,77,2,1741.41,0,Khách hàng trung thành,0
12426.0,194,2,1201.21,0,Khách hàng trung thành,0
12427.0,21,3,699.8,0,Khách hàng trung thành,0
12428.0,25,8,6405.26,2,Khách VIP,2
12429.0,8,8,5842.41,2,Khách VIP,2
12430.0,42,1,216.4,0,Khách hàng trung thành,0
12431.0,35,25,10102.22,2,Khách VIP,2
12432.0,42,4,4359.32,2,Khách VIP,2
12433.0,0,10,16794.14,2,Khách VIP,2
12434.0,84,3,1103.43,0,Khách hàng trung thành,0
12435.0,79,6,13925.93,2,Khách VIP,2
12436.0,99,1,429.0100000000001,0,Khách hàng trung thành,0
12437.0,1,38,11282.4,2,Khách VIP,2
12438.0,13,2,2466.85,0,Khách hàng trung thành,0
12439.0,682,2,1142.88,1,Khách hàng có nguy cơ rời bỏ,1
12440.0,461,2,739.2,1,Khách hàng có nguy cơ rời bỏ,1
12441.0,366,1,155.55,1,Khách hàng có nguy cơ rời bỏ,1
12442.0,2,1,144.06,0,Khách hàng trung thành,0
12443.0,731,1,365.31,1,Khách hàng có nguy cơ rời bỏ,1
12444.0,20,5,4085.46,2,Khách VIP,2
12445.0,21,2,378.98,0,Khách hàng trung thành,0
12446.0,57,1,1002.31,0,Khách hàng trung thành,0
12447.0,242,1,431.49,0,Khách hàng trung thành,1
12448.0,43,1,365.45,0,Khách hàng trung thành,0
12449.0,21,5,4274.89,2,Khách VIP,2
12450.0,155,5,688.2,0,Khách hàng trung thành,0
12451.0,10,8,12629.88,2,Khách VIP,2
12452.0,16,1,348.57,0,Khách hàng trung thành,0
12453.0,133,1,707.09,0,Khách hàng trung thành,0
12454.0,55,4,16459.78,2,Khách VIP,2
12455.0,72,9,5722.95,2,Khách VIP,2
12456.0,43,3,2581.04,0,Khách hàng trung thành,0
12457.0,65,7,2555.91,2,Khách VIP,2
12458.0,70,4,1502.49,0,Khách hàng trung thành,0
12459.0,604,1,398.36,1,Khách hàng có nguy cơ rời bỏ,1
12460.0,455,1,296.65,1,Khách hàng có nguy cơ rời bỏ,1
12461.0,154,1,626.88,0,Khách hàng trung thành,0
12462.0,18,2,937.59,0,Khách hàng trung thành,0
12463.0,52,4,1200.78,0,Khách hàng trung thành,0
12464.0,9,8,957.05,0,Khách hàng trung thành,2
12465.0,16,2,682.1899999999999,0,Khách hàng trung thành,0
12467.0,422,1,132.8,1,Khách hàng có nguy cơ rời bỏ,1
12468.0,187,5,3238.74,2,Khách VIP,2
12469.0,522,2,3070.54,1,Khách hàng có nguy cơ rời bỏ,1
12470.0,689,1,211.95,1,Khách hàng có nguy cơ rời bỏ,1
12471.0,1,71,35099.9,2,Khách VIP,2
12472.0,31,19,14971.29,2,Khách VIP,2
12473.0,53,3,2585.73,0,Khách hàng trung thành,0
12474.0,16,29,11310.75,2,Khách VIP,2
12475.0,53,2,1065.64,0,Khách hàng trung thành,0
12476.0,15,18,12319.91,2,Khách VIP,2
12477.0,22,9,20276.37,2,Khách VIP,2
12478.0,3,1,545.99,0,Khách hàng trung thành,0
12479.0,10,1,473.2,0,Khách hàng trung thành,0
12480.0,27,7,4834.85,2,Khách VIP,2
12481.0,22,14,11033.51,2,Khách VIP,2
12482.0,575,27,21941.72,2,Khách VIP,2
12483.0,16,19,4069.18,2,Khách VIP,2
12484.0,34,9,5557.1,2,Khách VIP,2
12485.0,528,1,708.1,1,Khách hàng có nguy cơ rời bỏ,1
12486.0,431,1,917.28,1,Khách hàng có nguy cơ rời bỏ,1
12487.0,730,1,285.29999999999995,1,Khách hàng có nguy cơ rời bỏ,1
12488.0,9,3,1244.66,0,Khách hàng trung thành,0
12489.0,335,1,298.93,1,Khách hàng có nguy cơ rời bỏ,1
12490.0,4,20,8764.64,2,Khách VIP,2
12491.0,38,1,424.4,0,Khách hàng trung thành,0
12492.0,62,3,607.21,0,Khách hàng trung thành,0
12493.0,165,2,379.74,0,Khách hàng trung thành,0
12494.0,15,9,1563.27,2,Khách VIP,2
12495.0,640,1,277.4,1,Khách hàng có nguy cơ rời bỏ,1
12496.0,619,2,45.34,1,Khách hàng có nguy cơ rời bỏ,1
12497.0,81,3,5996.5,2,Khách VIP,2
12498.0,20,3,349.70000000000005,0,Khách hàng trung thành,0
12499.0,559,1,357.72,1,Khách hàng có nguy cơ rời bỏ,1
12500.0,22,18,5559.21,2,Khách VIP,2
12501.0,336,1,2025.39,1,Khách hàng có nguy cơ rời bỏ,1
12502.0,95,5,2995.87,2,Khách VIP,2
12503.0,583,1,896.0,1,Khách hàng có nguy cơ rời bỏ,1
12504.0,17,4,689.05,0,Khách hàng trung thành,0
12505.0,408,1,787.2,1,Khách hàng có nguy cơ rời bỏ,1
12506.0,232,1,73.5,1,Khách hàng có nguy cơ rời bỏ,1
12507.0,133,4,1508.06,0,Khách hàng trung thành,0
12508.0,25,2,397.88,0,Khách hàng trung thành,0
12509.0,283,1,158.5,1,Khách hàng có nguy cơ rời bỏ,1
12510.0,142,7,3039.03,2,Khách VIP,2
12511.0,428,1,3084.02,1,Khách hàng có nguy cơ rời bỏ,1
12512.0,65,2,132.18,0,Khách hàng trung thành,0
12513.0,112,1,558.29,0,Khách hàng trung thành,0
12514.0,266,2,1597.76,0,Khách hàng trung thành,0
12515.0,352,1,278.7,1,Khách hàng có nguy cơ rời bỏ,1
12516.0,77,4,2288.62,0,Khách hàng trung thành,0
12517.0,27,4,2301.6,0,Khách hàng trung thành,0
12518.0,0,5,1840.89,0,Khách hàng trung thành,0
12519.0,63,2,626.54,0,Khách hàng trung thành,0
12520.0,78,5,2346.26,2,Khách VIP,2
12521.0,142,1,545.68,0,Khách hàng trung thành,0
12522.0,38,2,156.72,0,Khách hàng trung thành,0
12523.0,18,23,4010.35,2,Khách VIP,2
12524.0,8,17,9794.11,2,Khách VIP,2
12525.0,497,3,883.73,1,Khách hàng có nguy cơ rời bỏ,1
12526.0,0,3,1172.66,0,Khách hàng trung thành,0
12527.0,81,5,717.51,0,Khách hàng trung thành,0
12528.0,8,6,1645.48,2,Khách VIP,2
12529.0,527,1,316.48,1,Khách hàng có nguy cơ rời bỏ,1
12530.0,59,9,3381.26,2,Khách VIP,2
12531.0,14,2,1771.2,0,Khách hàng trung thành,0
12532.0,29,1,313.83000000000004,0,Khách hàng trung thành,0
12533.0,627,2,1223.89,1,Khách hàng có nguy cơ rời bỏ,1
12534.0,130,1,981.18,0,Khách hàng trung thành,0
12535.0,91,2,716.35,0,Khách hàng trung thành,0
12536.0,58,1,4279.71,0,Khách hàng trung thành,0
12537.0,408,1,612.94,1,Khách hàng có nguy cơ rời bỏ,1
12538.0,28,2,640.45,0,Khách hàng trung thành,0
12539.0,21,7,11186.75,2,Khách VIP,2
12540.0,19,32,19250.49,2,Khách VIP,2
12541.0,29,3,841.18,0,Khách hàng trung thành,0
12542.0,483,2,481.88,1,Khách hàng có nguy cơ rời bỏ,1
12543.0,447,1,840.25,1,Khách hàng có nguy cơ rời bỏ,1
12544.0,35,1,316.7,0,Khách hàng trung thành,0
12545.0,74,2,832.39,0,Khách hàng trung thành,0
12546.0,46,2,1021.5,0,Khách hàng trung thành,0
12547.0,197,3,299.58,0,Khách hàng trung thành,0
12548.0,165,1,67.19999999999999,0,Khách hàng trung thành,0
12549.0,575,5,1570.68,1,Khách hàng có nguy cơ rời bỏ,1
12550.0,78,1,824.83,0,Khách hàng trung thành,0
12551.0,357,1,168.0,1,Khách hàng có nguy cơ rời bỏ,1
12552.0,39,1,317.82,0,Khách hàng trung thành,0
12553.0,7,12,4104.75,2,Khách VIP,2
12554.0,448,1,384.5,1,Khách hàng có nguy cơ rời bỏ,1
12556.0,49,2,599.56,0,Khách hàng trung thành,0
12557.0,15,8,18096.14,2,Khách VIP,2
12558.0,7,1,269.96,0,Khách hàng trung thành,0
12559.0,310,2,525.71,1,Khách hàng có nguy cơ rời bỏ,1
12560.0,4,2,1918.01,0,Khách hàng trung thành,0
12561.0,302,1,238.85,1,Khách hàng có nguy cơ rời bỏ,1
12562.0,7,9,4426.92,2,Khách VIP,2
12563.0,408,1,221.24,1,Khách hàng có nguy cơ rời bỏ,1
12564.0,260,1,402.9,1,Khách hàng có nguy cơ rời bỏ,1
12565.0,288,1,145.92,1,Khách hàng có nguy cơ rời bỏ,1
12566.0,85,1,297.65,0,Khách hàng trung thành,0
12567.0,22,15,10741.48,2,Khách VIP,2
12568.0,644,1,52.0,1,Khách hàng có nguy cơ rời bỏ,1
12569.0,1,32,3152.69,2,Khách VIP,2
12571.0,39,2,519.61,0,Khách hàng trung thành,0
12572.0,8,2,912.42,0,Khách hàng trung thành,0
12573.0,226,5,717.41,0,Khách hàng trung thành,0
12574.0,315,1,182.45,1,Khách hàng có nguy cơ rời bỏ,1
12575.0,456,2,568.8199999999999,1,Khách hàng có nguy cơ rời bỏ,1
12576.0,35,8,2062.72,2,Khách VIP,2
12577.0,34,8,1613.15,2,Khách VIP,2
12578.0,20,4,4026.45,2,Khách VIP,2
12579.0,77,1,386.42,0,Khách hàng trung thành,0
12580.0,246,2,962.9,0,Khách hàng trung thành,0
12581.0,39,1,179.71,0,Khách hàng trung thành,0
12582.0,238,4,1820.4,0,Khách hàng trung thành,0
12583.0,2,27,12493.58,2,Khách VIP,2
12584.0,3,9,2254.15,2,Khách VIP,2
12585.0,233,2,1824.1,0,Khách hàng trung thành,0
12586.0,16,4,2062.67,0,Khách hàng trung thành,0
12587.0,7,1,104.0,0,Khách hàng trung thành,0
12588.0,38,3,718.78,0,Khách hàng trung thành,0
12589.0,28,6,3294.91,2,Khách VIP,2
12590.0,210,1,9341.26,0,Khách hàng trung thành,0
12591.0,316,3,1114.95,0,Khách hàng trung thành,1
12592.0,91,4,1723.64,0,Khách hàng trung thành,0
12593.0,108,3,382.1,0,Khách hàng trung thành,0
12594.0,37,14,4890.110000000001,2,Khách VIP,2
12595.0,504,1,281.02,1,Khách hàng có nguy cơ rời bỏ,1
12596.0,50,2,450.27,0,Khách hàng trung thành,0
12597.0,18,4,3195.22,2,Khách VIP,2
12598.0,9,10,4192.09,2,Khách VIP,2
12599.0,28,13,2026.72,2,Khách VIP,2
12600.0,28,20,4385.85,2,Khách VIP,2
12601.0,189,6,573.26,0,Khách hàng trung thành,0
12602.0,58,1,153.12,0,Khách hàng trung thành,0
12603.0,21,1,613.1999999999999,0,Khách hàng trung thành,0
12604.0,78,2,236.18,0,Khách hàng trung thành,0
12605.0,375,3,1124.95,1,Khách hàng có nguy cơ rời bỏ,1
12607.0,59,1,1579.51,0,Khách hàng trung thành,0
12608.0,404,1,415.79,1,Khách hàng có nguy cơ rời bỏ,1
12609.0,77,9,3021.86,2,Khách VIP,2
12610.0,22,4,1747.54,0,Khách hàng trung thành,0
12611.0,51,1,1193.32,0,Khách hàng trung thành,0
12612.0,73,1,668.0400000000001,0,Khách hàng trung thành,0
12613.0,56,9,6277.37,2,Khách VIP,2
12614.0,277,1,315.6,1,Khách hàng có nguy cơ rời bỏ,1
12615.0,1,8,5362.98,2,Khách VIP,2
12616.0,94,3,1023.1,0,Khách hàng trung thành,0
12617.0,28,1,352.98,0,Khách hàng trung thành,0
12618.0,21,1,137.31,0,Khách hàng trung thành,0
12619.0,15,9,3085.7,2,Khách VIP,2
12620.0,14,3,1303.41,0,Khách hàng trung thành,0
12621.0,1,35,22097.2,2,Khách VIP,2
12622.0,231,1,162.1,1,Khách hàng có nguy cơ rời bỏ,1
12623.0,275,7,3315.84,2,Khách VIP,2
12624.0,105,2,569.13,0,Khách hàng trung thành,0
12625.0,211,4,4678.88,2,Khách VIP,2
12626.0,22,9,5954.48,2,Khách VIP,2
12627.0,10,6,4082.53,2,Khách VIP,2
12628.0,3,3,732.46,0,Khách hàng trung thành,0
12629.0,385,2,1198.22,1,Khách hàng có nguy cơ rời bỏ,1
12630.0,9,2,1030.88,0,Khách hàng trung thành,0
12631.0,56,6,3321.57,2,Khách VIP,2
12632.0,520,2,714.88,1,Khách hàng có nguy cơ rời bỏ,1
12633.0,58,7,5156.16,2,Khách VIP,2
12634.0,547,1,360.0,1,Khách hàng có nguy cơ rời bỏ,1
12635.0,89,4,2624.41,0,Khách hàng trung thành,0
12637.0,66,12,8085.809999999999,2,Khách VIP,2
12638.0,32,2,681.49,0,Khách hàng trung thành,0
12639.0,238,3,1072.37,0,Khách hàng trung thành,0
12640.0,23,3,994.58,0,Khách hàng trung thành,0
12641.0,114,1,145.9,0,Khách hàng trung thành,0
12642.0,24,3,905.26,0,Khách hàng trung thành,0
12643.0,127,11,7803.82,2,Khách VIP,2
12644.0,129,4,1900.49,0,Khách hàng trung thành,0
12645.0,33,8,3215.3,2,Khách VIP,2
12646.0,4,2,1346.97,0,Khách hàng trung thành,0
12647.0,21,35,14109.55,2,Khách VIP,2
12648.0,154,4,1039.0,0,Khách hàng trung thành,0
12649.0,106,8,2096.65,2,Khách VIP,2
12650.0,2,1,242.44000000000003,0,Khách hàng trung thành,0
12651.0,334,4,377.75,1,Khách hàng có nguy cơ rời bỏ,1
12652.0,330,2,891.03,1,Khách hàng có nguy cơ rời bỏ,1
12653.0,148,3,4160.83,0,Khách hàng trung thành,0
12654.0,10,5,529.98,0,Khách hàng trung thành,0
12655.0,423,1,243.35,1,Khách hàng có nguy cơ rời bỏ,1
12656.0,16,8,5723.83,2,Khách VIP,2
12657.0,10,4,1427.18,0,Khách hàng trung thành,0
12658.0,18,1,632.05,0,Khách hàng trung thành,0
12659.0,29,1,73.68,0,Khách hàng trung thành,0
12660.0,10,1,227.1,0,Khách hàng trung thành,0
12661.0,435,1,162.0,1,Khách hàng có nguy cơ rời bỏ,1
12662.0,0,20,6130.54,2,Khách VIP,2
12663.0,624,2,185.4,1,Khách hàng có nguy cơ rời bỏ,1
12664.0,7,11,5420.04,2,Khách VIP,2
12665.0,324,3,259.6,1,Khách hàng có nguy cơ rời bỏ,1
12666.0,393,1,1248.42,1,Khách hàng có nguy cơ rời bỏ,1
12667.0,57,1,460.13,0,Khách hàng trung thành,0
12668.0,11,9,9906.03,2,Khách VIP,2
12669.0,150,2,1427.73,0,Khách hàng trung thành,0
12670.0,9,7,3436.29,2,Khách VIP,2
12671.0,605,1,2622.48,1,Khách hàng có nguy cơ rời bỏ,1
12672.0,329,2,407.05,1,Khách hàng có nguy cơ rời bỏ,1
12673.0,4,3,1140.02,0,Khách hàng trung thành,0
12674.0,38,4,1844.6,0,Khách hàng trung thành,0
12675.0,553,2,873.25,1,Khách hàng có nguy cơ rời bỏ,1
12676.0,24,10,2333.09,2,Khách VIP,2
12677.0,554,2,359.1,1,Khách hàng có nguy cơ rời bỏ,1
12678.0,41,15,32595.18,2,Khách VIP,2
12679.0,58,4,951.02,0,Khách hàng trung thành,0
12680.0,0,4,790.81,0,Khách hàng trung thành,0
12681.0,14,44,26936.76,2,Khách VIP,2
12682.0,3,51,20736.22,2,Khách VIP,2
12683.0,3,20,10445.7,2,Khách VIP,2
12684.0,7,6,2073.63,2,Khách VIP,2
12685.0,27,6,2575.08,2,Khách VIP,2
12686.0,371,1,71.14,1,Khách hàng có nguy cơ rời bỏ,1
12687.0,480,1,1858.91,1,Khách hàng có nguy cơ rời bỏ,1
12688.0,113,1,4873.81,0,Khách hàng trung thành,0
12689.0,25,2,1139.61,0,Khách hàng trung thành,0
12690.0,205,1,335.01,0,Khách hàng trung thành,0
12691.0,27,6,1044.4,0,Khách hàng trung thành,0
12692.0,636,1,110.95,1,Khách hàng có nguy cơ rời bỏ,1
12693.0,126,7,1415.02,2,Khách VIP,2
12694.0,69,3,1663.35,0,Khách hàng trung thành,0
12695.0,6,7,1371.12,2,Khách VIP,2
12696.0,434,2,731.91,1,Khách hàng có nguy cơ rời bỏ,1
12697.0,28,3,757.59,0,Khách hàng trung thành,0
12698.0,589,1,285.75,1,Khách hàng có nguy cơ rời bỏ,1
12699.0,417,1,566.11,1,Khách hàng có nguy cơ rời bỏ,1
12700.0,7,4,4525.99,2,Khách VIP,2
12701.0,79,6,2248.41,2,Khách VIP,2
12702.0,19,1,201.0,0,Khách hàng trung thành,0
12703.0,70,4,898.53,0,Khách hàng trung thành,0
12704.0,6,8,1740.84,2,Khách VIP,2
12705.0,14,13,11114.1,2,Khách VIP,2
12707.0,291,1,603.42,1,Khách hàng có nguy cơ rời bỏ,1
12708.0,29,18,4559.66,2,Khách VIP,2
12709.0,14,32,29487.18,2,Khách VIP,2
12710.0,96,3,1023.02,0,Khách hàng trung thành,0
12711.0,611,2,1213.05,1,Khách hàng có nguy cơ rời bỏ,1
12712.0,28,21,5985.03,2,Khách VIP,2
12713.0,0,1,794.55,0,Khách hàng trung thành,0
12714.0,8,12,12815.71,2,Khách VIP,2
12715.0,105,1,263.36,0,Khách hàng trung thành,0
12716.0,3,2,963.49,0,Khách hàng trung thành,0
12717.0,150,3,1058.91,0,Khách hàng trung thành,0
12718.0,70,1,202.25,0,Khách hàng trung thành,0
12719.0,4,2,572.95,0,Khách hàng trung thành,0
12720.0,2,29,6905.28,2,Khách VIP,2
12721.0,31,8,3635.08,2,Khách VIP,2
12722.0,84,4,979.63,0,Khách hàng trung thành,0
12723.0,3,5,707.07,0,Khách hàng trung thành,0
12724.0,4,7,2083.52,2,Khách VIP,2
12725.0,370,3,1906.76,1,Khách hàng có nguy cơ rời bỏ,1
12726.0,27,11,3690.6,2,Khách VIP,2
12727.0,10,10,4905.53,2,Khách VIP,2
12728.0,70,5,926.17,0,Khách hàng trung thành,0
12729.0,113,1,417.01,0,Khách hàng trung thành,0
12730.0,521,1,703.25,1,Khách hàng có nguy cơ rời bỏ,1
12731.0,23,17,25631.71,2,Khách VIP,2
12732.0,179,1,218.26,0,Khách hàng trung thành,0
12733.0,233,4,2424.02,0,Khách hàng trung thành,0
12734.0,352,3,603.65,1,Khách hàng có nguy cơ rời bỏ,1
12735.0,314,2,689.5699999999999,1,Khách hàng có nguy cơ rời bỏ,1
12736.0,332,1,144.0,1,Khách hàng có nguy cơ rời bỏ,1
12738.0,371,1,137.35,1,Khách hàng có nguy cơ rời bỏ,1
12739.0,98,2,2421.23,0,Khách hàng trung thành,0
12740.0,63,1,427.6,0,Khách hàng trung thành,0
12741.0,532,1,236.07,1,Khách hàng có nguy cơ rời bỏ,1
12742.0,625,1,1201.52,1,Khách hàng có nguy cơ rời bỏ,1
12743.0,133,2,540.13,0,Khách hàng trung thành,0
12744.0,55,8,13158.16,2,Khách VIP,2
12745.0,486,2,723.85,1,Khách hàng có nguy cơ rời bỏ,1
12746.0,540,1,254.55,1,Khách hàng có nguy cơ rời bỏ,1
12747.0,1,26,8898.48,2,Khách VIP,2
12748.0,0,322,49176.74,2,Khách VIP,2
12749.0,3,9,6847.36,2,Khách VIP,2
12750.0,128,1,275.88,0,Khách hàng trung thành,0
12751.0,444,1,268.27,1,Khách hàng có nguy cơ rời bỏ,1
12752.0,80,1,4366.78,0,Khách hàng trung thành,0
12753.0,22,6,21429.39,2,Khách VIP,2
12754.0,235,3,3010.74,0,Khách hàng trung thành,0
12755.0,280,11,5236.259999999999,2,Khách VIP,2
12756.0,86,1,112.07999999999998,0,Khách hàng trung thành,0
12757.0,15,9,4176.75,2,Khách VIP,2
12758.0,116,7,9903.24,2,Khách VIP,2
12759.0,51,8,4618.74,2,Khách VIP,2
12760.0,455,1,317.8,1,Khách hàng có nguy cơ rời bỏ,1
12761.0,464,1,712.95,1,Khách hàng có nguy cơ rời bỏ,1
12762.0,7,2,1702.52,0,Khách hàng trung thành,0
12763.0,137,2,494.08,0,Khách hàng trung thành,0
12764.0,316,1,1693.88,1,Khách hàng có nguy cơ rời bỏ,1
12765.0,471,6,1299.58,1,Khách hàng có nguy cơ rời bỏ,1
12766.0,3,9,8134.99,2,Khách VIP,2
12767.0,375,1,949.82,1,Khách hàng có nguy cơ rời bỏ,1
12768.0,450,1,168.69000000000003,1,Khách hàng có nguy cơ rời bỏ,1
12769.0,238,1,1143.6,0,Khách hàng trung thành,0
12770.0,210,2,3246.45,0,Khách hàng trung thành,0
12771.0,485,1,226.3,1,Khách hàng có nguy cơ rời bỏ,1
12772.0,59,1,752.47,0,Khách hàng trung thành,0
12773.0,563,1,124.25,1,Khách hàng có nguy cơ rời bỏ,1
12774.0,535,1,83.7,1,Khách hàng có nguy cơ rời bỏ,1
12775.0,16,7,1551.12,2,Khách VIP,2
12776.0,667,1,27.5,1,Khách hàng có nguy cơ rời bỏ,1
12777.0,457,1,519.45,1,Khách hàng có nguy cơ rời bỏ,1
12778.0,19,9,1541.68,2,Khách VIP,2
12779.0,37,14,6474.11,2,Khách VIP,2
12780.0,598,1,322.4,1,Khách hàng có nguy cơ rời bỏ,1
12781.0,63,2,786.74,0,Khách hàng trung thành,0
12782.0,4,11,3862.24,2,Khách VIP,2
12783.0,1,4,1295.87,0,Khách hàng trung thành,0
12784.0,14,2,1511.15,0,Khách hàng trung thành,0
12785.0,363,3,904.4,1,Khách hàng có nguy cơ rời bỏ,1
12786.0,609,1,668.5,1,Khách hàng có nguy cơ rời bỏ,1
12787.0,9,4,799.18,0,Khách hàng trung thành,0
12788.0,462,4,384.9,1,Khách hàng có nguy cơ rời bỏ,1
12789.0,64,3,225.35,0,Khách hàng trung thành,0
12790.0,191,2,546.85,0,Khách hàng trung thành,0
12791.0,373,5,656.83,1,Khách hàng có nguy cơ rời bỏ,1
12792.0,256,2,715.01,0,Khách hàng trung thành,0
12793.0,334,3,745.53,1,Khách hàng có nguy cơ rời bỏ,1
12794.0,52,2,860.41,0,Khách hàng trung thành,0
12795.0,18,1,318.48,0,Khách hàng trung thành,0
12796.0,627,1,351.0,1,Khách hàng có nguy cơ rời bỏ,1
12797.0,365,2,468.08,1,Khách hàng có nguy cơ rời bỏ,1
12798.0,9,4,8510.93,2,Khách VIP,2
12799.0,528,1,219.35,1,Khách hàng có nguy cơ rời bỏ,1
12800.0,469,2,500.25,1,Khách hàng có nguy cơ rời bỏ,1
12801.0,500,1,871.82,1,Khách hàng có nguy cơ rời bỏ,1
12802.0,186,5,2186.42,0,Khách hàng trung thành,0
12803.0,392,1,1017.81,1,Khách hàng có nguy cơ rời bỏ,1
12804.0,465,2,325.37,1,Khách hàng có nguy cơ rời bỏ,1
12805.0,381,4,1230.95,1,Khách hàng có nguy cơ rời bỏ,1
12806.0,571,2,2558.96,1,Khách hàng có nguy cơ rời bỏ,1
12807.0,382,1,250.35,1,Khách hàng có nguy cơ rời bỏ,1
12808.0,36,5,748.7,0,Khách hàng trung thành,0
12809.0,177,3,1384.34,0,Khách hàng trung thành,0
12810.0,534,2,534.99,1,Khách hàng có nguy cơ rời bỏ,1
12811.0,261,4,893.9,0,Khách hàng trung thành,0
12812.0,44,1,229.64,0,Khách hàng trung thành,0
12813.0,501,3,1621.8,1,Khách hàng có nguy cơ rời bỏ,1
12814.0,101,1,85.92,0,Khách hàng trung thành,0
12815.0,147,2,863.46,0,Khách hàng trung thành,0
12816.0,95,2,452.2000000000001,0,Khách hàng trung thành,0
12817.0,280,3,570.98,0,Khách hàng trung thành,0
12818.0,261,1,1182.0800000000002,0,Khách hàng trung thành,0
12819.0,457,1,540.52,1,Khách hàng có nguy cơ rời bỏ,1
12820.0,2,11,2689.52,2,Khách VIP,2
12821.0,213,2,220.8,0,Khách hàng trung thành,0
12822.0,70,2,948.88,0,Khách hàng trung thành,0
12823.0,74,18,6501.5,2,Khách VIP,2
12824.0,59,1,397.12,0,Khách hàng trung thành,0
12825.0,520,2,518.63,1,Khách hàng có nguy cơ rời bỏ,1
12826.0,2,12,2800.75,2,Khách VIP,2
12827.0,5,3,430.15,0,Khách hàng trung thành,0
12828.0,2,6,1018.71,0,Khách hàng trung thành,0
12829.0,336,3,385.3,1,Khách hàng có nguy cơ rời bỏ,1
12830.0,37,6,6814.64,2,Khách VIP,2
12831.0,261,3,451.11,0,Khách hàng trung thành,0
12832.0,31,2,383.03,0,Khách hàng trung thành,0
12833.0,144,1,417.38,0,Khách hàng trung thành,0
12834.0,282,1,312.38,1,Khách hàng có nguy cơ rời bỏ,1
12835.0,427,41,5996.83,2,Khách VIP,2
12836.0,58,15,6559.7300000000005,2,Khách VIP,2
12837.0,172,2,662.66,0,Khách hàng trung thành,0
12838.0,33,10,2975.91,2,Khách VIP,2
12839.0,2,26,9669.12,2,Khách VIP,2
12840.0,143,7,4041.97,2,Khách VIP,2
12841.0,4,40,6958.2,2,Khách VIP,2
12842.0,69,4,1917.99,0,Khách hàng trung thành,0
12843.0,65,28,6461.87,2,Khách VIP,2
12844.0,28,4,648.6,0,Khách hàng trung thành,0
12845.0,266,4,354.09,0,Khách hàng trung thành,0
12847.0,21,2,1609.0,0,Khách hàng trung thành,0
12848.0,675,1,208.0,1,Khách hàng có nguy cơ rời bỏ,1
12849.0,30,6,3015.98,2,Khách VIP,2
12850.0,445,1,330.0,1,Khách hàng có nguy cơ rời bỏ,1
12851.0,96,2,280.76,0,Khách hàng trung thành,0
12852.0,294,1,311.55,1,Khách hàng có nguy cơ rời bỏ,1
12853.0,134,11,3907.5,2,Khách VIP,2
12854.0,78,7,2970.9700000000003,2,Khách VIP,2
12855.0,372,4,612.84,1,Khách hàng có nguy cơ rời bỏ,1
12856.0,7,6,2170.78,2,Khách VIP,2
12857.0,210,6,3688.0,2,Khách VIP,2
12858.0,382,1,147.27,1,Khách hàng có nguy cơ rời bỏ,1
12859.0,458,1,575.1,1,Khách hàng có nguy cơ rời bỏ,1
12860.0,692,1,54.22,1,Khách hàng có nguy cơ rời bỏ,1
12861.0,619,1,68.25,1,Khách hàng có nguy cơ rời bỏ,1
12862.0,425,2,984.62,1,Khách hàng có nguy cơ rời bỏ,1
12863.0,51,6,2792.55,2,Khách VIP,2
12864.0,137,2,299.57,0,Khách hàng trung thành,0
12865.0,25,4,3323.47,2,Khách VIP,2
12866.0,282,3,1092.35,0,Khách hàng trung thành,0
12867.0,25,13,7829.26,2,Khách VIP,2
12868.0,185,8,2043.76,2,Khách VIP,2
12869.0,681,1,337.67,1,Khách hàng có nguy cơ rời bỏ,1
12870.0,374,3,1676.95,1,Khách hàng có nguy cơ rời bỏ,1
12871.0,83,3,744.02,0,Khách hàng trung thành,0
12872.0,326,12,3283.96,2,Khách VIP,2
12873.0,281,3,2027.3,0,Khách hàng trung thành,0
12874.0,384,2,873.42,1,Khách hàng có nguy cơ rời bỏ,1
12875.0,142,5,1356.99,0,Khách hàng trung thành,0
12876.0,57,4,3751.79,2,Khách VIP,2
12877.0,3,20,2942.14,2,Khách VIP,2
12878.0,235,2,854.99,0,Khách hàng trung thành,0
12879.0,44,3,573.22,0,Khách hàng trung thành,0
12880.0,381,2,640.13,1,Khách hàng có nguy cơ rời bỏ,1
12881.0,275,1,298.0,1,Khách hàng có nguy cơ rời bỏ,1
12882.0,8,2,1463.04,0,Khách hàng trung thành,0
12883.0,24,4,703.47,0,Khách hàng trung thành,0
12884.0,87,1,309.05,0,Khách hàng trung thành,0
12885.0,62,3,1175.22,0,Khách hàng trung thành,0
12886.0,67,2,1378.4,0,Khách hàng trung thành,0
12887.0,383,1,222.4,1,Khách hàng có nguy cơ rời bỏ,1
12888.0,213,2,354.12,0,Khách hàng trung thành,0
12889.0,380,4,385.46,1,Khách hàng có nguy cơ rời bỏ,1
12890.0,23,2,706.02,0,Khách hàng trung thành,0
12891.0,185,11,840.5,2,Khách VIP,2
12892.0,396,1,263.38,1,Khách hàng có nguy cơ rời bỏ,1
12893.0,30,1,176.55,0,Khách hàng trung thành,0
12894.0,574,1,157.35,1,Khách hàng có nguy cơ rời bỏ,1
12895.0,41,2,372.8,0,Khách hàng trung thành,0
12897.0,204,4,514.25,0,Khách hàng trung thành,0
12898.0,463,2,296.21000000000004,1,Khách hàng có nguy cơ rời bỏ,1
12899.0,413,1,366.4,1,Khách hàng có nguy cơ rời bỏ,1
12900.0,421,1,340.33,1,Khách hàng có nguy cơ rời bỏ,1
12901.0,8,28,17654.54,2,Khách VIP,2
12902.0,264,1,138.68,1,Khách hàng có nguy cơ rời bỏ,1
12903.0,428,1,833.53,1,Khách hàng có nguy cơ rời bỏ,1
12904.0,17,2,496.06,0,Khách hàng trung thành,0
12905.0,576,2,1018.42,1,Khách hàng có nguy cơ rời bỏ,1
12906.0,11,5,2919.81,2,Khách VIP,2
12907.0,395,2,508.91,1,Khách hàng có nguy cơ rời bỏ,1
12908.0,175,5,1776.0,0,Khách hàng trung thành,0
12909.0,39,8,3103.19,2,Khách VIP,2
12910.0,22,13,5796.52,2,Khách VIP,2
12911.0,551,1,1651.72,1,Khách hàng có nguy cơ rời bỏ,1
12912.0,2,5,1662.3,0,Khách hàng trung thành,0
12913.0,4,13,6283.24,2,Khách VIP,2
12914.0,400,1,223.98,1,Khách hàng có nguy cơ rời bỏ,1
12915.0,148,4,975.1,0,Khách hàng trung thành,0
12916.0,138,7,4479.73,2,Khách VIP,2
12917.0,127,6,4359.2,2,Khách VIP,2
12919.0,7,6,1335.19,0,Khách hàng trung thành,0
12920.0,16,4,486.64,0,Khách hàng trung thành,0
12921.0,8,74,35233.24,2,Khách VIP,2
12922.0,160,1,405.38,0,Khách hàng trung thành,0
12923.0,63,3,769.17,0,Khách hàng trung thành,0
12924.0,87,12,2461.45,2,Khách VIP,2
12925.0,4,3,729.3299999999999,0,Khách hàng trung thành,0
12926.0,410,4,1523.59,1,Khách hàng có nguy cơ rời bỏ,1
12927.0,394,1,197.31,1,Khách hàng có nguy cơ rời bỏ,1
12928.0,34,12,4304.89,2,Khách VIP,2
12929.0,311,1,117.85,1,Khách hàng có nguy cơ rời bỏ,1
12930.0,77,2,415.8,0,Khách hàng trung thành,0
12931.0,21,57,92347.34,2,Khách VIP,2
12932.0,538,8,1698.56,1,Khách hàng có nguy cơ rời bỏ,1
12933.0,23,8,1636.63,2,Khách VIP,2
12934.0,736,1,181.65,1,Khách hàng có nguy cơ rời bỏ,1
12935.0,1,15,4243.86,2,Khách VIP,2
12936.0,16,4,1063.9,0,Khách hàng trung thành,0
12937.0,14,9,3097.61,2,Khách VIP,2
12938.0,25,1,114.14,0,Khách hàng trung thành,0
12939.0,63,20,25264.8,2,Khách VIP,2
12940.0,54,2,899.69,0,Khách hàng trung thành,0
12941.0,723,1,377.49,1,Khách hàng có nguy cơ rời bỏ,1
12942.0,130,3,675.6,0,Khách hàng trung thành,0
12943.0,557,2,496.5,1,Khách hàng có nguy cơ rời bỏ,1
12944.0,35,2,604.51,0,Khách hàng trung thành,0
12945.0,287,2,900.11,0,Khách hàng trung thành,1
12946.0,436,1,324.45,1,Khách hàng có nguy cơ rời bỏ,1
12947.0,143,6,1603.99,0,Khách hàng trung thành,0
12948.0,15,9,2317.43,2,Khách VIP,2
12949.0,30,22,15526.7,2,Khách VIP,2
12950.0,1,3,1843.0,0,Khách hàng trung thành,0
12951.0,8,15,3213.7200000000003,2,Khách VIP,2
12952.0,5,4,1387.79,0,Khách hàng trung thành,0
12953.0,9,2,828.8100000000001,0,Khách hàng trung thành,0
12954.0,638,1,162.45,1,Khách hàng có nguy cơ rời bỏ,1
12955.0,0,11,4757.16,2,Khách VIP,2
12956.0,305,4,521.89,0,Khách hàng trung thành,1
12957.0,9,13,8706.97,2,Khách VIP,2
12958.0,399,2,467.34,1,Khách hàng có nguy cơ rời bỏ,1
12959.0,483,1,150.95,1,Khách hàng có nguy cơ rời bỏ,1
12960.0,413,4,1322.07,1,Khách hàng có nguy cơ rời bỏ,1
12961.0,378,1,211.99,1,Khách hàng có nguy cơ rời bỏ,1
12962.0,6,2,266.39,0,Khách hàng trung thành,0
12963.0,7,12,3235.79,2,Khách VIP,2
12964.0,436,1,132.24,1,Khách hàng có nguy cơ rời bỏ,1
12965.0,88,1,769.8100000000001,0,Khách hàng trung thành,0
12966.0,9,1,160.18,0,Khách hàng trung thành,0
12967.0,357,3,2938.52,0,Khách hàng trung thành,1
12968.0,111,1,135.95,0,Khách hàng trung thành,0
12969.0,602,1,122.45,1,Khách hàng có nguy cơ rời bỏ,1
12970.0,6,10,1452.54,2,Khách VIP,2
12971.0,3,116,15704.6,2,Khách VIP,2
12972.0,413,4,1161.2,1,Khách hàng có nguy cơ rời bỏ,1
12973.0,413,1,385.55,1,Khách hàng có nguy cơ rời bỏ,1
12974.0,197,2,408.95,0,Khách hàng trung thành,0
12975.0,436,6,2100.09,1,Khách hàng có nguy cơ rời bỏ,1
12976.0,211,8,3156.38,2,Khách VIP,2
12977.0,155,4,513.88,0,Khách hàng trung thành,0
12978.0,384,5,2502.82,0,Khách hàng trung thành,1
12979.0,728,1,517.7,1,Khách hàng có nguy cơ rời bỏ,1
12980.0,157,21,16245.78,2,Khách VIP,2
12981.0,29,2,372.22,0,Khách hàng trung thành,0
12982.0,242,8,2744.81,2,Khách VIP,2
12983.0,597,1,490.08,1,Khách hàng có nguy cơ rời bỏ,1
12984.0,18,1,97.5,0,Khách hàng trung thành,0
12985.0,0,2,1239.38,0,Khách hàng trung thành,0
12986.0,428,10,2729.84,2,Khách VIP,2
12987.0,73,5,1312.21,0,Khách hàng trung thành,0
12988.0,291,1,505.82,1,Khách hàng có nguy cơ rời bỏ,1
12989.0,2,33,13551.75,2,Khách VIP,2
12990.0,30,7,955.5,0,Khách hàng trung thành,0
12991.0,22,3,764.82,0,Khách hàng trung thành,0
12992.0,724,1,93.35,1,Khách hàng có nguy cơ rời bỏ,1
12993.0,22,8,1259.63,2,Khách VIP,2
12994.0,3,3,974.42,0,Khách hàng trung thành,0
12995.0,84,1,211.32,0,Khách hàng trung thành,0
12996.0,375,1,355.5,1,Khách hàng có nguy cơ rời bỏ,1
12997.0,21,8,2110.91,2,Khách VIP,2
12998.0,492,3,920.08,1,Khách hàng có nguy cơ rời bỏ,1
12999.0,195,3,455.88,0,Khách hàng trung thành,0
13000.0,106,4,1032.5,0,Khách hàng trung thành,0
13001.0,3,33,24042.65,2,Khách VIP,2
13002.0,317,3,414.13,1,Khách hàng có nguy cơ rời bỏ,1
13003.0,105,3,149.05,0,Khách hàng trung thành,0
13004.0,11,36,11650.85,2,Khách VIP,2
13005.0,173,4,999.68,0,Khách hàng trung thành,0
13006.0,55,1,81.57,0,Khách hàng trung thành,0
13007.0,579,1,175.25,1,Khách hàng có nguy cơ rời bỏ,1
13008.0,322,3,612.13,1,Khách hàng có nguy cơ rời bỏ,1
13009.0,672,1,234.0,1,Khách hàng có nguy cơ rời bỏ,1
13010.0,373,2,330.12,1,Khách hàng có nguy cơ rời bỏ,1
13011.0,371,1,50.55,1,Khách hàng có nguy cơ rời bỏ,1
13012.0,8,11,2957.83,2,Khách VIP,2
13013.0,0,29,11097.43,2,Khách VIP,2
13014.0,10,11,5381.08,2,Khách VIP,2
13015.0,52,11,6579.78,2,Khách VIP,2
13016.0,72,3,789.89,0,Khách hàng trung thành,0
13017.0,6,1,204.0,0,Khách hàng trung thành,0
13018.0,15,35,9763.16,2,Khách VIP,2
13019.0,378,6,1229.95,1,Khách hàng có nguy cơ rời bỏ,1
13020.0,562,2,618.96,1,Khách hàng có nguy cơ rời bỏ,1
13021.0,3,17,4887.24,2,Khách VIP,2
13022.0,429,1,50.3,1,Khách hàng có nguy cơ rời bỏ,1
13023.0,63,3,1251.03,0,Khách hàng trung thành,0
13024.0,470,2,555.87,1,Khách hàng có nguy cơ rời bỏ,1
13025.0,731,1,323.39,1,Khách hàng có nguy cơ rời bỏ,1
13026.0,0,9,1733.08,2,Khách VIP,2
13027.0,113,19,17239.2,2,Khách VIP,2
13028.0,22,2,661.3199999999999,0,Khách hàng trung thành,0
13029.0,30,5,1927.3,0,Khách hàng trung thành,0
13030.0,10,2,752.4399999999999,0,Khách hàng trung thành,0
13031.0,406,5,3292.84,2,Khách VIP,1
13032.0,51,9,2815.96,2,Khách VIP,2
13033.0,356,2,220.55,1,Khách hàng có nguy cơ rời bỏ,1
13034.0,54,3,756.82,0,Khách hàng trung thành,0
13035.0,73,3,1364.2,0,Khách hàng trung thành,0
13036.0,684,1,307.1,1,Khách hàng có nguy cơ rời bỏ,1
13037.0,137,12,3914.95,2,Khách VIP,2
13038.0,79,3,908.46,0,Khách hàng trung thành,0
13039.0,583,4,1010.73,1,Khách hàng có nguy cơ rời bỏ,1
13040.0,8,2,676.99,0,Khách hàng trung thành,0
13041.0,450,4,799.13,1,Khách hàng có nguy cơ rời bỏ,1
13042.0,597,3,1488.59,1,Khách hàng có nguy cơ rời bỏ,1
13043.0,272,1,516.42,1,Khách hàng có nguy cơ rời bỏ,1
13044.0,290,11,4848.05,2,Khách VIP,2
13045.0,98,3,808.92,0,Khách hàng trung thành,0
13046.0,30,3,949.25,0,Khách hàng trung thành,0
13047.0,56,23,8423.58,2,Khách VIP,2
13048.0,13,9,4049.13,2,Khách VIP,2
13049.0,63,4,1408.24,0,Khách hàng trung thành,0
13050.0,14,34,11877.29,2,Khách VIP,2
13051.0,578,2,155.8,1,Khách hàng có nguy cơ rời bỏ,1
13052.0,211,7,3118.48,2,Khách VIP,2
13053.0,621,1,127.65,1,Khách hàng có nguy cơ rời bỏ,1
13055.0,77,4,2321.11,0,Khách hàng trung thành,0
13056.0,550,1,209.48,1,Khách hàng có nguy cơ rời bỏ,1
13057.0,529,3,709.59,1,Khách hàng có nguy cơ rời bỏ,1
13058.0,24,3,271.40000000000003,0,Khách hàng trung thành,0
13059.0,249,10,2291.77,2,Khách VIP,2
13060.0,253,1,307.53,1,Khách hàng có nguy cơ rời bỏ,1
13061.0,71,1,248.61,0,Khách hàng trung thành,0
13062.0,190,1,346.98,0,Khách hàng trung thành,0
13063.0,480,1,188.4,1,Khách hàng có nguy cơ rời bỏ,1
13064.0,12,6,1666.84,2,Khách VIP,2
13065.0,372,5,1055.05,1,Khách hàng có nguy cơ rời bỏ,1
13066.0,23,2,470.8,0,Khách hàng trung thành,0
13067.0,81,3,508.51,0,Khách hàng trung thành,0
13068.0,9,2,344.0,0,Khách hàng trung thành,0
13069.0,0,38,9284.45,2,Khách VIP,2
13070.0,191,4,751.7,0,Khách hàng trung thành,0
13071.0,611,1,129.22,1,Khách hàng có nguy cơ rời bỏ,1
13072.0,266,1,177.15,1,Khách hàng có nguy cơ rời bỏ,1
13073.0,410,2,418.08,1,Khách hàng có nguy cơ rời bỏ,1
13074.0,510,4,1378.74,1,Khách hàng có nguy cơ rời bỏ,1
13075.0,129,1,919.61,0,Khách hàng trung thành,0
13076.0,457,1,135.4,1,Khách hàng có nguy cơ rời bỏ,1
13077.0,0,11,2740.65,2,Khách VIP,2
13078.0,2,57,29018.06,2,Khách VIP,2
13079.0,3,6,419.18,0,Khách hàng trung thành,0
13080.0,178,4,280.73,0,Khách hàng trung thành,0
13081.0,11,28,56838.37,2,Khách VIP,2
13082.0,125,21,7335.75,2,Khách VIP,2
13083.0,3,3,395.43,0,Khách hàng trung thành,0
13084.0,491,1,122.4,1,Khách hàng có nguy cơ rời bỏ,1
13085.0,157,8,2433.28,2,Khách VIP,2
13086.0,382,1,439.33,1,Khách hàng có nguy cơ rời bỏ,1
13087.0,725,1,313.64,1,Khách hàng có nguy cơ rời bỏ,1
13088.0,416,1,236.11,1,Khách hàng có nguy cơ rời bỏ,1
13089.0,2,203,113416.91,2,Khách VIP,2
13090.0,8,23,13076.74,2,Khách VIP,2
13091.0,27,2,1108.8,0,Khách hàng trung thành,0
13092.0,70,12,2140.28,2,Khách VIP,2
13093.0,275,55,54144.25,2,Khách VIP,2
13094.0,20,13,2209.44,2,Khách VIP,2
13095.0,70,1,74.39999999999999,0,Khách hàng trung thành,0
13096.0,393,1,419.7000000000001,1,Khách hàng có nguy cơ rời bỏ,1
13097.0,32,27,13015.36,2,Khách VIP,2
13098.0,0,28,28882.44,2,Khách VIP,2
13099.0,98,1,207.36,0,Khách hàng trung thành,0
13101.0,233,4,695.4,0,Khách hàng trung thành,0
13102.0,0,37,11380.1,2,Khách VIP,2
13103.0,39,3,709.64,0,Khách hàng trung thành,0
13104.0,2,9,1709.1,2,Khách VIP,2
13105.0,435,1,72.0,1,Khách hàng có nguy cơ rời bỏ,1
13106.0,132,2,603.46,0,Khách hàng trung thành,0
13107.0,43,9,5253.07,2,Khách VIP,2
13108.0,372,2,748.46,1,Khách hàng có nguy cơ rời bỏ,1
13109.0,59,3,1134.03,0,Khách hàng trung thành,0
13110.0,30,12,2957.4700000000003,2,Khách VIP,2
13111.0,718,1,321.88000000000005,1,Khách hàng có nguy cơ rời bỏ,1
13112.0,540,1,20.6,1,Khách hàng có nguy cơ rời bỏ,1
13113.0,0,37,18230.07,2,Khách VIP,2
13114.0,730,1,234.38,1,Khách hàng có nguy cơ rời bỏ,1
13115.0,11,10,5494.7,2,Khách VIP,2
13116.0,137,1,501.14,0,Khách hàng trung thành,0
13117.0,21,18,2255.66,2,Khách VIP,2
13118.0,19,9,2415.41,2,Khách VIP,2
13119.0,668,1,134.9,1,Khách hàng có nguy cơ rời bỏ,1
13120.0,238,1,30.6,1,Khách hàng có nguy cơ rời bỏ,1
13121.0,268,1,283.73,1,Khách hàng có nguy cơ rời bỏ,1
13122.0,93,2,922.39,0,Khách hàng trung thành,0
13123.0,472,2,506.75,1,Khách hàng có nguy cơ rời bỏ,1
13124.0,89,4,4641.66,2,Khách VIP,2
13125.0,523,1,148.62,1,Khách hàng có nguy cơ rời bỏ,1
13126.0,4,13,3774.81,2,Khách VIP,2
13127.0,77,1,259.17,0,Khách hàng trung thành,0
13128.0,630,1,263.5,1,Khách hàng có nguy cơ rời bỏ,1
13129.0,451,2,233.25,1,Khách hàng có nguy cơ rời bỏ,1
13130.0,93,1,64.0,0,Khách hàng trung thành,0
13131.0,22,7,3313.77,2,Khách VIP,2
13132.0,261,1,77.3,1,Khách hàng có nguy cơ rời bỏ,1
13133.0,273,3,200.45,1,Khách hàng có nguy cơ rời bỏ,1
13134.0,85,6,2475.23,2,Khách VIP,2
13135.0,196,2,3371.45,0,Khách hàng trung thành,0
13136.0,55,13,6274.56,2,Khách VIP,2
13137.0,10,16,7586.94,2,Khách VIP,2
13138.0,21,7,1274.01,2,Khách VIP,2
13139.0,15,8,8202.98,2,Khách VIP,2
13140.0,107,5,1054.92,0,Khách hàng trung thành,0
13141.0,84,17,7656.08,2,Khách VIP,2
13142.0,18,1,307.09,0,Khách hàng trung thành,0
13143.0,584,1,405.1,1,Khách hàng có nguy cơ rời bỏ,1
13144.0,332,2,135.35,1,Khách hàng có nguy cơ rời bỏ,1
13145.0,39,7,1128.52,0,Khách hàng trung thành,0
13146.0,25,1,228.91,0,Khách hàng trung thành,0
13147.0,9,4,712.8000000000001,0,Khách hàng trung thành,0
13148.0,28,26,8488.32,2,Khách VIP,2
13149.0,13,4,1676.06,0,Khách hàng trung thành,0
13150.0,483,3,449.97,1,Khách hàng có nguy cơ rời bỏ,1
13151.0,295,3,2454.71,0,Khách hàng trung thành,0
13152.0,416,7,2146.38,2,Khách VIP,1
13153.0,5,1,486.22,0,Khách hàng trung thành,0
13154.0,398,3,1624.84,1,Khách hàng có nguy cơ rời bỏ,1
13155.0,32,6,1370.48,0,Khách hàng trung thành,0
13156.0,384,3,1586.54,1,Khách hàng có nguy cơ rời bỏ,1
13157.0,48,9,5687.36,2,Khách VIP,2
13158.0,94,5,1508.18,0,Khách hàng trung thành,0
13159.0,8,4,1429.35,0,Khách hàng trung thành,0
13160.0,21,1,91.8,0,Khách hàng trung thành,0
13161.0,312,2,472.13,1,Khách hàng có nguy cơ rời bỏ,1
13162.0,121,16,9275.49,2,Khách VIP,2
13163.0,609,1,17.65,1,Khách hàng có nguy cơ rời bỏ,1
13164.0,568,2,372.2,1,Khách hàng có nguy cơ rời bỏ,1
13165.0,45,3,1451.16,0,Khách hàng trung thành,0
13166.0,282,2,875.93,0,Khách hàng trung thành,0
13167.0,18,5,1113.15,0,Khách hàng trung thành,0
13168.0,35,5,1840.73,0,Khách hàng trung thành,0
13169.0,63,3,840.08,0,Khách hàng trung thành,0
13170.0,26,1,108.81,0,Khách hàng trung thành,0
13171.0,21,3,468.41,0,Khách hàng trung thành,0
13172.0,399,1,69.6,1,Khách hàng có nguy cơ rời bỏ,1
13173.0,3,11,2389.82,2,Khách VIP,2
13174.0,15,11,7972.46,2,Khách VIP,2
13175.0,581,2,831.45,1,Khách hàng có nguy cơ rời bỏ,1
13176.0,45,1,481.49,0,Khách hàng trung thành,0
13177.0,64,2,512.2,0,Khách hàng trung thành,0
13178.0,25,21,14059.19,2,Khách VIP,2
13179.0,618,1,572.3100000000001,1,Khách hàng có nguy cơ rời bỏ,1
13180.0,606,1,86.10000000000001,1,Khách hàng có nguy cơ rời bỏ,1
13181.0,380,1,359.69,1,Khách hàng có nguy cơ rời bỏ,1
13182.0,44,1,121.18,0,Khách hàng trung thành,0
13183.0,7,15,7036.18,2,Khách VIP,2
13184.0,14,10,1667.95,2,Khách VIP,2
13185.0,267,1,71.4,1,Khách hàng có nguy cơ rời bỏ,1
13186.0,39,3,1575.89,0,Khách hàng trung thành,0
13187.0,336,4,328.36,1,Khách hàng có nguy cơ rời bỏ,1
13188.0,10,1,114.6,0,Khách hàng trung thành,0
13189.0,18,2,260.68,0,Khách hàng trung thành,0
13190.0,543,3,570.66,1,Khách hàng có nguy cơ rời bỏ,1
13191.0,657,1,159.21,1,Khách hàng có nguy cơ rời bỏ,1
13192.0,94,6,2558.58,2,Khách VIP,2
13193.0,60,1,112.08,0,Khách hàng trung thành,0
13194.0,135,2,472.78,0,Khách hàng trung thành,0
13195.0,413,1,136.73,1,Khách hàng có nguy cơ rời bỏ,1
13196.0,10,7,3068.84,2,Khách VIP,2
13197.0,609,1,373.0100000000001,1,Khách hàng có nguy cơ rời bỏ,1
13198.0,9,8,4974.2300000000005,2,Khách VIP,2
13199.0,3,66,15949.21,2,Khách VIP,2
13200.0,18,4,870.09,0,Khách hàng trung thành,0
13201.0,501,4,1233.06,1,Khách hàng có nguy cơ rời bỏ,1
13202.0,393,7,1580.3,1,Khách hàng có nguy cơ rời bỏ,1
13203.0,9,10,2648.25,2,Khách VIP,2
13204.0,730,1,966.66,1,Khách hàng có nguy cơ rời bỏ,1
13205.0,442,1,2803.2,1,Khách hàng có nguy cơ rời bỏ,1
13206.0,399,13,8308.19,2,Khách VIP,2
13207.0,14,4,535.86,0,Khách hàng trung thành,0
13208.0,58,8,1951.82,2,Khách VIP,2
13209.0,29,13,8509.51,2,Khách VIP,2
13210.0,93,1,353.48,0,Khách hàng trung thành,0
13211.0,9,10,2618.77,2,Khách VIP,2
13212.0,19,3,786.83,0,Khách hàng trung thành,0
13213.0,56,11,3851.52,2,Khách VIP,2
13214.0,417,7,3264.23,2,Khách VIP,2
13215.0,401,1,81.6,1,Khách hàng có nguy cơ rời bỏ,1
13216.0,267,1,333.74,1,Khách hàng có nguy cơ rời bỏ,1
13217.0,121,4,666.48,0,Khách hàng trung thành,0
13218.0,126,1,62.63999999999999,0,Khách hàng trung thành,0
13219.0,617,1,76.23,1,Khách hàng có nguy cơ rời bỏ,1
13220.0,77,5,1336.09,0,Khách hàng trung thành,0
13221.0,239,2,844.86,0,Khách hàng trung thành,0
13222.0,576,1,88.5,1,Khách hàng có nguy cơ rời bỏ,1
13223.0,199,6,969.12,0,Khách hàng trung thành,0
13224.0,59,2,2152.95,0,Khách hàng trung thành,0
13225.0,2,16,16260.07,2,Khách VIP,2
13226.0,272,2,312.46,1,Khách hàng có nguy cơ rời bỏ,1
13227.0,201,1,257.7,0,Khách hàng trung thành,0
13228.0,80,1,358.0,0,Khách hàng trung thành,0
13229.0,225,1,160.95,1,Khách hàng có nguy cơ rời bỏ,1
13230.0,3,30,6109.51,2,Khách VIP,2
13232.0,12,7,1327.75,2,Khách VIP,2
13233.0,73,4,1176.46,0,Khách hàng trung thành,0
13234.0,672,2,346.5,1,Khách hàng có nguy cơ rời bỏ,1
13235.0,211,1,1031.07,0,Khách hàng trung thành,0
13236.0,24,2,744.85,0,Khách hàng trung thành,0
13237.0,387,1,643.0,1,Khách hàng có nguy cơ rời bỏ,1
13238.0,16,6,1006.63,0,Khách hàng trung thành,0
13239.0,261,5,1594.69,0,Khách hàng trung thành,0
13240.0,95,8,1455.39,2,Khách VIP,2
13241.0,411,1,112.53,1,Khách hàng có nguy cơ rời bỏ,1
13242.0,111,7,699.4,0,Khách hàng trung thành,0
13243.0,202,5,1220.38,0,Khách hàng trung thành,0
13244.0,92,1,121.74,0,Khách hàng trung thành,0
13245.0,50,2,989.22,0,Khách hàng trung thành,0
13246.0,17,11,3351.75,2,Khách VIP,2
13247.0,17,4,501.12,0,Khách hàng trung thành,0
13248.0,124,2,465.68,0,Khách hàng trung thành,0
13249.0,91,9,1608.93,2,Khách VIP,2
13250.0,460,2,253.09,1,Khách hàng có nguy cơ rời bỏ,1
13251.0,401,1,252.68,1,Khách hàng có nguy cơ rời bỏ,1
13252.0,393,2,399.3,1,Khách hàng có nguy cơ rời bỏ,1
13253.0,156,4,2951.11,0,Khách hàng trung thành,0
13254.0,375,1,51.41,1,Khách hàng có nguy cơ rời bỏ,1
13255.0,8,3,678.76,0,Khách hàng trung thành,0
13256.0,13,1,0.0,0,Khách hàng trung thành,0
13257.0,435,1,149.75,1,Khách hàng có nguy cơ rời bỏ,1
13258.0,11,5,1009.43,0,Khách hàng trung thành,0
13259.0,61,9,1398.79,2,Khách VIP,2
13260.0,60,1,557.62,0,Khách hàng trung thành,0
13261.0,268,2,944.1,0,Khách hàng trung thành,0
13262.0,262,3,573.45,0,Khách hàng trung thành,0
13263.0,0,38,8650.98,2,Khách VIP,2
13264.0,442,1,722.5600000000001,1,Khách hàng có nguy cơ rời bỏ,1
13265.0,52,5,2092.66,0,Khách hàng trung thành,0
13266.0,10,19,6135.04,2,Khách VIP,2
13267.0,2,36,9429.81,2,Khách VIP,2
13268.0,17,10,3152.71,2,Khách VIP,2
13269.0,0,28,8537.32,2,Khách VIP,2
13270.0,365,1,590.0,1,Khách hàng có nguy cơ rời bỏ,1
13271.0,36,1,211.49,0,Khách hàng trung thành,0
13272.0,30,2,276.56,0,Khách hàng trung thành,0
13273.0,112,1,138.98,0,Khách hàng trung thành,0
13274.0,408,1,360.85,1,Khách hàng có nguy cơ rời bỏ,1
13275.0,383,2,238.86,1,Khách hàng có nguy cơ rời bỏ,1
13276.0,63,5,1891.91,0,Khách hàng trung thành,0
13277.0,15,7,523.3,0,Khách hàng trung thành,0
13278.0,40,4,1425.35,0,Khách hàng trung thành,0
13279.0,77,1,137.75,0,Khách hàng trung thành,0
13280.0,121,7,2293.33,2,Khách VIP,2
13281.0,438,1,350.85,1,Khách hàng có nguy cơ rời bỏ,1
13282.0,17,4,1313.19,0,Khách hàng trung thành,0
13283.0,59,4,373.36,0,Khách hàng trung thành,0
13284.0,330,1,201.19,1,Khách hàng có nguy cơ rời bỏ,1
13285.0,22,6,3364.59,2,Khách VIP,2
13286.0,599,1,734.91,1,Khách hàng có nguy cơ rời bỏ,1
13287.0,602,3,781.59,1,Khách hàng có nguy cơ rời bỏ,1
13288.0,442,5,927.61,1,Khách hàng có nguy cơ rời bỏ,1
13289.0,723,1,307.95,1,Khách hàng có nguy cơ rời bỏ,1
13291.0,155,11,3270.79,2,Khách VIP,2
13292.0,38,5,994.51,0,Khách hàng trung thành,0
13293.0,391,6,1192.94,1,Khách hàng có nguy cơ rời bỏ,1
13294.0,189,3,1689.53,0,Khách hàng trung thành,0
13295.0,359,4,1101.97,1,Khách hàng có nguy cơ rời bỏ,1
13296.0,136,6,792.51,0,Khách hàng trung thành,0
13297.0,7,7,4368.62,2,Khách VIP,2
13298.0,0,1,360.0,0,Khách hàng trung thành,0
13299.0,267,3,1218.7,0,Khách hàng trung thành,0
13300.0,168,3,1285.51,0,Khách hàng trung thành,0
13301.0,103,4,600.19,0,Khách hàng trung thành,0
13302.0,154,2,159.2,0,Khách hàng trung thành,0
13303.0,399,1,61.72,1,Khách hàng có nguy cơ rời bỏ,1
13304.0,350,4,1217.99,1,Khách hàng có nguy cơ rời bỏ,1
13305.0,3,16,3616.41,2,Khách VIP,2
13306.0,429,1,53.65,1,Khách hàng có nguy cơ rời bỏ,1
13307.0,119,3,273.34,0,Khách hàng trung thành,0
13308.0,22,4,1670.37,0,Khách hàng trung thành,0
13309.0,6,6,1706.37,2,Khách VIP,2
13310.0,27,5,1541.2,0,Khách hàng trung thành,0
13311.0,3,2,598.57,0,Khách hàng trung thành,0
13312.0,450,1,124.75,1,Khách hàng có nguy cơ rời bỏ,1
13313.0,21,12,3445.32,2,Khách VIP,2
13314.0,1,3,775.94,0,Khách hàng trung thành,0
13315.0,688,1,310.26,1,Khách hàng có nguy cơ rời bỏ,1
13316.0,36,10,12940.82,2,Khách VIP,2
13317.0,65,19,6486.09,2,Khách VIP,2
13318.0,0,3,640.76,0,Khách hàng trung thành,0
13319.0,4,58,21323.22,2,Khách VIP,2
13320.0,77,6,2211.6,2,Khách VIP,2
13321.0,71,2,567.36,0,Khách hàng trung thành,0
13322.0,16,1,199.48,0,Khách hàng trung thành,0
13323.0,2,5,787.85,0,Khách hàng trung thành,0
13324.0,35,18,10513.47,2,Khách VIP,2
13325.0,81,1,675.3,0,Khách hàng trung thành,0
13326.0,431,1,281.76,1,Khách hàng có nguy cơ rời bỏ,1
13327.0,38,19,9052.87,2,Khách VIP,2
13328.0,315,1,1308.48,1,Khách hàng có nguy cơ rời bỏ,1
13329.0,31,8,4808.77,2,Khách VIP,2
13330.0,92,6,2796.1,2,Khách VIP,2
13331.0,401,1,262.4,1,Khách hàng có nguy cơ rời bỏ,1
13332.0,13,1,350.9,0,Khách hàng trung thành,0
13333.0,410,3,1015.74,1,Khách hàng có nguy cơ rời bỏ,1
13334.0,81,5,6201.8,2,Khách VIP,2
13336.0,76,1,795.12,0,Khách hàng trung thành,0
13337.0,545,1,1575.26,1,Khách hàng có nguy cơ rời bỏ,1
13338.0,157,4,2345.62,0,Khách hàng trung thành,0
13339.0,200,1,860.12,0,Khách hàng trung thành,0
13340.0,44,12,22100.56,2,Khách VIP,2
13341.0,260,1,775.85,0,Khách hàng trung thành,1
13343.0,177,1,303.43,0,Khách hàng trung thành,0
13344.0,67,3,2511.69,0,Khách hàng trung thành,0
13345.0,287,1,339.5,1,Khách hàng có nguy cơ rời bỏ,1
13346.0,462,6,299.4,1,Khách hàng có nguy cơ rời bỏ,1
13347.0,69,1,291.36,0,Khách hàng trung thành,0
13348.0,63,1,233.76,0,Khách hàng trung thành,0
13349.0,10,1,197.32,0,Khách hàng trung thành,0
13350.0,15,2,879.12,0,Khách hàng trung thành,0
13351.0,65,1,323.94,0,Khách hàng trung thành,0
13352.0,59,1,347.98,0,Khách hàng trung thành,0
13354.0,70,1,743.53,0,Khách hàng trung thành,0
13355.0,121,1,674.7,0,Khách hàng trung thành,0
13356.0,79,1,768.24,0,Khách hàng trung thành,0
13357.0,256,5,3795.01,2,Khách VIP,2
13358.0,268,1,389.03,1,Khách hàng có nguy cơ rời bỏ,1
13359.0,63,2,943.31,0,Khách hàng trung thành,0
13360.0,431,4,1503.65,1,Khách hàng có nguy cơ rời bỏ,1
13361.0,471,2,1450.5,1,Khách hàng có nguy cơ rời bỏ,1
13362.0,8,7,5394.07,2,Khách VIP,2
13363.0,17,3,1623.86,0,Khách hàng trung thành,0
13364.0,70,1,134.95999999999998,0,Khách hàng trung thành,0
13365.0,33,2,2225.37,0,Khách hàng trung thành,0
13366.0,49,1,56.16,0,Khách hàng trung thành,0
13367.0,431,1,460.2000000000001,1,Khách hàng có nguy cơ rời bỏ,1
13368.0,256,4,1021.5,0,Khách hàng trung thành,0
13369.0,365,1,258.28000000000003,1,Khách hàng có nguy cơ rời bỏ,1
13370.0,371,1,754.87,1,Khách hàng có nguy cơ rời bỏ,1
13371.0,504,2,2297.66,1,Khách hàng có nguy cơ rời bỏ,1
13372.0,89,1,328.64,0,Khách hàng trung thành,0
13373.0,60,6,7587.19,2,Khách VIP,2
13374.0,414,2,372.8,1,Khách hàng có nguy cơ rời bỏ,1
13375.0,88,2,1792.23,0,Khách hàng trung thành,0
13376.0,98,3,869.76,0,Khách hàng trung thành,0
13377.0,396,2,1452.88,1,Khách hàng có nguy cơ rời bỏ,1
13379.0,25,3,572.56,0,Khách hàng trung thành,0
13380.0,432,1,62.4,1,Khách hàng có nguy cơ rời bỏ,1
13381.0,31,12,8224.37,2,Khách VIP,2
13382.0,280,5,1387.58,0,Khách hàng trung thành,0
13383.0,543,1,305.28000000000003,1,Khách hàng có nguy cơ rời bỏ,1
13384.0,30,11,6680.83,2,Khách VIP,2
13385.0,329,1,534.57,1,Khách hàng có nguy cơ rời bỏ,1
13386.0,413,2,835.46,1,Khách hàng có nguy cơ rời bỏ,1
13387.0,416,1,181.84,1,Khách hàng có nguy cơ rời bỏ,1
13388.0,130,3,1185.65,0,Khách hàng trung thành,0
13389.0,10,3,797.96,0,Khách hàng trung thành,0
13390.0,74,1,544.08,0,Khách hàng trung thành,0
13391.0,203,1,59.8,1,Khách hàng có nguy cơ rời bỏ,1
13392.0,676,1,91.14,1,Khách hàng có nguy cơ rời bỏ,1
13393.0,583,4,1131.45,1,Khách hàng có nguy cơ rời bỏ,1
13394.0,1,19,6621.7,2,Khách VIP,2
13395.0,184,3,1180.23,0,Khách hàng trung thành,0
13396.0,28,2,1360.99,0,Khách hàng trung thành,0
13397.0,72,10,3191.87,2,Khách VIP,2
13398.0,191,2,670.34,0,Khách hàng trung thành,0
13399.0,463,3,275.4,1,Khách hàng có nguy cơ rời bỏ,1
13400.0,582,1,310.83,1,Khách hàng có nguy cơ rời bỏ,1
13402.0,126,4,1226.85,0,Khách hàng trung thành,0
13403.0,17,3,229.5,0,Khách hàng trung thành,0
13404.0,0,2,252.49,0,Khách hàng trung thành,0
13405.0,203,5,1198.81,0,Khách hàng trung thành,0
13406.0,426,2,568.92,1,Khách hàng có nguy cơ rời bỏ,1
13407.0,578,3,2244.7,1,Khách hàng có nguy cơ rời bỏ,1
13408.0,1,106,50174.78,2,Khách VIP,2
13410.0,23,9,2201.96,2,Khách VIP,2
13411.0,106,1,213.55,0,Khách hàng trung thành,0
13412.0,619,1,487.35,1,Khách hàng có nguy cơ rời bỏ,1
13413.0,639,6,429.44,1,Khách hàng có nguy cơ rời bỏ,1
13414.0,133,6,2494.14,2,Khách VIP,2
13415.0,472,4,784.17,1,Khách hàng có nguy cơ rời bỏ,1
13416.0,43,3,940.8,0,Khách hàng trung thành,0
13417.0,4,6,1669.49,2,Khách VIP,2
13418.0,11,31,11559.66,2,Khách VIP,2
13419.0,63,1,221.06,0,Khách hàng trung thành,0
13420.0,149,2,159.85,0,Khách hàng trung thành,0
13421.0,39,8,4048.25,2,Khách VIP,2
13422.0,63,1,2626.3,0,Khách hàng trung thành,0
13423.0,428,1,217.03,1,Khách hàng có nguy cơ rời bỏ,1
13424.0,449,1,572.77,1,Khách hàng có nguy cơ rời bỏ,1
13425.0,107,5,3390.4300000000003,2,Khách VIP,2
13426.0,0,22,8167.38,2,Khách VIP,2
13427.0,18,6,1006.53,0,Khách hàng trung thành,0
13428.0,9,3,478.54,0,Khách hàng trung thành,0
13429.0,10,4,1006.8,0,Khách hàng trung thành,0
13430.0,18,2,679.45,0,Khách hàng trung thành,0
13431.0,66,8,3316.24,2,Khách VIP,2
13432.0,570,2,436.55,1,Khách hàng có nguy cơ rời bỏ,1
13433.0,500,4,658.3199999999999,1,Khách hàng có nguy cơ rời bỏ,1
13434.0,73,5,1666.86,0,Khách hàng trung thành,0
13435.0,4,9,4447.33,2,Khách VIP,2
13436.0,1,1,196.89,0,Khách hàng trung thành,0
13437.0,13,7,3408.06,2,Khách VIP,2
13438.0,546,1,46.5,1,Khách hàng có nguy cơ rời bỏ,1
13439.0,254,3,986.61,0,Khách hàng trung thành,0
13440.0,422,7,1295.25,1,Khách hàng có nguy cơ rời bỏ,1
13441.0,91,2,720.9,0,Khách hàng trung thành,0
13442.0,666,3,419.87,1,Khách hàng có nguy cơ rời bỏ,1
13443.0,448,6,1269.37,1,Khách hàng có nguy cơ rời bỏ,1
13444.0,373,2,619.08,1,Khách hàng có nguy cơ rời bỏ,1
13445.0,625,1,241.9,1,Khách hàng có nguy cơ rời bỏ,1
13446.0,429,11,3881.89,2,Khách VIP,2
13447.0,22,3,1129.14,0,Khách hàng trung thành,0
13448.0,16,12,8386.22,2,Khách VIP,2
13449.0,23,1,291.88,0,Khách hàng trung thành,0
13450.0,26,13,4120.04,2,Khách VIP,2
13451.0,25,11,7088.92,2,Khách VIP,2
13452.0,258,3,729.8,0,Khách hàng trung thành,0
13453.0,165,3,781.6899999999999,0,Khách hàng trung thành,0
13454.0,640,1,219.87,1,Khách hàng có nguy cơ rời bỏ,1
13455.0,24,6,2212.99,2,Khách VIP,2
13456.0,17,6,1766.72,2,Khách VIP,2
13457.0,688,2,148.22,1,Khách hàng có nguy cơ rời bỏ,1
13458.0,6,16,11959.27,2,Khách VIP,2
13459.0,624,2,1160.41,1,Khách hàng có nguy cơ rời bỏ,1
13460.0,28,2,183.44,0,Khách hàng trung thành,0
13461.0,38,6,4160.0,2,Khách VIP,2
13462.0,252,5,1153.85,0,Khách hàng trung thành,0
13464.0,57,6,3097.64,2,Khách VIP,2
13465.0,445,2,931.12,1,Khách hàng có nguy cơ rời bỏ,1
13466.0,183,5,1013.35,0,Khách hàng trung thành,0
13467.0,10,2,1071.91,0,Khách hàng trung thành,0
13468.0,1,72,12793.28,2,Khách VIP,2
13469.0,652,1,82.4,1,Khách hàng có nguy cơ rời bỏ,1
13470.0,98,2,165.0,0,Khách hàng trung thành,0
13471.0,0,4,2501.84,0,Khách hàng trung thành,0
13472.0,463,2,592.24,1,Khách hàng có nguy cơ rời bỏ,1
13473.0,60,8,2657.76,2,Khách VIP,2
13474.0,235,3,646.59,0,Khách hàng trung thành,0
13475.0,190,4,1431.78,0,Khách hàng trung thành,0
13476.0,178,5,2061.4700000000003,0,Khách hàng trung thành,0
13477.0,37,11,2819.17,2,Khách VIP,2
13478.0,468,5,2215.78,1,Khách hàng có nguy cơ rời bỏ,1
13479.0,200,4,851.37,0,Khách hàng trung thành,0
13480.0,416,2,627.82,1,Khách hàng có nguy cơ rời bỏ,1
13481.0,45,11,3830.84,2,Khách VIP,2
13482.0,231,2,336.09,0,Khách hàng trung thành,0
13483.0,65,1,140.34,0,Khách hàng trung thành,0
13484.0,240,3,790.72,0,Khách hàng trung thành,0
13485.0,232,11,3015.2200000000003,2,Khách VIP,2
13486.0,77,3,1122.41,0,Khách hàng trung thành,0
13487.0,57,5,846.87,0,Khách hàng trung thành,0
13488.0,16,23,14205.96,2,Khách VIP,2
13489.0,104,4,449.52,0,Khách hàng trung thành,0
13490.0,653,1,154.25,1,Khách hàng có nguy cơ rời bỏ,1
13491.0,51,27,4467.66,2,Khách VIP,2
13492.0,135,3,1269.84,0,Khách hàng trung thành,0
13493.0,274,2,498.63,0,Khách hàng trung thành,1
13494.0,311,1,316.26000000000005,1,Khách hàng có nguy cơ rời bỏ,1
13495.0,7,10,4863.31,2,Khách VIP,2
13496.0,10,2,653.33,0,Khách hàng trung thành,0
13497.0,282,6,1166.83,0,Khách hàng trung thành,0
13498.0,729,1,327.38,1,Khách hàng có nguy cơ rời bỏ,1
13499.0,17,5,1159.11,0,Khách hàng trung thành,0
13500.0,22,4,1466.3,0,Khách hàng trung thành,0
13501.0,287,3,2885.11,0,Khách hàng trung thành,0
13502.0,16,5,780.5,0,Khách hàng trung thành,0
13503.0,70,5,1778.04,0,Khách hàng trung thành,0
13504.0,63,1,295.93,0,Khách hàng trung thành,0
13505.0,72,4,3633.63,2,Khách VIP,2
13506.0,315,5,1338.08,0,Khách hàng trung thành,0
13507.0,2,4,2479.16,0,Khách hàng trung thành,0
13508.0,243,2,287.05,0,Khách hàng trung thành,0
13509.0,8,7,1099.72,0,Khách hàng trung thành,0
13510.0,0,11,4558.29,2,Khách VIP,2
13511.0,676,1,282.76,1,Khách hàng có nguy cơ rời bỏ,1
13512.0,260,4,713.39,0,Khách hàng trung thành,0
13513.0,126,3,824.59,0,Khách hàng trung thành,0
13514.0,73,4,815.9000000000001,0,Khách hàng trung thành,0
13515.0,72,6,1265.82,0,Khách hàng trung thành,0
13516.0,20,4,1685.26,0,Khách hàng trung thành,0
13517.0,59,3,2128.42,0,Khách hàng trung thành,0
13518.0,85,1,627.16,0,Khách hàng trung thành,0
13519.0,77,2,343.21,0,Khách hàng trung thành,0
13520.0,58,11,5446.0,2,Khách VIP,2
13521.0,0,3,1070.47,0,Khách hàng trung thành,0
13522.0,29,1,125.8,0,Khách hàng trung thành,0
13523.0,32,6,4534.57,2,Khách VIP,2
13524.0,40,5,680.1800000000001,0,Khách hàng trung thành,0
13525.0,14,2,628.78,0,Khách hàng trung thành,0
13526.0,737,2,1182.0,1,Khách hàng có nguy cơ rời bỏ,1
13527.0,33,12,4541.29,2,Khách VIP,2
13529.0,78,2,307.76,0,Khách hàng trung thành,0
13530.0,633,1,402.98,1,Khách hàng có nguy cơ rời bỏ,1
13531.0,204,6,1433.07,0,Khách hàng trung thành,0
13532.0,33,1,210.31,0,Khách hàng trung thành,0
13533.0,182,3,269.09,0,Khách hàng trung thành,0
13534.0,1,35,7720.9,2,Khách VIP,2
13535.0,402,1,89.5,1,Khách hàng có nguy cơ rời bỏ,1
13536.0,0,7,3444.39,2,Khách VIP,2
13537.0,425,2,717.85,1,Khách hàng có nguy cơ rời bỏ,1
13538.0,42,12,3103.13,2,Khách VIP,2
13539.0,85,7,1569.36,2,Khách VIP,2
13540.0,466,3,632.39,1,Khách hàng có nguy cơ rời bỏ,1
13541.0,426,2,785.25,1,Khách hàng có nguy cơ rời bỏ,1
13542.0,376,17,3959.49,2,Khách VIP,2
13543.0,633,2,1439.61,1,Khách hàng có nguy cơ rời bỏ,1
13544.0,39,6,790.2,0,Khách hàng trung thành,0
13545.0,390,2,364.93,1,Khách hàng có nguy cơ rời bỏ,1
13546.0,11,5,1086.24,0,Khách hàng trung thành,0
13547.0,407,1,164.53,1,Khách hàng có nguy cơ rời bỏ,1
13548.0,95,3,901.44,0,Khách hàng trung thành,0
13549.0,25,8,1005.8,2,Khách VIP,2
13550.0,382,1,342.55,1,Khách hàng có nguy cơ rời bỏ,1
13551.0,318,2,244.2,1,Khách hàng có nguy cơ rời bỏ,1
13552.0,65,22,6948.92,2,Khách VIP,2
13553.0,674,1,499.6,1,Khách hàng có nguy cơ rời bỏ,1
13554.0,379,7,1629.35,2,Khách VIP,1
13555.0,73,13,8891.84,2,Khách VIP,2
13556.0,428,2,200.82,1,Khách hàng có nguy cơ rời bỏ,1
13557.0,27,13,3032.26,2,Khách VIP,2
13558.0,5,4,594.52,0,Khách hàng trung thành,0
13559.0,512,2,990.0,1,Khách hàng có nguy cơ rời bỏ,1
13560.0,6,1,171.42000000000002,0,Khách hàng trung thành,0
13561.0,215,11,1803.4,2,Khách VIP,2
13562.0,81,8,4838.18,2,Khách VIP,2
13563.0,83,2,777.53,0,Khách hàng trung thành,0
13564.0,353,36,15880.22,2,Khách VIP,2
13565.0,18,3,414.8,0,Khách hàng trung thành,0
13566.0,40,5,1684.75,0,Khách hàng trung thành,0
13567.0,427,4,1079.29,1,Khách hàng có nguy cơ rời bỏ,1
13568.0,172,1,187.05,0,Khách hàng trung thành,0
13569.0,16,4,725.04,0,Khách hàng trung thành,0
13570.0,242,1,239.49,1,Khách hàng có nguy cơ rời bỏ,1
13571.0,12,26,4537.26,2,Khách VIP,2
13572.0,205,1,1384.25,0,Khách hàng trung thành,0
13573.0,49,6,903.07,0,Khách hàng trung thành,0
13574.0,410,1,404.45,1,Khách hàng có nguy cơ rời bỏ,1
13575.0,22,5,732.0699999999999,0,Khách hàng trung thành,0
13576.0,9,28,11202.59,2,Khách VIP,2
13577.0,24,11,3484.28,2,Khách VIP,2
13578.0,408,1,147.66,1,Khách hàng có nguy cơ rời bỏ,1
13579.0,14,5,1374.34,0,Khách hàng trung thành,0
13580.0,405,1,107.75,1,Khách hàng có nguy cơ rời bỏ,1
13581.0,308,2,280.53000000000003,1,Khách hàng có nguy cơ rời bỏ,1
13582.0,389,2,241.68,1,Khách hàng có nguy cơ rời bỏ,1
13583.0,155,2,1445.03,0,Khách hàng trung thành,0
13584.0,306,3,385.7,1,Khách hàng có nguy cơ rời bỏ,1
13585.0,530,3,684.54,1,Khách hàng có nguy cơ rời bỏ,1
13586.0,540,1,127.28,1,Khách hàng có nguy cơ rời bỏ,1
13587.0,63,4,1673.5,0,Khách hàng trung thành,0
13588.0,15,9,2478.95,2,Khách VIP,2
13589.0,14,6,1120.74,0,Khách hàng trung thành,0
13590.0,10,18,6336.04,2,Khách VIP,2
13591.0,64,7,2093.94,2,Khách VIP,2
13592.0,35,4,247.96,0,Khách hàng trung thành,0
13593.0,107,14,5493.29,2,Khách VIP,2
13594.0,52,2,533.32,0,Khách hàng trung thành,0
13595.0,516,3,784.48,1,Khách hàng có nguy cơ rời bỏ,1
13596.0,5,2,664.11,0,Khách hàng trung thành,0
13597.0,399,2,396.71,1,Khách hàng có nguy cơ rời bỏ,1
13598.0,46,5,761.96,0,Khách hàng trung thành,0
13599.0,0,33,9811.04,2,Khách VIP,2
13600.0,311,2,518.42,1,Khách hàng có nguy cơ rời bỏ,1
13601.0,44,4,1159.99,0,Khách hàng trung thành,0
13602.0,64,4,1025.17,0,Khách hàng trung thành,0
13603.0,25,1,164.34,0,Khách hàng trung thành,0
13604.0,658,1,717.62,1,Khách hàng có nguy cơ rời bỏ,1
13605.0,386,2,522.67,1,Khách hàng có nguy cơ rời bỏ,1
13606.0,28,3,276.75,0,Khách hàng trung thành,0
13607.0,39,2,1075.81,0,Khách hàng trung thành,0
13608.0,540,1,232.05,1,Khách hàng có nguy cơ rời bỏ,1
13609.0,592,1,167.35,1,Khách hàng có nguy cơ rời bỏ,1
13610.0,11,14,2102.46,2,Khách VIP,2
13611.0,88,10,3297.9300000000003,2,Khách VIP,2
13612.0,632,1,818.29,1,Khách hàng có nguy cơ rời bỏ,1
13613.0,452,5,1039.85,1,Khách hàng có nguy cơ rời bỏ,1
13614.0,23,6,2332.74,2,Khách VIP,2
13615.0,318,8,6272.53,2,Khách VIP,2
13616.0,567,2,283.85,1,Khách hàng có nguy cơ rời bỏ,1
13617.0,39,8,1278.75,2,Khách VIP,2
13618.0,173,1,177.34,0,Khách hàng trung thành,0
13619.0,544,2,223.44,1,Khách hàng có nguy cơ rời bỏ,1
13620.0,527,1,112.34,1,Khách hàng có nguy cơ rời bỏ,1
13621.0,116,1,213.85,0,Khách hàng trung thành,0
13622.0,695,1,658.95,1,Khách hàng có nguy cơ rời bỏ,1
13623.0,30,10,2533.06,2,Khách VIP,2
13624.0,387,1,462.08,1,Khách hàng có nguy cơ rời bỏ,1
13625.0,596,1,301.26,1,Khách hàng có nguy cơ rời bỏ,1
13626.0,252,2,707.04,0,Khách hàng trung thành,0
13627.0,58,7,2245.9,2,Khách VIP,2
13628.0,675,1,310.14,1,Khách hàng có nguy cơ rời bỏ,1
13629.0,22,19,13370.86,2,Khách VIP,2
13630.0,4,7,2031.78,2,Khách VIP,2
13631.0,99,11,3070.42,2,Khách VIP,2
13632.0,24,8,3645.81,2,Khách VIP,2
13634.0,32,15,4988.08,2,Khách VIP,2
13635.0,67,4,2999.16,0,Khách hàng trung thành,0
13636.0,36,5,949.12,0,Khách hàng trung thành,0
13637.0,51,3,803.05,0,Khách hàng trung thành,0
13638.0,15,1,122.64,0,Khách hàng trung thành,0
13639.0,73,2,1346.27,0,Khách hàng trung thành,0
13640.0,610,1,405.0,1,Khách hàng có nguy cơ rời bỏ,1
13641.0,640,4,942.37,1,Khách hàng có nguy cơ rời bỏ,1
13642.0,215,4,472.2,0,Khách hàng trung thành,0
13643.0,30,10,2156.77,2,Khách VIP,2
13644.0,15,4,2624.26,0,Khách hàng trung thành,0
13645.0,119,1,252.1,0,Khách hàng trung thành,0
13646.0,399,2,326.25,1,Khách hàng có nguy cơ rời bỏ,1
13647.0,9,8,3041.68,2,Khách VIP,2
13648.0,399,8,1759.07,2,Khách VIP,1
13649.0,256,6,1453.68,0,Khách hàng trung thành,0
13650.0,16,10,3288.0,2,Khách VIP,2
13651.0,39,2,211.85,0,Khách hàng trung thành,0
13652.0,45,5,2262.05,2,Khách VIP,2
13653.0,487,1,152.2,1,Khách hàng có nguy cơ rời bỏ,1
13654.0,42,11,6308.0,2,Khách VIP,2
13655.0,113,6,2280.51,2,Khách VIP,2
13656.0,164,4,1078.85,0,Khách hàng trung thành,0
13657.0,10,2,382.14,0,Khách hàng trung thành,0
13658.0,9,9,6025.5,2,Khách VIP,2
13659.0,205,12,4884.68,2,Khách VIP,2
13660.0,399,1,306.64,1,Khách hàng có nguy cơ rời bỏ,1
13661.0,602,1,325.24,1,Khách hàng có nguy cơ rời bỏ,1
13662.0,85,11,2233.61,2,Khách VIP,2
13663.0,178,5,2047.51,0,Khách hàng trung thành,0
13665.0,385,3,1711.66,1,Khách hàng có nguy cơ rời bỏ,1
13666.0,59,5,127.05,0,Khách hàng trung thành,0
13667.0,148,1,299.05,0,Khách hàng trung thành,0
13668.0,2,35,12948.48,2,Khách VIP,2
13669.0,50,3,413.55,0,Khách hàng trung thành,0
13670.0,74,1,349.7,0,Khách hàng trung thành,0
13671.0,394,1,172.6,1,Khách hàng có nguy cơ rời bỏ,1
13672.0,300,3,419.92,1,Khách hàng có nguy cơ rời bỏ,1
13673.0,18,2,387.44,0,Khách hàng trung thành,0
13674.0,432,1,240.68,1,Khách hàng có nguy cơ rời bỏ,1
13675.0,150,2,486.8200000000001,0,Khách hàng trung thành,0
13676.0,538,2,243.9,1,Khách hàng có nguy cơ rời bỏ,1
13677.0,404,2,551.24,1,Khách hàng có nguy cơ rời bỏ,1
13678.0,151,1,232.6,0,Khách hàng trung thành,0
13679.0,493,3,281.26,1,Khách hàng có nguy cơ rời bỏ,1
13680.0,0,12,11419.67,2,Khách VIP,2
13681.0,17,4,827.83,0,Khách hàng trung thành,0
13682.0,186,1,59.5,1,Khách hàng có nguy cơ rời bỏ,1
13683.0,457,1,258.6,1,Khách hàng có nguy cơ rời bỏ,1
13684.0,285,4,594.88,0,Khách hàng trung thành,0
13685.0,2,7,3119.44,2,Khách VIP,2
13686.0,182,3,409.04,0,Khách hàng trung thành,0
13687.0,437,1,11880.84,1,Khách hàng có nguy cơ rời bỏ,1
13688.0,634,1,375.5,1,Khách hàng có nguy cơ rời bỏ,1
13689.0,62,2,1259.5,0,Khách hàng trung thành,0
13690.0,58,1,172.25,0,Khách hàng trung thành,0
13691.0,395,1,210.78,1,Khách hàng có nguy cơ rời bỏ,1
13692.0,24,5,3114.4,2,Khách VIP,2
13693.0,373,9,2011.82,2,Khách VIP,2
13694.0,3,143,195640.69,2,Khách VIP,2
13695.0,30,16,2770.73,2,Khách VIP,2
13696.0,421,3,2020.4,1,Khách hàng có nguy cơ rời bỏ,1
13697.0,38,1,151.29999999999998,0,Khách hàng trung thành,0
13698.0,596,2,451.73,1,Khách hàng có nguy cơ rời bỏ,1
13699.0,154,2,764.15,0,Khách hàng trung thành,0
13700.0,25,13,2596.9700000000003,2,Khách VIP,2
13701.0,446,1,161.0,1,Khách hàng có nguy cơ rời bỏ,1
13702.0,445,1,135.18,1,Khách hàng có nguy cơ rời bỏ,1
13703.0,317,2,425.56,1,Khách hàng có nguy cơ rời bỏ,1
13704.0,4,9,2308.06,2,Khách VIP,2
13705.0,7,7,1717.19,2,Khách VIP,2
13706.0,302,2,631.17,1,Khách hàng có nguy cơ rời bỏ,1
13707.0,266,5,3365.86,2,Khách VIP,2
13708.0,270,1,283.33,1,Khách hàng có nguy cơ rời bỏ,1
13709.0,3,18,7571.35,2,Khách VIP,2
13710.0,31,3,509.52,0,Khách hàng trung thành,0
13711.0,218,9,1792.26,2,Khách VIP,2
13712.0,246,2,766.42,0,Khách hàng trung thành,0
13713.0,407,3,740.76,1,Khách hàng có nguy cơ rời bỏ,1
13714.0,464,1,161.35,1,Khách hàng có nguy cơ rời bỏ,1
13715.0,280,17,8153.04,2,Khách VIP,2
13716.0,268,1,138.28,1,Khách hàng có nguy cơ rời bỏ,1
13717.0,31,8,1763.3,2,Khách VIP,2
13718.0,245,2,306.55,0,Khách hàng trung thành,0
13719.0,14,11,2782.1,2,Khách VIP,2
13720.0,116,4,799.9,0,Khách hàng trung thành,0
13721.0,35,2,741.54,0,Khách hàng trung thành,0
13722.0,131,10,5635.41,2,Khách VIP,2
13723.0,216,6,1194.08,0,Khách hàng trung thành,0
13724.0,636,1,213.01,1,Khách hàng có nguy cơ rời bỏ,1
13725.0,49,8,1980.56,2,Khách VIP,2
13726.0,38,2,1079.66,0,Khách hàng trung thành,0
13727.0,28,8,1074.15,2,Khách VIP,2
13728.0,36,16,2855.17,2,Khách VIP,2
13729.0,435,3,724.73,1,Khách hàng có nguy cơ rời bỏ,1
13730.0,135,2,752.6,0,Khách hàng trung thành,0
13731.0,218,2,610.59,0,Khách hàng trung thành,0
13732.0,27,1,491.86,0,Khách hàng trung thành,0
13733.0,410,2,487.03,1,Khách hàng có nguy cơ rời bỏ,1
13734.0,508,4,6695.6900000000005,1,Khách hàng có nguy cơ rời bỏ,1
13735.0,24,13,9762.77,2,Khách VIP,2
13736.0,4,7,2752.47,2,Khách VIP,2
13737.0,199,1,339.6,0,Khách hàng trung thành,0
13738.0,395,1,434.78,1,Khách hàng có nguy cơ rời bỏ,1
13739.0,17,2,292.2,0,Khách hàng trung thành,0
13740.0,240,5,1582.77,0,Khách hàng trung thành,0
13741.0,71,3,668.4300000000001,0,Khách hàng trung thành,0
13742.0,16,12,3107.87,2,Khách VIP,2
13743.0,2,7,1341.6,2,Khách VIP,2
13744.0,94,2,1080.52,0,Khách hàng trung thành,0
13745.0,161,2,777.36,0,Khách hàng trung thành,0
13746.0,413,1,176.69,1,Khách hàng có nguy cơ rời bỏ,1
13747.0,373,2,169.79999999999998,1,Khách hàng có nguy cơ rời bỏ,1
13748.0,95,9,2064.35,2,Khách VIP,2
13750.0,53,11,3602.1800000000003,2,Khách VIP,2
13751.0,287,1,296.25,1,Khách hàng có nguy cơ rời bỏ,1
13752.0,123,7,1579.8300000000002,2,Khách VIP,2
13753.0,287,4,2094.57,0,Khách hàng trung thành,0
13754.0,151,3,447.05,0,Khách hàng trung thành,0
13755.0,3,9,2108.06,2,Khách VIP,2
13756.0,1,23,8655.95,2,Khách VIP,2
13757.0,674,1,195.55,1,Khách hàng có nguy cơ rời bỏ,1
13758.0,11,14,8595.29,2,Khách VIP,2
13759.0,32,2,659.4100000000001,0,Khách hàng trung thành,0
13760.0,53,5,1363.64,0,Khách hàng trung thành,0
13761.0,49,6,1952.17,2,Khách VIP,2
13762.0,218,5,2472.48,2,Khách VIP,2
13763.0,62,3,5217.4400000000005,2,Khách VIP,2
13764.0,70,6,2908.67,2,Khách VIP,2
13765.0,652,1,352.82,1,Khách hàng có nguy cơ rời bỏ,1
13766.0,494,1,190.35,1,Khách hàng có nguy cơ rời bỏ,1
13767.0,1,73,33903.57,2,Khách VIP,2
13768.0,726,2,875.97,1,Khách hàng có nguy cơ rời bỏ,1
13769.0,1,20,5478.12,2,Khách VIP,2
13770.0,421,4,785.37,1,Khách hàng có nguy cơ rời bỏ,1
13771.0,63,9,5728.82,2,Khách VIP,2
13772.0,33,8,3100.02,2,Khách VIP,2
13773.0,396,2,301.54,1,Khách hàng có nguy cơ rời bỏ,1
13774.0,81,1,345.0,0,Khách hàng trung thành,0
13775.0,590,1,1049.66,1,Khách hàng có nguy cơ rời bỏ,1
13777.0,0,61,49638.26,2,Khách VIP,2
13778.0,102,4,1124.49,0,Khách hàng trung thành,0
13779.0,515,1,161.13,1,Khách hàng có nguy cơ rời bỏ,1
13780.0,6,3,732.07,0,Khách hàng trung thành,0
13781.0,250,3,778.83,0,Khách hàng trung thành,0
13782.0,12,13,1786.08,2,Khách VIP,2
13783.0,487,4,1542.09,1,Khách hàng có nguy cơ rời bỏ,1
13784.0,9,14,2910.23,2,Khách VIP,2
13785.0,428,4,542.49,1,Khách hàng có nguy cơ rời bỏ,1
13786.0,366,6,3127.99,2,Khách VIP,2
13787.0,75,6,1222.5,0,Khách hàng trung thành,0
13788.0,504,1,3.75,1,Khách hàng có nguy cơ rời bỏ,1
13789.0,387,1,239.46,1,Khách hàng có nguy cơ rời bỏ,1
13790.0,3,1,348.8,0,Khách hàng trung thành,0
13791.0,127,2,1516.0,0,Khách hàng trung thành,0
13792.0,65,3,383.95,0,Khách hàng trung thành,0
13793.0,646,1,96.0,1,Khách hàng có nguy cơ rời bỏ,1
13794.0,546,1,126.03,1,Khách hàng có nguy cơ rời bỏ,1
13795.0,387,4,836.3,1,Khách hàng có nguy cơ rời bỏ,1
13796.0,498,1,289.7,1,Khách hàng có nguy cơ rời bỏ,1
13797.0,436,3,1179.45,1,Khách hàng có nguy cơ rời bỏ,1
13798.0,0,110,75428.87,2,Khách VIP,2
13799.0,116,9,2803.57,2,Khách VIP,2
13800.0,309,3,1679.56,0,Khách hàng trung thành,0
13801.0,66,1,324.8,0,Khách hàng trung thành,0
13802.0,138,19,26259.11,2,Khách VIP,2
13803.0,254,3,1338.91,0,Khách hàng trung thành,0
13804.0,30,9,3161.12,2,Khách VIP,2
13805.0,51,2,924.6,0,Khách hàng trung thành,0
13806.0,63,1,256.38,0,Khách hàng trung thành,0
13807.0,366,3,422.2,1,Khách hàng có nguy cơ rời bỏ,1
13808.0,5,5,1747.66,0,Khách hàng trung thành,0
13809.0,304,3,679.7,0,Khách hàng trung thành,1
13810.0,28,2,827.51,0,Khách hàng trung thành,0
13811.0,183,2,519.75,0,Khách hàng trung thành,0
13812.0,41,3,485.0,0,Khách hàng trung thành,0
13813.0,39,8,2387.4700000000003,2,Khách VIP,2
13814.0,91,3,2257.32,0,Khách hàng trung thành,0
13815.0,21,8,6737.74,2,Khách VIP,2
13816.0,23,2,499.67,0,Khách hàng trung thành,0
13817.0,28,2,328.98,0,Khách hàng trung thành,0
13818.0,429,1,61.28,1,Khách hàng có nguy cơ rời bỏ,1
13819.0,301,6,2642.35,2,Khách VIP,2
13820.0,417,3,652.75,1,Khách hàng có nguy cơ rời bỏ,1
13821.0,144,6,1379.08,0,Khách hàng trung thành,0
13822.0,5,2,632.0,0,Khách hàng trung thành,0
13823.0,18,7,3403.4500000000003,2,Khách VIP,2
13824.0,32,12,3314.76,2,Khách VIP,2
13825.0,621,2,255.59,1,Khách hàng có nguy cơ rời bỏ,1
13826.0,175,1,189.5,0,Khách hàng trung thành,0
13827.0,57,3,409.8,0,Khách hàng trung thành,0
13828.0,21,1,209.49,0,Khách hàng trung thành,0
13829.0,420,1,102.0,1,Khách hàng có nguy cơ rời bỏ,1
13830.0,581,1,156.85000000000002,1,Khách hàng có nguy cơ rời bỏ,1
13831.0,15,18,6585.54,2,Khách VIP,2
13832.0,18,2,609.89,0,Khách hàng trung thành,0
13833.0,158,2,700.41,0,Khách hàng trung thành,0
13834.0,576,2,324.19,1,Khách hàng có nguy cơ rời bỏ,1
13835.0,24,7,1095.27,0,Khách hàng trung thành,0
13836.0,398,2,620.37,1,Khách hàng có nguy cơ rời bỏ,1
13837.0,211,2,266.59000000000003,0,Khách hàng trung thành,0
13838.0,5,10,1690.07,2,Khách VIP,2
13839.0,485,1,139.95000000000002,1,Khách hàng có nguy cơ rời bỏ,1
13840.0,415,1,651.4,1,Khách hàng có nguy cơ rời bỏ,1
13841.0,252,1,85.0,1,Khách hàng có nguy cơ rời bỏ,1
13842.0,58,18,5319.34,2,Khách VIP,2
13843.0,380,1,319.75,1,Khách hàng có nguy cơ rời bỏ,1
13844.0,10,1,361.62,0,Khách hàng trung thành,0
13845.0,64,1,312.98,0,Khách hàng trung thành,0
13846.0,24,4,1307.79,0,Khách hàng trung thành,0
13847.0,719,1,310.72,1,Khách hàng có nguy cơ rời bỏ,1
13848.0,91,8,3015.0,2,Khách VIP,2
13849.0,51,5,3469.3,2,Khách VIP,2
13850.0,128,1,1595.48,0,Khách hàng trung thành,0
13851.0,95,8,4606.46,2,Khách VIP,2
13852.0,610,1,187.35,1,Khách hàng có nguy cơ rời bỏ,1
13853.0,56,1,1090.14,0,Khách hàng trung thành,0
13854.0,8,39,11944.56,2,Khách VIP,2
13855.0,500,4,1310.34,1,Khách hàng có nguy cơ rời bỏ,1
13856.0,168,11,1142.03,2,Khách VIP,2
13857.0,392,6,1000.91,1,Khách hàng có nguy cơ rời bỏ,1
13858.0,56,1,216.17,0,Khách hàng trung thành,0
13859.0,325,2,515.86,1,Khách hàng có nguy cơ rời bỏ,1
13860.0,0,5,1245.9,0,Khách hàng trung thành,0
13861.0,428,2,273.26,1,Khách hàng có nguy cơ rời bỏ,1
13862.0,17,9,2556.09,2,Khách VIP,2
13863.0,247,4,1239.55,0,Khách hàng trung thành,0
13864.0,386,1,662.4000000000001,1,Khách hàng có nguy cơ rời bỏ,1
13865.0,57,4,501.56,0,Khách hàng trung thành,0
13866.0,73,1,145.67000000000002,0,Khách hàng trung thành,0
13867.0,30,3,1005.09,0,Khách hàng trung thành,0
13868.0,6,2,3192.54,0,Khách hàng trung thành,0
13869.0,122,10,7996.87,2,Khách VIP,2
13870.0,1,15,5712.08,2,Khách VIP,2
13871.0,22,17,7885.85,2,Khách VIP,2
13872.0,526,3,919.57,1,Khách hàng có nguy cơ rời bỏ,1
13873.0,119,8,1038.92,0,Khách hàng trung thành,0
13874.0,357,7,2049.15,2,Khách VIP,2
13875.0,53,14,4814.37,2,Khách VIP,2
13876.0,63,1,122.7,0,Khách hàng trung thành,0
13877.0,85,3,449.68,0,Khách hàng trung thành,0
13878.0,54,4,2416.9,0,Khách hàng trung thành,0
13879.0,645,1,395.5,1,Khách hàng có nguy cơ rời bỏ,1
13880.0,20,17,4293.86,2,Khách VIP,2
13881.0,3,43,45179.1,2,Khách VIP,2
13882.0,2,5,1191.13,0,Khách hàng trung thành,0
13883.0,10,14,6535.37,2,Khách VIP,2
13884.0,6,10,1825.03,2,Khách VIP,2
13885.0,188,2,506.8,0,Khách hàng trung thành,0
13886.0,70,1,243.56,0,Khách hàng trung thành,0
13887.0,203,1,349.55,0,Khách hàng trung thành,0
13888.0,119,7,2001.59,2,Khách VIP,2
13889.0,92,6,1991.23,2,Khách VIP,2
13890.0,0,14,2927.38,2,Khách VIP,2
13891.0,377,3,859.21,1,Khách hàng có nguy cơ rời bỏ,1
13892.0,26,6,1267.65,0,Khách hàng trung thành,0
13893.0,297,1,821.1,1,Khách hàng có nguy cơ rời bỏ,1
13894.0,23,3,564.62,0,Khách hàng trung thành,0
13895.0,27,6,4008.52,2,Khách VIP,2
13896.0,625,1,388.55,1,Khách hàng có nguy cơ rời bỏ,1
13897.0,49,3,1160.72,0,Khách hàng trung thành,0
13898.0,325,2,686.4,1,Khách hàng có nguy cơ rời bỏ,1
13899.0,15,2,388.52,0,Khách hàng trung thành,0
13900.0,182,6,1610.59,0,Khách hàng trung thành,0
13901.0,71,15,5676.34,2,Khách VIP,2
13902.0,631,5,34023.26,2,Khách VIP,2
13903.0,399,1,165.45000000000002,1,Khách hàng có nguy cơ rời bỏ,1
13904.0,36,2,332.64,0,Khách hàng trung thành,0
13905.0,732,1,312.65,1,Khách hàng có nguy cơ rời bỏ,1
13906.0,408,1,42.0,1,Khách hàng có nguy cơ rời bỏ,1
13907.0,691,1,136.8,1,Khách hàng có nguy cơ rời bỏ,1
13908.0,79,4,2319.55,0,Khách hàng trung thành,0
13909.0,422,2,282.85,1,Khách hàng có nguy cơ rời bỏ,1
13911.0,56,20,4234.99,2,Khách VIP,2
13912.0,423,1,124.95,1,Khách hàng có nguy cơ rời bỏ,1
13913.0,506,1,42.22,1,Khách hàng có nguy cơ rời bỏ,1
13914.0,11,2,626.45,0,Khách hàng trung thành,0
13915.0,393,1,70.80000000000001,1,Khách hàng có nguy cơ rời bỏ,1
13916.0,463,4,1275.81,1,Khách hàng có nguy cơ rời bỏ,1
13917.0,49,2,272.04,0,Khách hàng trung thành,0
13918.0,49,2,1212.84,0,Khách hàng trung thành,0
13919.0,58,4,1252.68,0,Khách hàng trung thành,0
13920.0,431,4,1774.68,1,Khách hàng có nguy cơ rời bỏ,1
13921.0,401,4,730.7,1,Khách hàng có nguy cơ rời bỏ,1
13922.0,351,3,865.2,1,Khách hàng có nguy cơ rời bỏ,1
13923.0,53,1,351.13,0,Khách hàng trung thành,0
13924.0,1,6,1838.85,2,Khách VIP,2
13925.0,92,4,678.25,0,Khách hàng trung thành,0
13926.0,22,1,223.85,0,Khách hàng trung thành,0
13927.0,74,2,708.26,0,Khách hàng trung thành,0
13928.0,10,4,464.57,0,Khách hàng trung thành,0
13929.0,168,11,3494.1,2,Khách VIP,2
13930.0,57,2,337.34,0,Khách hàng trung thành,0
13931.0,95,11,5257.38,2,Khách VIP,2
13932.0,294,1,307.4,1,Khách hàng có nguy cơ rời bỏ,1
13933.0,108,2,608.7900000000001,0,Khách hàng trung thành,0
13934.0,263,1,922.1,0,Khách hàng trung thành,0
13935.0,596,3,6116.92,1,Khách hàng có nguy cơ rời bỏ,1
13936.0,179,3,939.66,0,Khách hàng trung thành,0
13937.0,168,2,880.13,0,Khách hàng trung thành,0
13938.0,34,1,71.66,0,Khách hàng trung thành,0
13939.0,22,7,1560.96,2,Khách VIP,2
13940.0,16,4,839.14,0,Khách hàng trung thành,0
13941.0,21,15,10027.18,2,Khách VIP,2
13942.0,534,1,320.0,1,Khách hàng có nguy cơ rời bỏ,1
13943.0,577,1,246.54,1,Khách hàng có nguy cơ rời bỏ,1
13944.0,652,1,200.43,1,Khách hàng có nguy cơ rời bỏ,1
13945.0,394,2,854.15,1,Khách hàng có nguy cơ rời bỏ,1
13946.0,78,6,1876.23,2,Khách VIP,2
13947.0,64,1,90.6,0,Khách hàng trung thành,0
13948.0,360,4,548.76,1,Khách hàng có nguy cơ rời bỏ,1
13949.0,2,6,2427.32,2,Khách VIP,2
13950.0,10,4,745.06,0,Khách hàng trung thành,0
13951.0,175,3,674.45,0,Khách hàng trung thành,0
13952.0,217,14,12823.52,2,Khách VIP,2
13953.0,6,12,6640.68,2,Khách VIP,2
13954.0,1,2,439.92,0,Khách hàng trung thành,0
13955.0,153,3,544.0699999999999,0,Khách hàng trung thành,0
13956.0,4,5,1019.27,0,Khách hàng trung thành,0
13957.0,417,3,458.25,1,Khách hàng có nguy cơ rời bỏ,1
13958.0,379,8,4709.2300000000005,2,Khách VIP,2
13959.0,78,6,1064.77,0,Khách hàng trung thành,0
13960.0,20,2,230.22,0,Khách hàng trung thành,0
13961.0,391,1,538.4,1,Khách hàng có nguy cơ rời bỏ,1
13962.0,21,3,362.8,0,Khách hàng trung thành,0
13963.0,307,17,2860.57,2,Khách VIP,2
13964.0,386,2,438.9,1,Khách hàng có nguy cơ rời bỏ,1
13965.0,476,3,996.61,1,Khách hàng có nguy cơ rời bỏ,1
13966.0,434,1,384.26,1,Khách hàng có nguy cơ rời bỏ,1
13967.0,145,2,166.3,0,Khách hàng trung thành,0
13968.0,422,1,123.66,1,Khách hàng có nguy cơ rời bỏ,1
13969.0,6,35,12973.46,2,Khách VIP,2
13970.0,385,2,846.55,1,Khách hàng có nguy cơ rời bỏ,1
13971.0,18,14,4667.57,2,Khách VIP,2
13972.0,70,2,190.25,0,Khách hàng trung thành,0
13973.0,286,1,264.7,1,Khách hàng có nguy cơ rời bỏ,1
13974.0,48,2,677.72,0,Khách hàng trung thành,0
13975.0,30,12,5256.4,2,Khách VIP,2
13976.0,206,4,1192.36,0,Khách hàng trung thành,0
13977.0,410,1,519.8100000000001,1,Khách hàng có nguy cơ rời bỏ,1
13978.0,14,2,196.79,0,Khách hàng trung thành,0
13979.0,72,7,3373.63,2,Khách VIP,2
13980.0,59,5,768.82,0,Khách hàng trung thành,0
13981.0,415,1,331.14,1,Khách hàng có nguy cơ rời bỏ,1
13982.0,38,9,3954.29,2,Khách VIP,2
13983.0,29,21,6753.89,2,Khách VIP,2
13984.0,26,12,1893.8,2,Khách VIP,2
13985.0,3,22,10020.86,2,Khách VIP,2
13986.0,16,1,320.46,0,Khách hàng trung thành,0
13987.0,379,2,682.54,1,Khách hàng có nguy cơ rời bỏ,1
13988.0,19,8,4757.8,2,Khách VIP,2
13989.0,65,5,2026.06,0,Khách hàng trung thành,0
13990.0,212,1,311.3,0,Khách hàng trung thành,0
13991.0,11,6,851.88,0,Khách hàng trung thành,0
13992.0,29,3,219.5,0,Khách hàng trung thành,0
13993.0,42,19,6775.71,2,Khách VIP,2
13994.0,3,6,2274.14,2,Khách VIP,2
13995.0,14,14,3902.01,2,Khách VIP,2
13996.0,385,2,845.76,1,Khách hàng có nguy cơ rời bỏ,1
13997.0,518,3,376.46,1,Khách hàng có nguy cơ rời bỏ,1
13998.0,446,3,566.7,1,Khách hàng có nguy cơ rời bỏ,1
13999.0,9,29,9502.26,2,Khách VIP,2
14000.0,210,5,2046.34,0,Khách hàng trung thành,0
14001.0,45,9,4228.85,2,Khách VIP,2
14002.0,133,2,529.73,0,Khách hàng trung thành,0
14003.0,732,1,209.41,1,Khách hàng có nguy cơ rời bỏ,1
14004.0,42,11,6258.45,2,Khách VIP,2
14005.0,9,5,2874.72,2,Khách VIP,2
14006.0,115,7,2196.67,2,Khách VIP,2
14007.0,512,1,79.48,1,Khách hàng có nguy cơ rời bỏ,1
14008.0,431,1,509.04,1,Khách hàng có nguy cơ rời bỏ,1
14009.0,197,3,1099.91,0,Khách hàng trung thành,0
14010.0,564,2,445.15,1,Khách hàng có nguy cơ rời bỏ,1
14011.0,479,2,457.82,1,Khách hàng có nguy cơ rời bỏ,1
14012.0,277,1,328.8,1,Khách hàng có nguy cơ rời bỏ,1
14013.0,109,5,1084.57,0,Khách hàng trung thành,0
14014.0,76,3,1948.21,0,Khách hàng trung thành,0
14015.0,52,1,917.34,0,Khách hàng trung thành,0
14016.0,161,11,11303.41,2,Khách VIP,2
14017.0,570,1,229.75,1,Khách hàng có nguy cơ rời bỏ,1
14018.0,644,1,367.15,1,Khách hàng có nguy cơ rời bỏ,1
14019.0,46,3,1421.61,0,Khách hàng trung thành,0
14020.0,16,4,1249.01,0,Khách hàng trung thành,0
14021.0,154,7,1716.58,2,Khách VIP,2
14022.0,224,2,792.15,0,Khách hàng trung thành,0
14023.0,6,2,584.07,0,Khách hàng trung thành,0
14024.0,121,3,645.74,0,Khách hàng trung thành,0
14025.0,464,8,4057.9,2,Khách VIP,2
14026.0,470,2,713.11,1,Khách hàng có nguy cơ rời bỏ,1
14027.0,60,1,104.82,0,Khách hàng trung thành,0
14028.0,549,3,10396.5,1,Khách hàng có nguy cơ rời bỏ,1
14029.0,62,2,467.66,0,Khách hàng trung thành,0
14030.0,17,20,7521.8,2,Khách VIP,2
14031.0,6,44,39019.51,2,Khách VIP,2
14032.0,1,16,4546.41,2,Khách VIP,2
14033.0,554,1,109.44,1,Khách hàng có nguy cơ rời bỏ,1
14034.0,21,3,648.89,0,Khách hàng trung thành,0
14035.0,28,9,2794.75,2,Khách VIP,2
14036.0,284,1,626.65,1,Khách hàng có nguy cơ rời bỏ,1
14037.0,175,6,836.95,0,Khách hàng trung thành,0
14038.0,77,5,3069.88,2,Khách VIP,2
14039.0,32,2,267.28000000000003,0,Khách hàng trung thành,0
14040.0,40,35,12523.81,2,Khách VIP,2
14041.0,265,1,141.41,1,Khách hàng có nguy cơ rời bỏ,1
14042.0,724,1,431.98,1,Khách hàng có nguy cơ rời bỏ,1
14043.0,490,2,302.6,1,Khách hàng có nguy cơ rời bỏ,1
14044.0,26,10,3073.95,2,Khách VIP,2
14045.0,108,16,10986.63,2,Khách VIP,2
14046.0,283,1,151.59,1,Khách hàng có nguy cơ rời bỏ,1
14047.0,8,14,3968.11,2,Khách VIP,2
14048.0,304,3,748.69,0,Khách hàng trung thành,1
14049.0,16,13,13023.4,2,Khách VIP,2
14050.0,31,2,746.36,0,Khách hàng trung thành,0
14051.0,0,37,21770.98,2,Khách VIP,2
14052.0,19,2,466.66,0,Khách hàng trung thành,0
14053.0,123,4,572.3,0,Khách hàng trung thành,0
14054.0,64,1,92.46,0,Khách hàng trung thành,0
14055.0,105,3,1520.96,0,Khách hàng trung thành,0
14056.0,0,23,8152.71,2,Khách VIP,2
14057.0,23,22,8346.66,2,Khách VIP,2
14058.0,462,2,469.19,1,Khách hàng có nguy cơ rời bỏ,1
14059.0,266,1,183.6,1,Khách hàng có nguy cơ rời bỏ,1
14060.0,4,30,8898.24,2,Khách VIP,2
14061.0,506,3,917.43,1,Khách hàng có nguy cơ rời bỏ,1
14062.0,9,24,25585.65,2,Khách VIP,2
14063.0,686,7,9471.5,1,Khách hàng có nguy cơ rời bỏ,1
14064.0,28,15,3260.24,2,Khách VIP,2
14065.0,388,3,891.02,1,Khách hàng có nguy cơ rời bỏ,1
14066.0,266,1,152.55,1,Khách hàng có nguy cơ rời bỏ,1
14067.0,63,2,374.7,0,Khách hàng trung thành,0
14068.0,319,4,1516.72,0,Khách hàng trung thành,0
14069.0,514,2,225.81,1,Khách hàng có nguy cơ rời bỏ,1
14070.0,684,1,321.6,1,Khách hàng có nguy cơ rời bỏ,1
14071.0,3,8,1422.75,2,Khách VIP,2
14072.0,666,1,390.85,1,Khách hàng có nguy cơ rời bỏ,1
14073.0,31,1,151.04,0,Khách hàng trung thành,0
14074.0,622,1,219.4,1,Khách hàng có nguy cơ rời bỏ,1
14075.0,4,5,1724.87,0,Khách hàng trung thành,0
14076.0,128,1,118.67,0,Khách hàng trung thành,0
14077.0,40,6,615.0799999999999,0,Khách hàng trung thành,0
14078.0,101,9,1551.82,2,Khách VIP,2
14079.0,124,1,375.1,0,Khách hàng trung thành,0
14080.0,32,5,1115.68,0,Khách hàng trung thành,0
14081.0,301,10,4867.57,2,Khách VIP,2
14082.0,364,2,413.36,1,Khách hàng có nguy cơ rời bỏ,1
14083.0,3,11,1082.19,2,Khách VIP,2
14084.0,511,1,150.5,1,Khách hàng có nguy cơ rời bỏ,1
14085.0,1,32,9705.67,2,Khách VIP,2
14086.0,462,1,39.95,1,Khách hàng có nguy cơ rời bỏ,1
14087.0,2,3,829.47,0,Khách hàng trung thành,0
14088.0,9,16,64036.8,2,Khách VIP,2
14089.0,56,1,158.75,0,Khách hàng trung thành,0
14090.0,324,1,76.32000000000001,1,Khách hàng có nguy cơ rời bỏ,1
14091.0,653,2,9530.08,1,Khách hàng có nguy cơ rời bỏ,1
14092.0,7,24,7229.45,2,Khách VIP,2
14093.0,11,1,433.86,0,Khách hàng trung thành,0
14094.0,439,1,311.77,1,Khách hàng có nguy cơ rời bỏ,1
14095.0,722,1,2.95,1,Khách hàng có nguy cơ rời bỏ,1
14096.0,3,17,53258.43,2,Khách VIP,2
14097.0,480,2,422.86,1,Khách hàng có nguy cơ rời bỏ,1
14098.0,36,1,147.35,0,Khách hàng trung thành,0
14099.0,15,20,5750.91,2,Khách VIP,2
14100.0,137,1,191.95,0,Khách hàng trung thành,0
14101.0,73,13,9961.93,2,Khách VIP,2
14102.0,4,5,1105.88,0,Khách hàng trung thành,0
14104.0,154,5,740.53,0,Khách hàng trung thành,0
14105.0,238,5,5988.83,2,Khách VIP,2
14106.0,736,1,214.8,1,Khách hàng có nguy cơ rời bỏ,1
14107.0,51,11,4877.3,2,Khách VIP,2
14108.0,30,4,1044.96,0,Khách hàng trung thành,0
14109.0,72,1,144.2,0,Khách hàng trung thành,0
14110.0,3,33,12987.95,2,Khách VIP,2
14111.0,13,4,692.85,0,Khách hàng trung thành,0
14112.0,22,13,5834.59,2,Khách VIP,2
14113.0,3,16,7092.610000000001,2,Khách VIP,2
14114.0,273,7,1364.09,0,Khách hàng trung thành,0
14115.0,501,2,622.6700000000001,1,Khách hàng có nguy cơ rời bỏ,1
14116.0,19,5,1382.74,0,Khách hàng trung thành,0
14117.0,143,1,90.0,0,Khách hàng trung thành,0
14118.0,428,1,458.45,1,Khách hàng có nguy cơ rời bỏ,1
14119.0,375,2,183.37,1,Khách hàng có nguy cơ rời bỏ,1
14121.0,3,4,2780.15,0,Khách hàng trung thành,0
14122.0,405,3,362.42,1,Khách hàng có nguy cơ rời bỏ,1
14123.0,732,1,436.18,1,Khách hàng có nguy cơ rời bỏ,1
14124.0,83,1,419.58,0,Khách hàng trung thành,0
14125.0,10,3,2720.63,0,Khách hàng trung thành,0
14126.0,7,4,1172.46,0,Khách hàng trung thành,0
14127.0,122,6,1900.08,2,Khách VIP,2
14128.0,60,3,924.21,0,Khách hàng trung thành,0
14129.0,1,9,2591.34,2,Khách VIP,2
14130.0,318,4,1858.77,0,Khách hàng trung thành,0
14131.0,648,1,168.22,1,Khách hàng có nguy cơ rời bỏ,1
14132.0,1,11,3586.03,2,Khách VIP,2
14133.0,129,4,911.14,0,Khách hàng trung thành,0
14134.0,382,15,11123.35,2,Khách VIP,2
14135.0,1,24,8839.67,2,Khách VIP,2
14136.0,400,5,1570.81,1,Khách hàng có nguy cơ rời bỏ,1
14137.0,695,1,332.7,1,Khách hàng có nguy cơ rời bỏ,1
14138.0,1,2,965.88,0,Khách hàng trung thành,0
14139.0,45,4,1086.8,0,Khách hàng trung thành,0
14140.0,3,2,935.05,0,Khách hàng trung thành,0
14141.0,2,4,915.13,0,Khách hàng trung thành,0
14142.0,372,2,671.34,1,Khách hàng có nguy cơ rời bỏ,1
14143.0,133,1,115.8,0,Khách hàng trung thành,0
14144.0,485,1,30.6,1,Khách hàng có nguy cơ rời bỏ,1
14145.0,46,7,7600.05,2,Khách VIP,2
14146.0,8,12,9450.3,2,Khách VIP,2
14147.0,77,9,2590.2,2,Khách VIP,2
14148.0,233,2,466.29,0,Khách hàng trung thành,0
14149.0,220,1,446.62,0,Khách hàng trung thành,0
14150.0,35,2,658.64,0,Khách hàng trung thành,0
14151.0,672,2,679.45,1,Khách hàng có nguy cơ rời bỏ,1
14152.0,74,7,1997.34,2,Khách VIP,2
14153.0,482,1,233.4,1,Khách hàng có nguy cơ rời bỏ,1
14154.0,238,8,6460.7,2,Khách VIP,2
14155.0,265,1,118.75,1,Khách hàng có nguy cơ rời bỏ,1
14156.0,9,144,303069.88,2,Khách VIP,2
14157.0,19,5,978.69,0,Khách hàng trung thành,0
14158.0,39,1,507.66,0,Khách hàng trung thành,0
14159.0,19,20,7849.58,2,Khách VIP,2
14160.0,609,7,8421.47,2,Khách VIP,1
14161.0,215,7,2996.93,2,Khách VIP,2
14162.0,173,2,289.36,0,Khách hàng trung thành,0
14163.0,86,5,2594.62,2,Khách VIP,2
14164.0,70,2,1631.77,0,Khách hàng trung thành,0
14165.0,275,1,120.44,1,Khách hàng có nguy cơ rời bỏ,1
14166.0,504,2,251.15,1,Khách hàng có nguy cơ rời bỏ,1
14167.0,38,8,1274.29,2,Khách VIP,2
14168.0,420,2,370.45,1,Khách hàng có nguy cơ rời bỏ,1
14169.0,430,2,613.11,1,Khách hàng có nguy cơ rời bỏ,1
14170.0,374,3,570.18,1,Khách hàng có nguy cơ rời bỏ,1
14171.0,97,2,498.79,0,Khách hàng trung thành,0
14172.0,604,3,369.02,1,Khách hàng có nguy cơ rời bỏ,1
14173.0,10,6,586.0,0,Khách hàng trung thành,0
14174.0,32,1,134.46,0,Khách hàng trung thành,0
14175.0,59,8,7678.88,2,Khách VIP,2
14176.0,296,5,756.46,0,Khách hàng trung thành,0
14177.0,85,13,2209.69,2,Khách VIP,2
14178.0,8,7,1580.26,2,Khách VIP,2
14179.0,40,2,701.57,0,Khách hàng trung thành,0
14180.0,10,33,6117.5,2,Khách VIP,2
14181.0,410,2,308.35,1,Khách hàng có nguy cơ rời bỏ,1
14182.0,443,4,678.77,1,Khách hàng có nguy cơ rời bỏ,1
14183.0,410,2,278.34000000000003,1,Khách hàng có nguy cơ rời bỏ,1
14184.0,66,1,452.89,0,Khách hàng trung thành,0
14185.0,330,1,197.65,1,Khách hàng có nguy cơ rời bỏ,1
14186.0,426,5,1550.63,1,Khách hàng có nguy cơ rời bỏ,1
14187.0,473,1,123.5,1,Khách hàng có nguy cơ rời bỏ,1
14188.0,30,6,2054.36,2,Khách VIP,2
14189.0,1,16,5503.15,2,Khách VIP,2
14190.0,665,1,79.9,1,Khách hàng có nguy cơ rời bỏ,1
14191.0,1,15,4817.66,2,Khách VIP,2
14192.0,387,1,293.74,1,Khách hàng có nguy cơ rời bỏ,1
14193.0,67,3,1210.19,0,Khách hàng trung thành,0
14194.0,4,36,18670.59,2,Khách VIP,2
14195.0,201,6,2615.6,2,Khách VIP,2
14196.0,106,1,335.52,0,Khách hàng trung thành,0
14197.0,410,1,390.05,1,Khách hàng có nguy cơ rời bỏ,1
14198.0,17,9,1569.73,2,Khách VIP,2
14199.0,217,4,1091.7,0,Khách hàng trung thành,0
14200.0,616,1,379.2,1,Khách hàng có nguy cơ rời bỏ,1
14201.0,59,10,1193.54,2,Khách VIP,2
14202.0,380,3,847.76,1,Khách hàng có nguy cơ rời bỏ,1
14203.0,396,1,339.34,1,Khách hàng có nguy cơ rời bỏ,1
14204.0,1,4,1024.83,0,Khách hàng trung thành,0
14205.0,16,9,2414.2,2,Khách VIP,2
14206.0,238,3,1185.01,0,Khách hàng trung thành,0
14207.0,687,1,157.8,1,Khách hàng có nguy cơ rời bỏ,1
14208.0,94,2,567.05,0,Khách hàng trung thành,0
14209.0,10,15,4993.27,2,Khách VIP,2
14210.0,105,16,5556.570000000001,2,Khách VIP,2
14211.0,52,18,4402.29,2,Khách VIP,2
14212.0,89,2,2190.14,0,Khách hàng trung thành,0
14213.0,404,1,1192.2,1,Khách hàng có nguy cơ rời bỏ,1
14214.0,30,5,1004.38,0,Khách hàng trung thành,0
14215.0,11,9,3250.33,2,Khách VIP,2
14216.0,2,5,2150.04,2,Khách VIP,2
14217.0,1,23,3298.59,2,Khách VIP,2
14218.0,42,1,169.48000000000002,0,Khách hàng trung thành,0
14219.0,3,3,633.83,0,Khách hàng trung thành,0
14220.0,246,4,1515.0,0,Khách hàng trung thành,0
14221.0,41,17,6517.49,2,Khách VIP,2
14222.0,176,1,683.17,0,Khách hàng trung thành,0
14223.0,91,3,991.13,0,Khách hàng trung thành,0
14224.0,109,9,1841.71,2,Khách VIP,2
14225.0,434,4,2031.07,1,Khách hàng có nguy cơ rời bỏ,1
14226.0,28,6,2985.13,2,Khách VIP,2
14227.0,25,15,6366.16,2,Khách VIP,2
14228.0,437,3,745.5,1,Khách hàng có nguy cơ rời bỏ,1
14229.0,51,7,2594.04,2,Khách VIP,2
14230.0,435,3,979.8,1,Khách hàng có nguy cơ rời bỏ,1
14231.0,183,4,1235.62,0,Khách hàng trung thành,0
14232.0,42,5,2048.07,0,Khách hàng trung thành,0
14233.0,48,7,2904.27,2,Khách VIP,2
14234.0,21,4,754.12,0,Khách hàng trung thành,0
14235.0,74,9,4717.99,2,Khách VIP,2
14236.0,80,5,1555.34,0,Khách hàng trung thành,0
14237.0,372,2,471.14,1,Khách hàng có nguy cơ rời bỏ,1
14238.0,325,3,434.23,1,Khách hàng có nguy cơ rời bỏ,1
14239.0,42,21,4263.17,2,Khách VIP,2
14240.0,29,3,1247.49,0,Khách hàng trung thành,0
14241.0,183,2,333.70000000000005,0,Khách hàng trung thành,0
14242.0,234,2,280.55,0,Khách hàng trung thành,0
14243.0,8,17,7217.75,2,Khách VIP,2
14244.0,660,1,366.42,1,Khách hàng có nguy cơ rời bỏ,1
14245.0,219,2,1693.45,0,Khách hàng trung thành,0
14246.0,110,3,1474.06,0,Khách hàng trung thành,0
14247.0,277,5,753.56,0,Khách hàng trung thành,0
14248.0,317,3,1032.95,0,Khách hàng trung thành,1
14249.0,410,12,5400.46,2,Khách VIP,2
14250.0,6,3,1904.05,0,Khách hàng trung thành,0
14251.0,1,5,2879.7000000000003,2,Khách VIP,2
14252.0,380,1,350.99,1,Khách hàng có nguy cơ rời bỏ,1
14253.0,492,2,363.4,1,Khách hàng có nguy cơ rời bỏ,1
14254.0,432,1,601.03,1,Khách hàng có nguy cơ rời bỏ,1
14256.0,259,5,2460.79,0,Khách hàng trung thành,0
14257.0,63,9,5954.45,2,Khách VIP,2
14258.0,8,25,32051.34,2,Khách VIP,2
14259.0,141,1,120.0,0,Khách hàng trung thành,0
14260.0,470,3,824.28,1,Khách hàng có nguy cơ rời bỏ,1
14261.0,50,2,1163.45,0,Khách hàng trung thành,0
14262.0,7,8,2618.23,2,Khách VIP,2
14263.0,422,1,322.93,1,Khách hàng có nguy cơ rời bỏ,1
14264.0,154,6,1517.36,0,Khách hàng trung thành,0
14265.0,108,4,1373.35,0,Khách hàng trung thành,0
14266.0,427,1,40.56,1,Khách hàng có nguy cơ rời bỏ,1
14267.0,162,3,1516.24,0,Khách hàng trung thành,0
14268.0,470,1,354.85,1,Khách hàng có nguy cơ rời bỏ,1
14269.0,438,1,295.73,1,Khách hàng có nguy cơ rời bỏ,1
14270.0,331,1,492.65,1,Khách hàng có nguy cơ rời bỏ,1
14271.0,225,2,214.18,0,Khách hàng trung thành,0
14272.0,73,4,920.81,0,Khách hàng trung thành,0
14273.0,50,4,559.97,0,Khách hàng trung thành,0
14274.0,685,1,256.6,1,Khách hàng có nguy cơ rời bỏ,1
14275.0,395,6,1189.38,1,Khách hàng có nguy cơ rời bỏ,1
14276.0,98,7,2102.68,2,Khách VIP,2
14277.0,14,8,16789.16,2,Khách VIP,2
14278.0,409,1,205.83,1,Khách hàng có nguy cơ rời bỏ,1
14279.0,520,2,191.86,1,Khách hàng có nguy cơ rời bỏ,1
14280.0,196,1,134.04,0,Khách hàng trung thành,1
14281.0,407,1,245.15,1,Khách hàng có nguy cơ rời bỏ,1
14282.0,2,25,7250.76,2,Khách VIP,2
14283.0,462,4,628.4399999999999,1,Khách hàng có nguy cơ rời bỏ,1
14284.0,30,3,1299.65,0,Khách hàng trung thành,0
14285.0,20,8,3284.42,2,Khách VIP,2
14286.0,23,7,8479.76,2,Khách VIP,2
14287.0,7,3,176.63,0,Khách hàng trung thành,0
14288.0,212,1,426.6,0,Khách hàng trung thành,0
14289.0,8,6,911.26,0,Khách hàng trung thành,0
14290.0,10,8,4516.56,2,Khách VIP,2
14291.0,1,23,7904.1,2,Khách VIP,2
14292.0,7,16,9226.25,2,Khách VIP,2
14293.0,2,9,2903.01,2,Khách VIP,2
14294.0,406,1,375.34,1,Khách hàng có nguy cơ rời bỏ,1
14295.0,39,4,2352.91,0,Khách hàng trung thành,0
14296.0,420,2,456.4,1,Khách hàng có nguy cơ rời bỏ,1
14297.0,17,4,1305.33,0,Khách hàng trung thành,0
14298.0,7,82,91194.49,2,Khách VIP,2
14299.0,7,27,14070.25,2,Khách VIP,2
14300.0,18,1,43.2,0,Khách hàng trung thành,0
14301.0,116,4,1992.18,0,Khách hàng trung thành,0
14302.0,430,3,742.9000000000001,1,Khách hàng có nguy cơ rời bỏ,1
14303.0,406,2,277.94,1,Khách hàng có nguy cơ rời bỏ,1
14304.0,222,3,1725.01,0,Khách hàng trung thành,0
14305.0,70,3,1858.96,0,Khách hàng trung thành,0
14306.0,50,6,3151.4,2,Khách VIP,2
14307.0,88,10,4287.92,2,Khách VIP,2
14309.0,7,11,3780.81,2,Khách VIP,2
14310.0,432,1,492.1,1,Khách hàng có nguy cơ rời bỏ,1
14311.0,242,2,516.45,0,Khách hàng trung thành,0
14312.0,46,11,3090.29,2,Khách VIP,2
14314.0,106,2,229.8,0,Khách hàng trung thành,0
14315.0,44,8,3197.82,2,Khách VIP,2
14316.0,421,5,1370.34,1,Khách hàng có nguy cơ rời bỏ,1
14317.0,64,1,508.58,0,Khách hàng trung thành,0
14318.0,459,1,158.02,1,Khách hàng có nguy cơ rời bỏ,1
14319.0,423,1,494.85,1,Khách hàng có nguy cơ rời bỏ,1
14320.0,206,5,1346.75,0,Khách hàng trung thành,0
14321.0,10,7,2218.06,2,Khách VIP,2
14322.0,428,4,474.1,1,Khách hàng có nguy cơ rời bỏ,1
14323.0,114,2,605.0600000000001,0,Khách hàng trung thành,0
14324.0,409,2,701.61,1,Khách hàng có nguy cơ rời bỏ,1
14325.0,569,1,245.48,1,Khách hàng có nguy cơ rời bỏ,1
14326.0,241,3,940.98,0,Khách hàng trung thành,0
14327.0,162,6,1894.93,2,Khách VIP,2
14329.0,16,15,9887.62,2,Khách VIP,2
14330.0,623,1,200.63,1,Khách hàng có nguy cơ rời bỏ,1
14331.0,123,2,462.66,0,Khách hàng trung thành,0
14332.0,22,5,1917.41,0,Khách hàng trung thành,0
14333.0,67,1,415.2,0,Khách hàng trung thành,0
14334.0,16,12,4318.48,2,Khách VIP,2
14335.0,15,2,454.86,0,Khách hàng trung thành,0
14336.0,16,4,1614.91,0,Khách hàng trung thành,0
14338.0,160,3,928.1,0,Khách hàng trung thành,0
14339.0,242,2,620.27,0,Khách hàng trung thành,0
14340.0,218,1,134.7,1,Khách hàng có nguy cơ rời bỏ,1
14341.0,44,18,4452.02,2,Khách VIP,2
14342.0,20,6,918.44,0,Khách hàng trung thành,0
14343.0,420,4,1079.66,1,Khách hàng có nguy cơ rời bỏ,1
14344.0,126,20,2993.05,2,Khách VIP,2
14345.0,38,1,108.98,0,Khách hàng trung thành,0
14346.0,120,5,2315.75,2,Khách VIP,2
14347.0,736,1,82.6,1,Khách hàng có nguy cơ rời bỏ,1
14348.0,259,1,409.57,1,Khách hàng có nguy cơ rời bỏ,1
14349.0,9,1,133.5,0,Khách hàng trung thành,0
14350.0,273,3,972.03,0,Khách hàng trung thành,0
14351.0,164,1,51.0,0,Khách hàng trung thành,1
14352.0,156,4,1078.96,0,Khách hàng trung thành,0
14353.0,214,3,376.5,0,Khách hàng trung thành,0
14354.0,5,2,163.62,0,Khách hàng trung thành,0
14355.0,365,3,840.0500000000001,1,Khách hàng có nguy cơ rời bỏ,1
14356.0,79,2,701.23,0,Khách hàng trung thành,0
14357.0,42,1,225.12,0,Khách hàng trung thành,0
14358.0,388,2,400.06,1,Khách hàng có nguy cơ rời bỏ,1
14359.0,18,3,912.18,0,Khách hàng trung thành,0
14360.0,31,4,2118.03,0,Khách hàng trung thành,0
14361.0,578,1,214.71,1,Khách hàng có nguy cơ rời bỏ,1
14362.0,21,1,151.5,0,Khách hàng trung thành,0
14363.0,401,2,227.47000000000003,1,Khách hàng có nguy cơ rời bỏ,1
14364.0,108,8,3717.35,2,Khách VIP,2
14365.0,394,2,634.68,1,Khách hàng có nguy cơ rời bỏ,1
14366.0,524,1,136.0,1,Khách hàng có nguy cơ rời bỏ,1
14367.0,7,16,9227.82,2,Khách VIP,2
14368.0,319,1,155.0,1,Khách hàng có nguy cơ rời bỏ,1
14369.0,641,2,469.13,1,Khách hàng có nguy cơ rời bỏ,1
14370.0,450,6,1175.78,1,Khách hàng có nguy cơ rời bỏ,1
14371.0,294,1,100.5,1,Khách hàng có nguy cơ rời bỏ,1
14372.0,442,2,860.08,1,Khách hàng có nguy cơ rời bỏ,1
14373.0,357,1,76.55,1,Khách hàng có nguy cơ rời bỏ,1
14374.0,540,1,108.0,1,Khách hàng có nguy cơ rời bỏ,1
14375.0,184,3,1106.82,0,Khách hàng trung thành,0
14376.0,682,1,215.46,1,Khách hàng có nguy cơ rời bỏ,1
14377.0,190,2,617.05,0,Khách hàng trung thành,0
14378.0,621,1,131.25,1,Khách hàng có nguy cơ rời bỏ,1
14379.0,43,4,1265.16,0,Khách hàng trung thành,0
14381.0,51,2,625.9399999999999,0,Khách hàng trung thành,0
14382.0,25,2,1193.63,0,Khách hàng trung thành,0
14383.0,37,3,1247.69,0,Khách hàng trung thành,0
14384.0,500,1,58.5,1,Khách hàng có nguy cơ rời bỏ,1
14385.0,8,3,202.11,0,Khách hàng trung thành,0
14386.0,296,1,142.4,1,Khách hàng có nguy cơ rời bỏ,1
14387.0,32,3,1727.6,0,Khách hàng trung thành,0
14388.0,9,16,6388.2,2,Khách VIP,2
14389.0,64,5,1898.01,0,Khách hàng trung thành,0
14390.0,9,13,6150.03,2,Khách VIP,2
14391.0,576,1,135.6,1,Khách hàng có nguy cơ rời bỏ,1
14392.0,431,1,266.4,1,Khách hàng có nguy cơ rời bỏ,1
14393.0,217,1,67.95,1,Khách hàng có nguy cơ rời bỏ,1
14394.0,564,1,93.8,1,Khách hàng có nguy cơ rời bỏ,1
14395.0,1,20,7801.93,2,Khách VIP,2
14396.0,64,7,1969.38,2,Khách VIP,2
14397.0,2,19,2612.96,2,Khách VIP,2
14398.0,400,2,707.79,1,Khách hàng có nguy cơ rời bỏ,1
14399.0,393,8,2108.21,2,Khách VIP,2
14400.0,148,3,1732.47,0,Khách hàng trung thành,0
14401.0,3,22,6795.9,2,Khách VIP,2
14402.0,651,1,285.6,1,Khách hàng có nguy cơ rời bỏ,1
14403.0,129,6,1880.51,2,Khách VIP,2
14404.0,33,13,2724.13,2,Khách VIP,2
14405.0,386,1,195.0,1,Khách hàng có nguy cơ rời bỏ,1
14406.0,118,1,156.75,0,Khách hàng trung thành,0
14407.0,106,5,2142.73,0,Khách hàng trung thành,0
14408.0,10,11,4102.27,2,Khách VIP,2
14409.0,70,9,3427.29,2,Khách VIP,2
14410.0,91,11,2630.9,2,Khách VIP,2
14411.0,310,1,1063.0,1,Khách hàng có nguy cơ rời bỏ,1
14412.0,42,3,1426.19,0,Khách hàng trung thành,0
14413.0,361,3,421.72,1,Khách hàng có nguy cơ rời bỏ,1
14414.0,91,8,2399.33,2,Khách VIP,2
14415.0,0,23,11980.09,2,Khách VIP,2
14416.0,21,2,490.22,0,Khách hàng trung thành,0
14417.0,387,1,524.65,1,Khách hàng có nguy cơ rời bỏ,1
14418.0,3,3,1937.25,0,Khách hàng trung thành,0
14419.0,10,7,1254.64,2,Khách VIP,2
14420.0,98,4,1639.17,0,Khách hàng trung thành,0
14421.0,56,6,2469.37,2,Khách VIP,2
14422.0,0,19,10271.52,2,Khách VIP,2
14423.0,217,3,916.61,0,Khách hàng trung thành,0
14424.0,17,1,322.08,0,Khách hàng trung thành,0
14425.0,434,3,661.39,1,Khách hàng có nguy cơ rời bỏ,1
14426.0,23,17,11727.94,2,Khách VIP,2
14427.0,49,4,1263.52,0,Khách hàng trung thành,0
14428.0,6,5,1224.06,0,Khách hàng trung thành,0
14429.0,403,1,516.28,1,Khách hàng có nguy cơ rời bỏ,1
14430.0,511,3,1220.9,1,Khách hàng có nguy cơ rời bỏ,1
14431.0,302,4,2614.2,0,Khách hàng trung thành,0
14432.0,9,6,2248.5,2,Khách VIP,2
14433.0,465,1,280.7,1,Khách hàng có nguy cơ rời bỏ,1
14434.0,21,6,1372.8,0,Khách hàng trung thành,0
14435.0,501,1,90.42,1,Khách hàng có nguy cơ rời bỏ,1
14436.0,98,2,271.70000000000005,0,Khách hàng trung thành,0
14437.0,365,5,873.34,1,Khách hàng có nguy cơ rời bỏ,1
14438.0,305,1,131.9,1,Khách hàng có nguy cơ rời bỏ,1
14439.0,319,5,9443.04,2,Khách VIP,2
14440.0,7,13,5982.03,2,Khách VIP,2
14441.0,0,11,4611.6900000000005,2,Khách VIP,2
14442.0,204,7,5367.02,2,Khách VIP,2
14443.0,53,5,2082.97,0,Khách hàng trung thành,0
14444.0,455,1,120.44,1,Khách hàng có nguy cơ rời bỏ,1
14445.0,455,1,221.65,1,Khách hàng có nguy cơ rời bỏ,1
14446.0,0,5,1195.48,0,Khách hàng trung thành,0
14447.0,18,6,1711.73,2,Khách VIP,2
14448.0,8,2,375.35,0,Khách hàng trung thành,0
14449.0,18,8,2230.96,2,Khách VIP,2
14450.0,180,7,1128.44,0,Khách hàng trung thành,0
14451.0,59,12,3258.68,2,Khách VIP,2
14452.0,10,4,658.95,0,Khách hàng trung thành,0
14453.0,189,1,119.93,0,Khách hàng trung thành,0
14454.0,375,5,977.3,1,Khách hàng có nguy cơ rời bỏ,1
14455.0,431,4,617.72,1,Khách hàng có nguy cơ rời bỏ,1
14456.0,4,9,3014.32,2,Khách VIP,2
14457.0,310,1,113.64,1,Khách hàng có nguy cơ rời bỏ,1
14458.0,380,1,219.27,1,Khách hàng có nguy cơ rời bỏ,1
14459.0,154,2,5375.74,0,Khách hàng trung thành,0
14460.0,109,9,1093.5,2,Khách VIP,2
14461.0,147,13,6676.52,2,Khách VIP,2
14462.0,65,12,2237.81,2,Khách VIP,2
14463.0,97,4,786.5699999999999,0,Khách hàng trung thành,0
14464.0,567,2,111.0,1,Khách hàng có nguy cơ rời bỏ,1
14465.0,246,11,3925.85,2,Khách VIP,2
14466.0,28,13,4267.15,2,Khách VIP,2
14467.0,17,12,2203.24,2,Khách VIP,2
14468.0,733,1,204.24,1,Khách hàng có nguy cơ rời bỏ,1
14469.0,415,4,2093.46,1,Khách hàng có nguy cơ rời bỏ,1
14470.0,11,3,712.04,0,Khách hàng trung thành,0
14471.0,590,2,400.95,1,Khách hàng có nguy cơ rời bỏ,1
14472.0,103,9,2118.72,2,Khách VIP,2
14473.0,73,2,234.34000000000003,0,Khách hàng trung thành,0
14474.0,45,2,1258.89,0,Khách hàng trung thành,0
14475.0,71,4,1151.15,0,Khách hàng trung thành,0
14476.0,256,1,193.0,1,Khách hàng có nguy cơ rời bỏ,1
14477.0,19,7,1969.6,2,Khách VIP,2
14478.0,381,4,1276.66,1,Khách hàng có nguy cơ rời bỏ,1
14479.0,253,4,1124.71,0,Khách hàng trung thành,0
14480.0,10,4,1299.52,0,Khách hàng trung thành,0
14481.0,164,5,2284.69,0,Khách hàng trung thành,0
14482.0,17,12,4306.72,2,Khách VIP,2
14483.0,281,2,257.1,1,Khách hàng có nguy cơ rời bỏ,1
14484.0,49,4,1070.98,0,Khách hàng trung thành,0
14485.0,38,1,162.8,0,Khách hàng trung thành,0
14486.0,511,2,175.5,1,Khách hàng có nguy cơ rời bỏ,1
14487.0,26,7,1266.27,2,Khách VIP,2
14488.0,67,1,1064.28,0,Khách hàng trung thành,0
14489.0,206,4,1574.93,0,Khách hàng trung thành,0
14490.0,405,2,1273.47,1,Khách hàng có nguy cơ rời bỏ,1
14491.0,174,2,340.93,0,Khách hàng trung thành,0
14492.0,429,7,1921.91,1,Khách hàng có nguy cơ rời bỏ,1
14493.0,6,10,5087.86,2,Khách VIP,2
14494.0,25,3,401.46,0,Khách hàng trung thành,0
14495.0,50,3,174.8,0,Khách hàng trung thành,0
14496.0,311,7,2363.89,2,Khách VIP,2
14497.0,308,2,697.0600000000001,1,Khách hàng có nguy cơ rời bỏ,1
14498.0,42,10,3900.83,2,Khách VIP,2
14499.0,25,7,2101.79,2,Khách VIP,2
14500.0,87,3,356.85,0,Khách hàng trung thành,0
14501.0,183,2,251.21,0,Khách hàng trung thành,0
14502.0,19,11,2426.79,2,Khách VIP,2
14503.0,2,6,3543.26,2,Khách VIP,2
14504.0,46,4,673.26,0,Khách hàng trung thành,0
14505.0,16,19,11873.08,2,Khách VIP,2
14506.0,16,7,2960.25,2,Khách VIP,2
14507.0,23,11,3216.74,2,Khách VIP,2
14508.0,21,5,822.92,0,Khách hàng trung thành,0
14509.0,533,1,110.95,1,Khách hàng có nguy cơ rời bỏ,1
14510.0,375,3,979.85,1,Khách hàng có nguy cơ rời bỏ,1
14511.0,10,5,1314.81,0,Khách hàng trung thành,0
14512.0,187,7,1215.97,0,Khách hàng trung thành,0
14513.0,100,6,788.01,0,Khách hàng trung thành,0
14514.0,60,9,4380.04,2,Khách VIP,2
14515.0,17,12,3724.06,2,Khách VIP,2
14516.0,515,1,151.17,1,Khách hàng có nguy cơ rời bỏ,1
14517.0,32,2,330.45,0,Khách hàng trung thành,0
14518.0,63,1,174.37,0,Khách hàng trung thành,0
14519.0,683,2,203.14,1,Khách hàng có nguy cơ rời bỏ,1
14520.0,1,2,270.6,0,Khách hàng trung thành,0
14521.0,490,1,199.45,1,Khách hàng có nguy cơ rời bỏ,1
14522.0,23,8,1748.42,2,Khách VIP,2
14523.0,107,1,241.09,0,Khách hàng trung thành,0
14524.0,31,13,2909.86,2,Khách VIP,2
14525.0,19,17,8018.59,2,Khách VIP,2
14526.0,388,1,258.65,1,Khách hàng có nguy cơ rời bỏ,1
14527.0,2,121,27191.1,2,Khách VIP,2
14528.0,36,1,364.22,0,Khách hàng trung thành,0
14529.0,59,3,578.61,0,Khách hàng trung thành,0
14530.0,25,16,6088.87,2,Khách VIP,2
14531.0,479,1,376.34,1,Khách hàng có nguy cơ rời bỏ,1
14532.0,235,11,3845.78,2,Khách VIP,2
14533.0,24,11,3466.37,2,Khách VIP,2
14534.0,2,26,6183.06,2,Khách VIP,2
14535.0,59,9,5961.89,2,Khách VIP,2
14536.0,259,1,170.95,1,Khách hàng có nguy cơ rời bỏ,1
14537.0,57,2,641.4,0,Khách hàng trung thành,0
14538.0,64,5,1370.84,0,Khách hàng trung thành,0
14539.0,15,2,537.48,0,Khách hàng trung thành,0
14540.0,9,11,3709.64,2,Khách VIP,2
14541.0,58,14,2491.38,2,Khách VIP,2
14542.0,185,1,103.25,0,Khách hàng trung thành,0
14543.0,28,39,14548.22,2,Khách VIP,2
14544.0,23,3,2938.53,0,Khách hàng trung thành,0
14545.0,673,1,349.25,1,Khách hàng có nguy cơ rời bỏ,1
14546.0,4,11,5184.84,2,Khách VIP,2
14547.0,3,8,3974.75,2,Khách VIP,2
14548.0,150,9,2541.29,2,Khách VIP,2
14549.0,310,4,913.6,0,Khách hàng trung thành,0
14550.0,10,4,1345.06,0,Khách hàng trung thành,0
14551.0,17,7,878.09,0,Khách hàng trung thành,0
14552.0,151,3,507.93,0,Khách hàng trung thành,0
14553.0,18,9,1818.6,2,Khách VIP,2
14554.0,9,4,2279.49,0,Khách hàng trung thành,0
14555.0,56,6,2304.03,2,Khách VIP,2
14556.0,595,3,815.69,1,Khách hàng có nguy cơ rời bỏ,1
14557.0,84,1,788.38,0,Khách hàng trung thành,0
14558.0,653,3,655.5,1,Khách hàng có nguy cơ rời bỏ,1
14559.0,389,1,75.6,1,Khách hàng có nguy cơ rời bỏ,1
14560.0,6,44,6114.03,2,Khách VIP,2
14561.0,75,3,1080.76,0,Khách hàng trung thành,0
14562.0,3,26,6638.150000000001,2,Khách VIP,2
14563.0,509,2,625.42,1,Khách hàng có nguy cơ rời bỏ,1
14564.0,434,2,2605.62,1,Khách hàng có nguy cơ rời bỏ,1
14565.0,95,5,3709.22,2,Khách VIP,2
14566.0,110,4,4092.0,2,Khách VIP,2
14567.0,56,2,1530.36,0,Khách hàng trung thành,0
14568.0,434,1,919.7,1,Khách hàng có nguy cơ rời bỏ,1
14569.0,0,4,597.3299999999999,0,Khách hàng trung thành,0
14570.0,280,3,512.4,0,Khách hàng trung thành,1
14571.0,424,1,160.0,1,Khách hàng có nguy cơ rời bỏ,1
14572.0,2,11,5520.9800000000005,2,Khách VIP,2
14573.0,179,13,2163.12,2,Khách VIP,2
14574.0,732,1,143.70000000000002,1,Khách hàng có nguy cơ rời bỏ,1
14575.0,487,1,420.22,1,Khách hàng có nguy cơ rời bỏ,1
14576.0,371,1,35.400000000000006,1,Khách hàng có nguy cơ rời bỏ,1
14577.0,12,7,1364.15,2,Khách VIP,2
14578.0,2,1,168.63,0,Khách hàng trung thành,0
14579.0,431,1,105.56,1,Khách hàng có nguy cơ rời bỏ,1
14580.0,517,1,14.85,1,Khách hàng có nguy cơ rời bỏ,1
14581.0,16,2,409.65,0,Khách hàng trung thành,0
14582.0,40,1,114.11,0,Khách hàng trung thành,0
14583.0,5,8,1660.29,2,Khách VIP,2
14584.0,168,8,1738.16,2,Khách VIP,2
14585.0,49,5,1143.27,0,Khách hàng trung thành,0
14586.0,276,1,237.36,1,Khách hàng có nguy cơ rời bỏ,1
14587.0,18,9,1580.29,2,Khách VIP,2
14588.0,577,1,135.39,1,Khách hàng có nguy cơ rời bỏ,1
14589.0,371,1,39.75,1,Khách hàng có nguy cơ rời bỏ,1
14590.0,424,20,2993.37,2,Khách VIP,2
14591.0,14,4,1320.21,0,Khách hàng trung thành,0
14592.0,34,3,557.94,0,Khách hàng trung thành,0
14593.0,21,12,3658.03,2,Khách VIP,2
14594.0,6,2,363.33,0,Khách hàng trung thành,0
14595.0,19,8,2164.45,2,Khách VIP,2
14596.0,626,1,222.22000000000003,1,Khách hàng có nguy cơ rời bỏ,1
14597.0,10,6,2184.63,2,Khách VIP,2
14598.0,43,2,384.04,0,Khách hàng trung thành,0
14599.0,389,2,457.89,1,Khách hàng có nguy cơ rời bỏ,1
14600.0,305,2,865.1700000000001,1,Khách hàng có nguy cơ rời bỏ,1
14601.0,10,1,213.96,0,Khách hàng trung thành,0
14602.0,655,1,205.36,1,Khách hàng có nguy cơ rời bỏ,1
14603.0,274,1,660.0,1,Khách hàng có nguy cơ rời bỏ,1
14604.0,632,1,136.36,1,Khách hàng có nguy cơ rời bỏ,1
14605.0,373,4,920.71,1,Khách hàng có nguy cơ rời bỏ,1
14606.0,0,184,29648.75,2,Khách VIP,2
14607.0,15,20,22575.13,2,Khách VIP,2
14608.0,3,10,3342.94,2,Khách VIP,2
14609.0,71,10,1486.2,2,Khách VIP,2
14610.0,395,2,24.35,1,Khách hàng có nguy cơ rời bỏ,1
14611.0,443,2,604.3299999999999,1,Khách hàng có nguy cơ rời bỏ,1
14612.0,414,1,877.7,1,Khách hàng có nguy cơ rời bỏ,1
14613.0,679,1,76.32000000000001,1,Khách hàng có nguy cơ rời bỏ,1
14614.0,385,1,295.13,1,Khách hàng có nguy cơ rời bỏ,1
14615.0,393,5,951.76,1,Khách hàng có nguy cơ rời bỏ,1
14616.0,242,5,527.78,0,Khách hàng trung thành,0
14617.0,402,2,190.47000000000003,1,Khách hàng có nguy cơ rời bỏ,1
14618.0,8,7,1342.32,2,Khách VIP,2
14619.0,245,2,1291.24,0,Khách hàng trung thành,0
14620.0,205,2,412.78,0,Khách hàng trung thành,0
14621.0,0,9,3000.57,2,Khách VIP,2
14622.0,184,1,320.58000000000004,0,Khách hàng trung thành,0
14623.0,31,10,2012.3,2,Khách VIP,2
14624.0,56,6,814.07,0,Khách hàng trung thành,0
14625.0,195,11,4497.88,2,Khách VIP,2
14626.0,23,11,5410.92,2,Khách VIP,2
14627.0,378,1,462.75,1,Khách hàng có nguy cơ rời bỏ,1
14628.0,90,5,1998.0,0,Khách hàng trung thành,0
14629.0,3,2,955.26,0,Khách hàng trung thành,0
14630.0,483,1,338.65,1,Khách hàng có nguy cơ rời bỏ,1
14631.0,50,6,2025.69,2,Khách VIP,2
14632.0,262,1,114.56,1,Khách hàng có nguy cơ rời bỏ,1
14633.0,265,1,344.90000000000003,1,Khách hàng có nguy cơ rời bỏ,1
14634.0,437,4,2124.46,1,Khách hàng có nguy cơ rời bỏ,1
14635.0,453,1,215.22,1,Khách hàng có nguy cơ rời bỏ,1
14636.0,35,2,609.85,0,Khách hàng trung thành,0
14637.0,676,1,106.68,1,Khách hàng có nguy cơ rời bỏ,1
14638.0,50,1,443.6,0,Khách hàng trung thành,0
14639.0,51,9,4978.96,2,Khách VIP,2
14640.0,23,10,3649.36,2,Khách VIP,2
14641.0,21,1,110.46,0,Khách hàng trung thành,0
14642.0,58,1,96.12,0,Khách hàng trung thành,0
14643.0,169,5,1679.89,0,Khách hàng trung thành,0
14644.0,67,7,2247.72,2,Khách VIP,2
14645.0,156,3,876.89,0,Khách hàng trung thành,0
14646.0,1,146,526751.52,2,Khách VIP,2
14647.0,200,2,506.04,0,Khách hàng trung thành,0
14648.0,415,15,4463.39,2,Khách VIP,2
14649.0,4,9,3651.19,2,Khách VIP,2
14650.0,588,1,62.5,1,Khách hàng có nguy cơ rời bỏ,1
14651.0,66,9,2025.52,2,Khách VIP,2
14652.0,76,1,114.18,0,Khách hàng trung thành,0
14653.0,0,11,3404.8,2,Khách VIP,2
14654.0,737,1,246.86,1,Khách hàng có nguy cơ rời bỏ,1
14655.0,7,7,3878.51,2,Khách VIP,2
14656.0,168,5,790.0,0,Khách hàng trung thành,0
14657.0,17,6,1450.19,0,Khách hàng trung thành,0
14658.0,4,2,247.15,0,Khách hàng trung thành,0
14659.0,8,9,2529.93,2,Khách VIP,2
14660.0,86,2,285.74,0,Khách hàng trung thành,0
14661.0,26,1,107.95,0,Khách hàng trung thành,0
14662.0,28,7,1376.43,2,Khách VIP,2
14663.0,429,2,490.6,1,Khách hàng có nguy cơ rời bỏ,1
14664.0,19,2,636.24,0,Khách hàng trung thành,0
14665.0,60,7,2749.65,2,Khách VIP,2
14666.0,23,1,179.95,0,Khách hàng trung thành,0
14667.0,10,54,20359.59,2,Khách VIP,2
14668.0,444,1,111.63,1,Khách hàng có nguy cơ rời bỏ,1
14669.0,241,7,3216.78,2,Khách VIP,2
14670.0,279,3,583.33,0,Khách hàng trung thành,0
14671.0,548,2,1127.45,1,Khách hàng có nguy cơ rời bỏ,1
14672.0,234,4,1113.14,0,Khách hàng trung thành,0
14673.0,2,7,3037.32,2,Khách VIP,2
14674.0,508,1,173.66,1,Khách hàng có nguy cơ rời bỏ,1
14675.0,15,2,1015.58,0,Khách hàng trung thành,0
14676.0,30,12,8356.79,2,Khách VIP,2
14677.0,592,1,184.91,1,Khách hàng có nguy cơ rời bỏ,1
14678.0,578,1,403.39,1,Khách hàng có nguy cơ rời bỏ,1
14679.0,381,3,1289.44,1,Khách hàng có nguy cơ rời bỏ,1
14680.0,24,58,55688.5,2,Khách VIP,2
14681.0,70,6,875.1500000000001,0,Khách hàng trung thành,0
14682.0,187,6,1514.81,0,Khách hàng trung thành,0
14683.0,587,1,146.56,1,Khách hàng có nguy cơ rời bỏ,1
14684.0,25,6,1430.03,0,Khách hàng trung thành,0
14685.0,575,8,4536.64,1,Khách hàng có nguy cơ rời bỏ,1
14686.0,413,5,852.53,1,Khách hàng có nguy cơ rời bỏ,1
14687.0,106,3,1402.06,0,Khách hàng trung thành,0
14688.0,7,28,7190.42,2,Khách VIP,2
14689.0,208,1,112.8,1,Khách hàng có nguy cơ rời bỏ,1
14690.0,43,4,777.68,0,Khách hàng trung thành,0
14691.0,30,5,2114.33,0,Khách hàng trung thành,2
14692.0,136,12,1715.14,2,Khách VIP,2
14693.0,264,7,1165.36,0,Khách hàng trung thành,0
14694.0,616,1,244.31,1,Khách hàng có nguy cơ rời bỏ,1
14695.0,518,3,1534.22,1,Khách hàng có nguy cơ rời bỏ,1
14696.0,3,8,2473.28,2,Khách VIP,2
14697.0,217,2,188.61,0,Khách hàng trung thành,0
14698.0,1,5,1217.27,0,Khách hàng trung thành,0
14699.0,213,4,702.6,0,Khách hàng trung thành,0
14700.0,31,5,3076.06,2,Khách VIP,2
14701.0,10,15,4487.11,2,Khách VIP,2
14702.0,0,29,6356.9800000000005,2,Khách VIP,2
14703.0,14,1,318.17,0,Khách hàng trung thành,0
14704.0,19,9,1720.58,2,Khách VIP,2
14705.0,198,1,179.0,0,Khách hàng trung thành,0
14706.0,618,1,367.54,1,Khách hàng có nguy cơ rời bỏ,1
14707.0,435,2,139.2,1,Khách hàng có nguy cơ rời bỏ,1
14708.0,2,5,1793.22,0,Khách hàng trung thành,0
14709.0,14,25,8886.33,2,Khách VIP,2
14710.0,13,13,1899.79,2,Khách VIP,2
14711.0,9,11,2839.62,2,Khách VIP,2
14712.0,28,4,1328.0700000000002,0,Khách hàng trung thành,0
14713.0,8,21,5115.36,2,Khách VIP,2
14714.0,23,4,906.24,0,Khách hàng trung thành,0
14715.0,24,8,1809.55,2,Khách VIP,2
14716.0,42,3,543.28,0,Khách hàng trung thành,0
14717.0,732,1,81.3,1,Khách hàng có nguy cơ rời bỏ,1
14718.0,409,1,226.42,1,Khách hàng có nguy cơ rời bỏ,1
14719.0,1,5,1581.84,0,Khách hàng trung thành,0
14720.0,5,3,663.81,0,Khách hàng trung thành,0
14721.0,378,1,109.07,1,Khách hàng có nguy cơ rời bỏ,1
14722.0,146,3,489.52,0,Khách hàng trung thành,0
14723.0,9,11,1801.36,2,Khách VIP,2
14724.0,589,1,341.9,1,Khách hàng có nguy cơ rời bỏ,1
14725.0,24,4,1246.86,0,Khách hàng trung thành,0
14726.0,654,1,116.5,1,Khách hàng có nguy cơ rời bỏ,1
14727.0,273,3,461.03,0,Khách hàng trung thành,0
14728.0,412,1,190.58,1,Khách hàng có nguy cơ rời bỏ,1
14729.0,373,3,586.24,1,Khách hàng có nguy cơ rời bỏ,1
14730.0,0,8,1897.57,2,Khách VIP,2
14731.0,46,3,380.02,0,Khách hàng trung thành,0
14732.0,7,19,5517.07,2,Khách VIP,2
14733.0,15,15,14335.15,2,Khách VIP,2
14734.0,425,4,1056.42,1,Khách hàng có nguy cơ rời bỏ,1
14735.0,3,55,12225.16,2,Khách VIP,2
14736.0,484,2,374.05,1,Khách hàng có nguy cơ rời bỏ,1
14737.0,3,4,3554.17,2,Khách VIP,2
14738.0,42,9,1821.9,2,Khách VIP,2
14739.0,3,25,11573.62,2,Khách VIP,2
14740.0,196,11,4161.06,2,Khách VIP,2
14741.0,11,7,1713.09,2,Khách VIP,2
14742.0,434,1,579.85,1,Khách hàng có nguy cơ rời bỏ,1
14743.0,592,1,50.48,1,Khách hàng có nguy cơ rời bỏ,1
14744.0,15,14,3660.08,2,Khách VIP,2
14745.0,112,12,2551.41,2,Khách VIP,2
14746.0,405,4,593.5,1,Khách hàng có nguy cơ rời bỏ,1
14747.0,248,1,328.2,1,Khách hàng có nguy cơ rời bỏ,1
14748.0,28,10,2681.9,2,Khách VIP,2
14749.0,479,1,310.15,1,Khách hàng có nguy cơ rời bỏ,1
14750.0,735,1,112.03,1,Khách hàng có nguy cơ rời bỏ,1
14751.0,683,2,126.45,1,Khách hàng có nguy cơ rời bỏ,1
14752.0,43,1,389.64,0,Khách hàng trung thành,0
14753.0,86,2,869.51,0,Khách hàng trung thành,0
14754.0,44,6,1547.93,0,Khách hàng trung thành,0
14755.0,9,25,9972.55,2,Khách VIP,2
14756.0,14,3,2603.76,0,Khách hàng trung thành,0
14757.0,74,1,420.5,0,Khách hàng trung thành,0
14758.0,144,7,2864.97,2,Khách VIP,2
14759.0,4,3,1625.97,0,Khách hàng trung thành,0
14760.0,296,1,89.2,1,Khách hàng có nguy cơ rời bỏ,1
14761.0,58,3,447.92,0,Khách hàng trung thành,0
14762.0,263,2,417.57,0,Khách hàng trung thành,1
14764.0,46,1,278.3,0,Khách hàng trung thành,0
14765.0,28,3,254.11,0,Khách hàng trung thành,0
14766.0,7,11,6375.7300000000005,2,Khách VIP,2
14767.0,473,1,382.81,1,Khách hàng có nguy cơ rời bỏ,1
14768.0,16,2,192.6,0,Khách hàng trung thành,0
14769.0,2,17,15512.46,2,Khách VIP,2
14770.0,231,8,3637.64,2,Khách VIP,2
14771.0,620,2,594.62,1,Khách hàng có nguy cơ rời bỏ,1
14772.0,111,1,139.26,0,Khách hàng trung thành,0
14773.0,592,1,140.55,1,Khách hàng có nguy cơ rời bỏ,1
14774.0,528,1,241.45,1,Khách hàng có nguy cơ rời bỏ,1
14775.0,57,3,1011.9,0,Khách hàng trung thành,0
14776.0,50,15,3708.3,2,Khách VIP,2
14777.0,403,1,307.56,1,Khách hàng có nguy cơ rời bỏ,1
14778.0,126,2,730.86,0,Khách hàng trung thành,0
14779.0,280,3,386.15,0,Khách hàng trung thành,1
14780.0,54,2,447.68,0,Khách hàng trung thành,0
14782.0,319,1,200.1,1,Khách hàng có nguy cơ rời bỏ,1
14783.0,658,1,307.3,1,Khách hàng có nguy cơ rời bỏ,1
14784.0,25,3,449.93,0,Khách hàng trung thành,0
14785.0,9,2,77.4,0,Khách hàng trung thành,0
14786.0,549,1,90.96,1,Khách hàng có nguy cơ rời bỏ,1
14787.0,470,1,110.65,1,Khách hàng có nguy cơ rời bỏ,1
14788.0,6,3,1156.32,0,Khách hàng trung thành,0
14789.0,28,1,197.64,0,Khách hàng trung thành,0
14790.0,16,10,2526.62,2,Khách VIP,2
14791.0,606,1,303.63,1,Khách hàng có nguy cơ rời bỏ,1
14792.0,63,1,6.2,0,Khách hàng trung thành,0
14793.0,20,2,625.9,0,Khách hàng trung thành,0
14794.0,2,10,1953.9,2,Khách VIP,2
14795.0,165,1,131.45000000000002,0,Khách hàng trung thành,0
14796.0,0,27,10167.77,2,Khách VIP,2
14797.0,506,1,300.31,1,Khách hàng có nguy cơ rời bỏ,1
14798.0,52,8,724.31,0,Khách hàng trung thành,0
14799.0,50,2,338.15,0,Khách hàng trung thành,0
14800.0,47,17,7180.08,2,Khách VIP,2
14801.0,60,1,189.34,0,Khách hàng trung thành,0
14803.0,161,3,845.55,0,Khách hàng trung thành,0
14804.0,8,1,353.27,0,Khách hàng trung thành,0
14805.0,14,7,1082.55,0,Khách hàng trung thành,0
14806.0,74,2,303.43,0,Khách hàng trung thành,0
14807.0,390,2,504.14,1,Khách hàng có nguy cơ rời bỏ,1
14808.0,39,8,2718.6,2,Khách VIP,2
14809.0,620,2,686.76,1,Khách hàng có nguy cơ rời bỏ,1
14810.0,40,13,2354.03,2,Khách VIP,2
14811.0,386,1,170.5,1,Khách hàng có nguy cơ rời bỏ,1
14812.0,598,1,178.85,1,Khách hàng có nguy cơ rời bỏ,1
14813.0,369,4,888.91,1,Khách hàng có nguy cơ rời bỏ,1
14814.0,580,1,152.96,1,Khách hàng có nguy cơ rời bỏ,1
14815.0,36,2,778.5,0,Khách hàng trung thành,0
14816.0,196,1,271.85,0,Khách hàng trung thành,0
14817.0,199,7,3609.86,2,Khách VIP,2
14818.0,73,6,1153.56,0,Khách hàng trung thành,0
14819.0,63,4,456.41,0,Khách hàng trung thành,0
14820.0,20,9,1274.76,2,Khách VIP,2
14821.0,366,7,1230.15,0,Khách hàng trung thành,1
14822.0,484,1,157.70000000000002,1,Khách hàng có nguy cơ rời bỏ,1
14823.0,179,3,321.43,0,Khách hàng trung thành,0
14824.0,9,10,4022.91,2,Khách VIP,2
14825.0,3,24,4735.08,2,Khách VIP,2
14826.0,581,2,385.2,1,Khách hàng có nguy cơ rời bỏ,1
14828.0,196,13,9839.46,2,Khách VIP,2
14829.0,28,7,1455.87,2,Khách VIP,2
14830.0,52,1,188.03,0,Khách hàng trung thành,0
14831.0,679,3,1676.57,1,Khách hàng có nguy cơ rời bỏ,1
14833.0,498,1,94.8,1,Khách hàng có nguy cơ rời bỏ,1
14834.0,17,7,2206.16,2,Khách VIP,2
14835.0,528,2,297.0,1,Khách hàng có nguy cơ rời bỏ,1
14836.0,9,3,102.45,0,Khách hàng trung thành,0
14837.0,89,9,3460.32,2,Khách VIP,2
14838.0,422,2,769.9200000000001,1,Khách hàng có nguy cơ rời bỏ,1
14839.0,417,3,915.28,1,Khách hàng có nguy cơ rời bỏ,1
14840.0,267,2,362.71,0,Khách hàng trung thành,1
14841.0,52,14,7163.0,2,Khách VIP,2
14842.0,43,4,2824.69,0,Khách hàng trung thành,0
14843.0,436,1,211.8,1,Khách hàng có nguy cơ rời bỏ,1
14844.0,63,10,6702.43,2,Khách VIP,2
14845.0,599,1,150.0,1,Khách hàng có nguy cơ rời bỏ,1
14846.0,426,1,437.4,1,Khách hàng có nguy cơ rời bỏ,1
14847.0,148,3,1348.95,0,Khách hàng trung thành,0
14848.0,404,1,310.56,1,Khách hàng có nguy cơ rời bỏ,1
14849.0,21,43,15407.61,2,Khách VIP,2
14850.0,311,7,1770.96,2,Khách VIP,2
14851.0,22,3,829.4100000000001,0,Khách hàng trung thành,0
14852.0,57,18,6132.43,2,Khách VIP,2
14853.0,23,5,1376.87,0,Khách hàng trung thành,0
14854.0,77,11,4303.06,2,Khách VIP,2
14855.0,118,7,6520.3,2,Khách VIP,2
14856.0,35,3,1290.53,0,Khách hàng trung thành,0
14857.0,59,7,3651.85,2,Khách VIP,2
14858.0,505,1,180.75,1,Khách hàng có nguy cơ rời bỏ,1
14859.0,12,5,1705.64,0,Khách hàng trung thành,0
14860.0,18,1,170.32,0,Khách hàng trung thành,0
14861.0,51,10,1380.73,2,Khách VIP,2
14862.0,25,2,841.1999999999999,0,Khách hàng trung thành,0
14863.0,28,1,266.76,0,Khách hàng trung thành,0
14865.0,6,4,92.52,0,Khách hàng trung thành,0
14866.0,10,17,20700.04,2,Khách VIP,2
14867.0,185,16,2952.06,2,Khách VIP,2
14868.0,2,12,4184.01,2,Khách VIP,2
14869.0,8,6,2778.14,2,Khách VIP,2
14870.0,261,6,1838.95,0,Khách hàng trung thành,0
14871.0,2,9,1228.17,2,Khách VIP,2
14872.0,483,3,816.6,1,Khách hàng có nguy cơ rời bỏ,1
14873.0,209,2,854.13,0,Khách hàng trung thành,0
14874.0,534,1,116.18,1,Khách hàng có nguy cơ rời bỏ,1
14875.0,107,3,2862.4,0,Khách hàng trung thành,0
14876.0,520,2,256.7,1,Khách hàng có nguy cơ rời bỏ,1
14877.0,417,2,425.85,1,Khách hàng có nguy cơ rời bỏ,1
14878.0,12,25,4076.5,2,Khách VIP,2
14879.0,684,1,185.06,1,Khách hàng có nguy cơ rời bỏ,1
14880.0,76,3,690.59,0,Khách hàng trung thành,0
14881.0,19,1,255.4,0,Khách hàng trung thành,0
14882.0,26,14,3546.65,2,Khách VIP,2
14883.0,18,6,761.59,0,Khách hàng trung thành,0
14884.0,668,1,120.6,1,Khách hàng có nguy cơ rời bỏ,1
14885.0,131,3,1598.12,0,Khách hàng trung thành,0
14886.0,252,1,364.8,1,Khách hàng có nguy cơ rời bỏ,1
14887.0,78,1,1862.0,0,Khách hàng trung thành,0
14888.0,206,1,369.2,0,Khách hàng trung thành,0
14889.0,335,1,135.9,1,Khách hàng có nguy cơ rời bỏ,1
14890.0,253,3,817.25,0,Khách hàng trung thành,0
14891.0,147,4,1106.73,0,Khách hàng trung thành,0
14892.0,690,1,202.35,1,Khách hàng có nguy cơ rời bỏ,1
14893.0,9,3,1809.61,0,Khách hàng trung thành,0
14894.0,84,3,1492.81,0,Khách hàng trung thành,0
14895.0,7,38,25119.54,2,Khách VIP,2
14896.0,204,8,1826.0,2,Khách VIP,2
14897.0,7,8,3140.54,2,Khách VIP,2
14898.0,22,14,3365.95,2,Khách VIP,2
14899.0,394,1,1331.38,1,Khách hàng có nguy cơ rời bỏ,1
14900.0,521,1,13.919999999999998,1,Khách hàng có nguy cơ rời bỏ,1
14901.0,10,12,1919.0,2,Khách VIP,2
14902.0,25,3,1035.62,0,Khách hàng trung thành,0
14903.0,20,5,2795.33,2,Khách VIP,2
14904.0,1,4,1630.49,0,Khách hàng trung thành,0
14905.0,157,8,1971.39,2,Khách VIP,2
14907.0,2,16,5547.72,2,Khách VIP,2
14908.0,73,2,381.9,0,Khách hàng trung thành,0
14909.0,436,3,1404.68,1,Khách hàng có nguy cơ rời bỏ,1
14910.0,2,4,434.35,0,Khách hàng trung thành,0
14911.0,0,373,272252.79,2,Khách VIP,2
14912.0,16,5,1849.58,0,Khách hàng trung thành,0
14913.0,35,8,4073.13,2,Khách VIP,2
14915.0,90,11,1811.25,2,Khách VIP,2
14916.0,70,8,3042.95,2,Khách VIP,2
14917.0,596,2,1123.75,1,Khách hàng có nguy cơ rời bỏ,1
14918.0,115,9,5955.81,2,Khách VIP,2
14919.0,538,1,359.35,1,Khách hàng có nguy cơ rời bỏ,1
14920.0,212,3,1607.17,0,Khách hàng trung thành,0
14921.0,29,2,1316.07,0,Khách hàng trung thành,0
14922.0,393,2,843.74,1,Khách hàng có nguy cơ rời bỏ,1
14923.0,50,1,749.1,0,Khách hàng trung thành,0
14924.0,245,3,931.01,0,Khách hàng trung thành,0
14926.0,381,2,359.4,1,Khách hàng có nguy cơ rời bỏ,1
14927.0,396,1,308.2,1,Khách hàng có nguy cơ rời bỏ,1
14928.0,627,1,223.91000000000005,1,Khách hàng có nguy cơ rời bỏ,1
14929.0,31,2,836.69,0,Khách hàng trung thành,0
14930.0,108,6,5236.7300000000005,2,Khách VIP,2
14931.0,4,4,864.6800000000001,0,Khách hàng trung thành,0
14932.0,365,2,566.13,1,Khách hàng có nguy cơ rời bỏ,1
14933.0,443,4,1770.0,1,Khách hàng có nguy cơ rời bỏ,1
14934.0,81,5,3403.5,2,Khách VIP,2
14935.0,296,2,2849.83,0,Khách hàng trung thành,0
14936.0,33,12,12410.81,2,Khách VIP,2
14937.0,56,3,1621.88,0,Khách hàng trung thành,0
14938.0,561,2,2322.43,1,Khách hàng có nguy cơ rời bỏ,1
14940.0,417,2,531.49,1,Khách hàng có nguy cơ rời bỏ,1
14941.0,578,1,182.1,1,Khách hàng có nguy cơ rời bỏ,1
14942.0,401,4,746.56,1,Khách hàng có nguy cơ rời bỏ,1
14943.0,662,1,107.62,1,Khách hàng có nguy cơ rời bỏ,1
14944.0,29,19,9684.67,2,Khách VIP,2
14945.0,413,1,179.4,1,Khách hàng có nguy cơ rời bỏ,1
14946.0,13,1,100.9,0,Khách hàng trung thành,0
14947.0,71,6,1049.79,0,Khách hàng trung thành,0
14948.0,22,6,1101.97,0,Khách hàng trung thành,0
14949.0,468,4,515.0,1,Khách hàng có nguy cơ rời bỏ,1
14950.0,18,1,371.2,0,Khách hàng trung thành,0
14951.0,78,1,311.69,0,Khách hàng trung thành,0
14952.0,59,32,17629.35,2,Khách VIP,2
14953.0,24,4,968.82,0,Khách hàng trung thành,0
14954.0,11,2,462.12,0,Khách hàng trung thành,0
14955.0,732,1,163.77,1,Khách hàng có nguy cơ rời bỏ,1
14956.0,420,1,1325.0,1,Khách hàng có nguy cơ rời bỏ,1
14957.0,252,2,261.69,0,Khách hàng trung thành,1
14958.0,146,6,941.99,0,Khách hàng trung thành,0
14959.0,63,4,695.42,0,Khách hàng trung thành,0
14960.0,7,2,221.27,0,Khách hàng trung thành,0
14961.0,10,22,16410.15,2,Khách VIP,2
14962.0,270,4,366.91,0,Khách hàng trung thành,0
14963.0,9,12,3123.57,2,Khách VIP,2
14964.0,246,1,206.21,1,Khách hàng có nguy cơ rời bỏ,1
14965.0,95,2,596.09,0,Khách hàng trung thành,0
14966.0,14,6,1064.26,0,Khách hàng trung thành,0
14967.0,49,6,1982.61,2,Khách VIP,2
14968.0,29,2,497.49,0,Khách hàng trung thành,0
14969.0,703,1,906.23,1,Khách hàng có nguy cơ rời bỏ,1
14970.0,67,12,4919.35,2,Khách VIP,2
14971.0,34,3,1097.98,0,Khách hàng trung thành,0
14972.0,127,2,145.07,0,Khách hàng trung thành,0
14973.0,106,3,1314.45,0,Khách hàng trung thành,0
14974.0,36,1,89.94,0,Khách hàng trung thành,0
14975.0,56,2,472.39,0,Khách hàng trung thành,0
14976.0,56,6,774.86,0,Khách hàng trung thành,0
14977.0,725,1,31.93,1,Khách hàng có nguy cơ rời bỏ,1
14978.0,71,10,3112.19,2,Khách VIP,2
14979.0,734,1,429.66,1,Khách hàng có nguy cơ rời bỏ,1
14980.0,736,1,150.68,1,Khách hàng có nguy cơ rời bỏ,1
14981.0,245,2,372.92,0,Khách hàng trung thành,0
14982.0,571,1,234.88,1,Khách hàng có nguy cơ rời bỏ,1
14983.0,688,1,183.2,1,Khách hàng có nguy cơ rời bỏ,1
14984.0,18,6,1260.51,0,Khách hàng trung thành,0
14985.0,197,2,292.01,0,Khách hàng trung thành,0
14986.0,375,2,563.1,1,Khách hàng có nguy cơ rời bỏ,1
14987.0,15,8,1550.65,2,Khách VIP,2
14988.0,211,7,2038.65,2,Khách VIP,2
14989.0,661,1,342.4,1,Khách hàng có nguy cơ rời bỏ,1
14990.0,611,2,304.17,1,Khách hàng có nguy cơ rời bỏ,1
14991.0,429,1,314.67,1,Khách hàng có nguy cơ rời bỏ,1
14992.0,441,1,210.5,1,Khách hàng có nguy cơ rời bỏ,1
14993.0,563,1,36.13,1,Khách hàng có nguy cơ rời bỏ,1
14994.0,381,5,942.77,1,Khách hàng có nguy cơ rời bỏ,1
14995.0,38,2,231.98,0,Khách hàng trung thành,0
14996.0,480,2,442.29,1,Khách hàng có nguy cơ rời bỏ,1
14997.0,45,4,776.5999999999999,0,Khách hàng trung thành,0
14998.0,169,4,753.18,0,Khách hàng trung thành,0
14999.0,592,1,129.48000000000002,1,Khách hàng có nguy cơ rời bỏ,1
15000.0,47,1,490.52,0,Khách hàng trung thành,0
15001.0,393,2,197.11,1,Khách hàng có nguy cơ rời bỏ,1
15002.0,115,9,4138.08,2,Khách VIP,2
15003.0,472,6,1027.03,1,Khách hàng có nguy cơ rời bỏ,1
15004.0,146,1,1220.38,0,Khách hàng trung thành,0
15005.0,15,56,13752.58,2,Khách VIP,2
15006.0,50,2,752.83,0,Khách hàng trung thành,0
15007.0,158,1,156.91,0,Khách hàng trung thành,0
15008.0,479,2,360.0,1,Khách hàng có nguy cơ rời bỏ,1
15009.0,11,3,1259.43,0,Khách hàng trung thành,0
15010.0,35,1,308.94,0,Khách hàng trung thành,0
15011.0,395,2,416.6,1,Khách hàng có nguy cơ rời bỏ,1
15012.0,53,3,646.26,0,Khách hàng trung thành,0
15013.0,487,10,1610.82,1,Khách hàng có nguy cơ rời bỏ,1
15014.0,42,2,257.67,0,Khách hàng trung thành,0
15015.0,500,13,2344.47,2,Khách VIP,2
15016.0,172,5,620.89,0,Khách hàng trung thành,0
15017.0,33,1,125.58,0,Khách hàng trung thành,0
15018.0,38,3,496.21,0,Khách hàng trung thành,0
15019.0,266,1,252.81,1,Khách hàng có nguy cơ rời bỏ,1
15020.0,378,1,198.47,1,Khách hàng có nguy cơ rời bỏ,1
15021.0,8,12,2500.59,2,Khách VIP,2
15022.0,11,5,1133.44,0,Khách hàng trung thành,0
15023.0,2,20,11555.5,2,Khách VIP,2
15024.0,9,16,3559.39,2,Khách VIP,2
15025.0,32,2,971.84,0,Khách hàng trung thành,0
15026.0,79,5,1044.09,0,Khách hàng trung thành,0
15027.0,30,10,3195.6,2,Khách VIP,2
15028.0,7,6,962.94,0,Khách hàng trung thành,0
15029.0,619,1,365.1,1,Khách hàng có nguy cơ rời bỏ,1
15030.0,71,8,1979.91,2,Khách VIP,2
15031.0,3,14,3102.94,2,Khách VIP,2
15032.0,255,8,11010.05,2,Khách VIP,2
15033.0,4,10,2553.88,2,Khách VIP,2
15034.0,15,14,8231.2,2,Khách VIP,2
15035.0,89,1,252.73,0,Khách hàng trung thành,0
15036.0,71,3,429.56,0,Khách hàng trung thành,0
15037.0,375,2,397.76,1,Khách hàng có nguy cơ rời bỏ,1
15038.0,58,9,1146.53,2,Khách VIP,2
15039.0,9,93,39141.48,2,Khách VIP,2
15040.0,541,1,7.49,1,Khách hàng có nguy cơ rời bỏ,1
15041.0,169,2,288.98,0,Khách hàng trung thành,0
15042.0,198,2,315.45,0,Khách hàng trung thành,0
15043.0,30,6,2855.32,2,Khách VIP,2
15044.0,18,32,15769.01,2,Khách VIP,2
15045.0,151,2,735.66,0,Khách hàng trung thành,0
15046.0,8,25,7604.84,2,Khách VIP,2
15047.0,269,1,343.62,1,Khách hàng có nguy cơ rời bỏ,1
15048.0,64,4,381.0,0,Khách hàng trung thành,0
15049.0,273,1,121.17000000000002,1,Khách hàng có nguy cơ rời bỏ,1
15050.0,24,5,4087.19,2,Khách VIP,2
15051.0,22,9,3926.91,2,Khách VIP,2
15052.0,318,1,207.73,1,Khách hàng có nguy cơ rời bỏ,1
15053.0,4,3,693.95,0,Khách hàng trung thành,0
15054.0,11,2,302.1,0,Khách hàng trung thành,0
15055.0,474,3,549.12,1,Khách hàng có nguy cơ rời bỏ,1
15056.0,519,1,113.65,1,Khách hàng có nguy cơ rời bỏ,1
15057.0,274,5,3255.96,2,Khách VIP,2
15058.0,24,16,3387.58,2,Khách VIP,2
15059.0,40,19,3490.4,2,Khách VIP,2
15060.0,7,4,293.0,0,Khách hàng trung thành,0
15061.0,3,127,126387.57,2,Khách VIP,2
15062.0,70,8,2585.62,2,Khách VIP,2
15063.0,212,1,370.8,0,Khách hàng trung thành,0
15064.0,409,4,1154.41,1,Khách hàng có nguy cơ rời bỏ,1
15065.0,37,5,3326.86,2,Khách VIP,2
15066.0,52,1,893.59,0,Khách hàng trung thành,0
15067.0,77,5,3862.88,2,Khách VIP,2
15068.0,45,4,1174.9,0,Khách hàng trung thành,0
15069.0,178,1,1109.53,0,Khách hàng trung thành,0
15070.0,372,3,737.0500000000001,1,Khách hàng có nguy cơ rời bỏ,1
15071.0,93,4,1455.56,0,Khách hàng trung thành,0
15072.0,478,1,187.52,1,Khách hàng có nguy cơ rời bỏ,1
15073.0,9,8,2788.02,2,Khách VIP,2
15074.0,104,3,1553.13,0,Khách hàng trung thành,0
15075.0,77,1,773.03,0,Khách hàng trung thành,0
15076.0,172,3,1447.74,0,Khách hàng trung thành,0
15077.0,494,2,2428.08,1,Khách hàng có nguy cơ rời bỏ,1
15078.0,6,52,17276.73,2,Khách VIP,2
15079.0,212,11,3625.4,2,Khách VIP,2
15080.0,427,2,546.25,1,Khách hàng có nguy cơ rời bỏ,1
15081.0,21,12,1854.57,2,Khách VIP,2
15082.0,668,1,93.35,1,Khách hàng có nguy cơ rời bỏ,1
15083.0,256,1,88.2,1,Khách hàng có nguy cơ rời bỏ,1
15084.0,379,2,965.2,1,Khách hàng có nguy cơ rời bỏ,1
15085.0,729,1,347.54,1,Khách hàng có nguy cơ rời bỏ,1
15086.0,564,2,218.53,1,Khách hàng có nguy cơ rời bỏ,1
15087.0,281,1,306.94,1,Khách hàng có nguy cơ rời bỏ,1
15088.0,20,2,1160.07,0,Khách hàng trung thành,0
15089.0,9,6,2420.84,2,Khách VIP,2
15090.0,307,1,381.32,1,Khách hàng có nguy cơ rời bỏ,1
15091.0,67,3,1046.61,0,Khách hàng trung thành,0
15092.0,214,3,776.46,0,Khách hàng trung thành,0
15093.0,17,23,13702.38,2,Khách VIP,2
15094.0,462,2,83.0,1,Khách hàng có nguy cơ rời bỏ,1
15095.0,103,10,3141.64,2,Khách VIP,2
15096.0,42,1,219.39,0,Khách hàng trung thành,0
15097.0,3,3,908.35,0,Khách hàng trung thành,0
15098.0,181,3,39916.5,2,Khách VIP,2
15099.0,83,1,410.48,0,Khách hàng trung thành,0
15100.0,333,7,2193.9,2,Khách VIP,2
15101.0,8,6,1477.94,0,Khách hàng trung thành,0
15102.0,530,2,554.67,1,Khách hàng có nguy cơ rời bỏ,1
15103.0,30,2,703.36,0,Khách hàng trung thành,0
15104.0,196,2,993.54,0,Khách hàng trung thành,0
15105.0,17,9,3094.91,2,Khách VIP,2
15106.0,17,5,1422.52,0,Khách hàng trung thành,0
15107.0,310,9,824.35,0,Khách hàng trung thành,0
15108.0,141,3,1159.25,0,Khách hàng trung thành,0
15109.0,245,3,983.1,0,Khách hàng trung thành,0
15110.0,23,6,1505.85,0,Khách hàng trung thành,0
15111.0,28,5,2442.37,2,Khách VIP,2
15112.0,610,1,209.4,1,Khách hàng có nguy cơ rời bỏ,1
15113.0,9,3,3509.04,0,Khách hàng trung thành,0
15114.0,29,12,3400.12,2,Khách VIP,2
15115.0,17,2,531.85,0,Khách hàng trung thành,0
15116.0,17,4,1352.75,0,Khách hàng trung thành,0
15117.0,14,8,2485.9700000000003,2,Khách VIP,2
15118.0,133,1,244.8,0,Khách hàng trung thành,0
15119.0,245,1,266.4,1,Khách hàng có nguy cơ rời bỏ,1
15120.0,133,1,358.82,0,Khách hàng trung thành,0
15121.0,49,2,457.72,0,Khách hàng trung thành,0
15122.0,113,11,4487.27,2,Khách VIP,2
15123.0,6,5,4656.17,2,Khách VIP,2
15124.0,22,4,450.82,0,Khách hàng trung thành,0
15125.0,24,24,17024.87,2,Khách VIP,2
15126.0,536,2,449.49,1,Khách hàng có nguy cơ rời bỏ,1
15127.0,65,2,711.5,0,Khách hàng trung thành,0
15128.0,59,5,1783.68,0,Khách hàng trung thành,0
15129.0,49,23,6860.18,2,Khách VIP,2
15130.0,169,1,330.11,0,Khách hàng trung thành,0
15131.0,394,1,80.28,1,Khách hàng có nguy cơ rời bỏ,1
15132.0,17,5,977.93,0,Khách hàng trung thành,0
15133.0,127,5,1806.9,0,Khách hàng trung thành,0
15134.0,14,10,1596.29,2,Khách VIP,2
15135.0,238,2,305.68,0,Khách hàng trung thành,0
15136.0,2,4,1286.7,0,Khách hàng trung thành,0
15137.0,520,2,823.4,1,Khách hàng có nguy cơ rời bỏ,1
15138.0,393,1,502.52,1,Khách hàng có nguy cơ rời bỏ,1
15139.0,239,2,178.96,0,Khách hàng trung thành,1
15140.0,51,8,3243.69,2,Khách VIP,2
15141.0,457,7,1388.47,1,Khách hàng có nguy cơ rời bỏ,1
15142.0,45,6,2619.92,2,Khách VIP,2
15143.0,225,2,563.63,0,Khách hàng trung thành,0
15144.0,7,29,12160.31,2,Khách VIP,2
15145.0,3,4,1194.73,0,Khách hàng trung thành,0
15146.0,164,2,1327.16,0,Khách hàng trung thành,0
15147.0,239,1,623.5,0,Khách hàng trung thành,0
15148.0,10,1,301.29,0,Khách hàng trung thành,0
15149.0,133,4,1524.61,0,Khách hàng trung thành,0
15150.0,16,13,8977.94,2,Khách VIP,2
15151.0,422,2,2085.61,1,Khách hàng có nguy cơ rời bỏ,1
15152.0,9,14,5263.83,2,Khách VIP,2
15153.0,30,1,329.25,0,Khách hàng trung thành,0
15154.0,74,3,1343.72,0,Khách hàng trung thành,0
15155.0,382,1,383.97,1,Khách hàng có nguy cơ rời bỏ,1
15156.0,0,3,961.49,0,Khách hàng trung thành,0
15157.0,3,5,2654.11,2,Khách VIP,2
15158.0,44,2,606.02,0,Khách hàng trung thành,0
15159.0,1,34,22116.73,2,Khách VIP,2
15160.0,356,4,589.27,1,Khách hàng có nguy cơ rời bỏ,1
15161.0,387,1,119.92,1,Khách hàng có nguy cơ rời bỏ,1
15162.0,730,1,312.9,1,Khách hàng có nguy cơ rời bỏ,1
15163.0,17,2,304.47,0,Khách hàng trung thành,0
15164.0,68,9,2028.11,2,Khách VIP,2
15165.0,372,1,487.75,1,Khách hàng có nguy cơ rời bỏ,1
15166.0,467,1,167.16,1,Khách hàng có nguy cơ rời bỏ,1
15167.0,320,5,1627.62,0,Khách hàng trung thành,0
15168.0,25,1,106.56,0,Khách hàng trung thành,0
15169.0,381,2,569.22,1,Khách hàng có nguy cơ rời bỏ,1
15170.0,406,1,81.15,1,Khách hàng có nguy cơ rời bỏ,1
15171.0,330,1,1289.5,1,Khách hàng có nguy cơ rời bỏ,1
15172.0,8,5,1624.05,0,Khách hàng trung thành,0
15173.0,380,7,1494.6,0,Khách hàng trung thành,1
15174.0,322,2,481.46,1,Khách hàng có nguy cơ rời bỏ,1
15175.0,71,1,224.14,0,Khách hàng trung thành,0
15176.0,667,1,988.04,1,Khách hàng có nguy cơ rời bỏ,1
15177.0,425,1,948.93,1,Khách hàng có nguy cơ rời bỏ,1
15178.0,259,1,40.5,1,Khách hàng có nguy cơ rời bỏ,1
15179.0,17,13,7491.92,2,Khách VIP,2
15180.0,366,3,816.9300000000001,1,Khách hàng có nguy cơ rời bỏ,1
15181.0,65,5,1200.2,0,Khách hàng trung thành,0
15182.0,153,11,2998.9500000000003,2,Khách VIP,2
15183.0,547,3,639.93,1,Khách hàng có nguy cơ rời bỏ,1
15184.0,28,4,685.39,0,Khách hàng trung thành,0
15185.0,69,1,310.62,0,Khách hàng trung thành,0
15186.0,13,5,1403.2,0,Khách hàng trung thành,0
15187.0,1,15,4762.18,2,Khách VIP,2
15188.0,724,1,310.43,1,Khách hàng có nguy cơ rời bỏ,1
15189.0,0,46,17524.38,2,Khách VIP,2
15190.0,433,1,834.4399999999999,1,Khách hàng có nguy cơ rời bỏ,1
15191.0,462,3,588.05,1,Khách hàng có nguy cơ rời bỏ,1
15192.0,119,5,1666.39,0,Khách hàng trung thành,0
15193.0,60,1,499.32,0,Khách hàng trung thành,0
15194.0,2,28,12021.53,2,Khách VIP,2
15195.0,2,1,3861.0,0,Khách hàng trung thành,0
15196.0,432,2,313.7,1,Khách hàng có nguy cơ rời bỏ,1
15197.0,10,6,1877.51,2,Khách VIP,2
15198.0,91,5,571.35,0,Khách hàng trung thành,0
15199.0,58,10,3122.4,2,Khách VIP,2
15200.0,494,1,549.05,1,Khách hàng có nguy cơ rời bỏ,1
15201.0,86,7,1842.95,2,Khách VIP,2
15203.0,25,15,4400.18,2,Khách VIP,2
15204.0,356,1,316.58,1,Khách hàng có nguy cơ rời bỏ,1
15205.0,84,2,653.24,0,Khách hàng trung thành,0
15206.0,9,4,420.3,0,Khách hàng trung thành,0
15207.0,415,3,683.9200000000001,1,Khách hàng có nguy cơ rời bỏ,1
15208.0,0,6,970.52,0,Khách hàng trung thành,0
15209.0,729,1,178.98000000000002,1,Khách hàng có nguy cơ rời bỏ,1
15210.0,224,3,1176.19,0,Khách hàng trung thành,0
15211.0,59,2,894.4100000000001,0,Khách hàng trung thành,0
15212.0,240,2,208.28,0,Khách hàng trung thành,1
15213.0,318,2,328.35,1,Khách hàng có nguy cơ rời bỏ,1
15214.0,1,8,1661.44,2,Khách VIP,2
15215.0,46,7,2422.43,2,Khách VIP,2
15216.0,87,2,486.09,0,Khách hàng trung thành,0
15217.0,562,1,426.24,1,Khách hàng có nguy cơ rời bỏ,1
15218.0,10,22,11453.83,2,Khách VIP,2
15219.0,175,2,685.45,0,Khách hàng trung thành,0
15220.0,51,6,1778.96,2,Khách VIP,2
15221.0,365,4,2062.2000000000003,0,Khách hàng trung thành,1
15222.0,318,11,3550.91,2,Khách VIP,2
15223.0,225,5,1417.95,0,Khách hàng trung thành,0
15224.0,357,5,871.36,1,Khách hàng có nguy cơ rời bỏ,1
15225.0,233,1,409.4,0,Khách hàng trung thành,0
15226.0,310,1,154.41,1,Khách hàng có nguy cơ rời bỏ,1
15227.0,36,9,2488.49,2,Khách VIP,2
15228.0,65,6,5580.27,2,Khách VIP,2
15229.0,585,1,160.5,1,Khách hàng có nguy cơ rời bỏ,1
15230.0,238,2,429.6,0,Khách hàng trung thành,0
15231.0,620,1,250.26,1,Khách hàng có nguy cơ rời bỏ,1
15232.0,112,2,612.06,0,Khách hàng trung thành,0
15233.0,400,1,59.400000000000006,1,Khách hàng có nguy cơ rời bỏ,1
15234.0,276,1,197.0,1,Khách hàng có nguy cơ rời bỏ,1
15235.0,217,16,2772.76,2,Khách VIP,2
15236.0,298,1,321.05,1,Khách hàng có nguy cơ rời bỏ,1
15237.0,1,4,1412.32,0,Khách hàng trung thành,0
15238.0,28,3,1071.99,0,Khách hàng trung thành,0
15239.0,9,2,780.59,0,Khách hàng trung thành,0
15240.0,44,12,4459.98,2,Khách VIP,2
15241.0,66,11,3050.16,2,Khách VIP,2
15242.0,421,1,302.04,1,Khách hàng có nguy cơ rời bỏ,1
15243.0,73,2,927.28,0,Khách hàng trung thành,0
15244.0,64,3,912.08,0,Khách hàng trung thành,0
15245.0,133,8,4610.84,2,Khách VIP,2
15246.0,237,3,780.4,0,Khách hàng trung thành,0
15247.0,121,3,976.06,0,Khách hàng trung thành,0
15248.0,410,3,1893.93,1,Khách hàng có nguy cơ rời bỏ,1
15249.0,31,18,9266.0,2,Khách VIP,2
15250.0,640,1,60.0,1,Khách hàng có nguy cơ rời bỏ,1
15251.0,8,21,20324.54,2,Khách VIP,2
15252.0,35,5,2103.41,0,Khách hàng trung thành,2
15253.0,15,8,2055.09,2,Khách VIP,2
15254.0,126,3,1088.35,0,Khách hàng trung thành,0
15255.0,66,9,3706.02,2,Khách VIP,2
15256.0,148,2,170.4,0,Khách hàng trung thành,0
15257.0,282,2,685.9,0,Khách hàng trung thành,1
15258.0,168,2,623.16,0,Khách hàng trung thành,0
15259.0,512,4,1182.38,1,Khách hàng có nguy cơ rời bỏ,1
15260.0,99,25,8767.73,2,Khách VIP,2
15261.0,134,4,1508.0,0,Khách hàng trung thành,0
15262.0,323,3,418.82,1,Khách hàng có nguy cơ rời bỏ,1
15263.0,106,1,156.51,0,Khách hàng trung thành,0
15264.0,63,2,848.4,0,Khách hàng trung thành,0
15265.0,150,4,3345.64,2,Khách VIP,2
15266.0,337,5,852.21,0,Khách hàng trung thành,1
15267.0,21,5,1717.36,0,Khách hàng trung thành,0
15268.0,478,3,961.9,1,Khách hàng có nguy cơ rời bỏ,1
15269.0,23,3,1225.36,0,Khách hàng trung thành,0
15270.0,15,21,8524.86,2,Khách VIP,2
15271.0,6,24,4528.54,2,Khách VIP,2
15272.0,56,6,2030.95,2,Khách VIP,2
15273.0,599,1,228.96,1,Khách hàng có nguy cơ rời bỏ,1
15274.0,3,2,716.57,0,Khách hàng trung thành,0
15275.0,37,1,615.14,0,Khách hàng trung thành,0
15276.0,65,4,619.8,0,Khách hàng trung thành,0
15277.0,46,2,476.34,0,Khách hàng trung thành,0
15278.0,561,4,496.16,1,Khách hàng có nguy cơ rời bỏ,1
15279.0,354,5,1580.54,0,Khách hàng trung thành,1
15280.0,171,3,397.52,0,Khách hàng trung thành,0
15281.0,58,16,8543.57,2,Khách VIP,2
15282.0,569,1,348.59,1,Khách hàng có nguy cơ rời bỏ,1
15283.0,389,3,148.33,1,Khách hàng có nguy cơ rời bỏ,1
15284.0,499,1,24.75,1,Khách hàng có nguy cơ rời bỏ,1
15285.0,407,1,94.92,1,Khách hàng có nguy cơ rời bỏ,1
15286.0,49,1,240.55,0,Khách hàng trung thành,0
15287.0,21,5,856.03,0,Khách hàng trung thành,0
15288.0,42,10,3706.53,2,Khách VIP,2
15289.0,28,5,1593.09,0,Khách hàng trung thành,0
15290.0,4,26,10496.28,2,Khách VIP,2
15291.0,25,39,13472.76,2,Khách VIP,2
15292.0,200,1,178.39,0,Khách hàng trung thành,0
15293.0,665,1,247.5,1,Khách hàng có nguy cơ rời bỏ,1
15294.0,410,1,233.35,1,Khách hàng có nguy cơ rời bỏ,1
15295.0,653,1,207.04,1,Khách hàng có nguy cơ rời bỏ,1
15296.0,50,12,10323.03,2,Khách VIP,2
15297.0,9,3,641.94,0,Khách hàng trung thành,0
15298.0,1,23,9061.77,2,Khách VIP,2
15299.0,66,9,5556.53,2,Khách VIP,2
15300.0,63,1,496.44,0,Khách hàng trung thành,0
15301.0,50,17,6909.67,2,Khách VIP,2
15302.0,729,1,308.0,1,Khách hàng có nguy cơ rời bỏ,1
15303.0,289,3,1224.18,0,Khách hàng trung thành,0
15304.0,60,9,796.4000000000001,0,Khách hàng trung thành,0
15305.0,554,1,93.6,1,Khách hàng có nguy cơ rời bỏ,1
15306.0,63,9,3484.73,2,Khách VIP,2
15307.0,95,1,205.3,0,Khách hàng trung thành,0
15308.0,273,1,310.47,1,Khách hàng có nguy cơ rời bỏ,1
15309.0,610,4,797.96,1,Khách hàng có nguy cơ rời bỏ,1
15310.0,478,1,1634.64,1,Khách hàng có nguy cơ rời bỏ,1
15311.0,0,207,114671.42,2,Khách VIP,2
15312.0,74,12,2930.19,2,Khách VIP,2
15313.0,109,1,52.0,0,Khách hàng trung thành,0
15314.0,198,3,820.4499999999999,0,Khách hàng trung thành,0
15315.0,63,2,570.5,0,Khách hàng trung thành,0
15316.0,326,1,165.0,1,Khách hàng có nguy cơ rời bỏ,1
15317.0,676,1,129.75,1,Khách hàng có nguy cơ rời bỏ,1
15318.0,3,1,312.62,0,Khách hàng trung thành,0
15319.0,283,1,204.5,1,Khách hàng có nguy cơ rời bỏ,1
15320.0,43,1,267.13,0,Khách hàng trung thành,0
15321.0,70,12,6709.7300000000005,2,Khách VIP,2
15322.0,85,2,1390.86,0,Khách hàng trung thành,0
15323.0,562,3,434.6,1,Khách hàng có nguy cơ rời bỏ,1
15324.0,700,1,140.22000000000003,1,Khách hàng có nguy cơ rời bỏ,1
15325.0,103,8,1601.46,2,Khách VIP,2
15326.0,333,5,1700.52,0,Khách hàng trung thành,0
15327.0,52,1,208.75,0,Khách hàng trung thành,0
15328.0,407,1,107.24,1,Khách hàng có nguy cơ rời bỏ,1
15329.0,38,11,2958.83,2,Khách VIP,2
15330.0,31,2,714.96,0,Khách hàng trung thành,0
15331.0,499,3,767.91,1,Khách hàng có nguy cơ rời bỏ,1
15332.0,365,6,4892.68,2,Khách VIP,2
15333.0,207,1,1028.56,0,Khách hàng trung thành,0
15334.0,156,3,347.87,0,Khách hàng trung thành,0
15335.0,53,1,170.22,0,Khách hàng trung thành,0
15336.0,401,1,240.5,1,Khách hàng có nguy cơ rời bỏ,1
15337.0,410,1,373.02,1,Khách hàng có nguy cơ rời bỏ,1
15338.0,676,1,277.93,1,Khách hàng có nguy cơ rời bỏ,1
15339.0,65,7,1821.02,2,Khách VIP,2
15340.0,561,1,105.5,1,Khách hàng có nguy cơ rời bỏ,1
15341.0,80,2,2402.7200000000003,0,Khách hàng trung thành,0
15342.0,129,1,406.09,0,Khách hàng trung thành,0
15343.0,86,1,364.5,0,Khách hàng trung thành,0
15344.0,0,3,563.94,0,Khách hàng trung thành,0
15345.0,45,1,393.54,0,Khách hàng trung thành,0
15346.0,332,3,596.12,1,Khách hàng có nguy cơ rời bỏ,1
15347.0,365,4,1162.0,1,Khách hàng có nguy cơ rời bỏ,1
15348.0,71,1,158.04,0,Khách hàng trung thành,0
15349.0,157,2,463.91,0,Khách hàng trung thành,0
15350.0,372,2,547.6,1,Khách hàng có nguy cơ rời bỏ,1
15351.0,11,10,3430.22,2,Khách VIP,2
15352.0,548,1,111.15,1,Khách hàng có nguy cơ rời bỏ,1
15353.0,254,7,2794.4700000000003,2,Khách VIP,2
15355.0,28,2,277.05,0,Khách hàng trung thành,0
15356.0,30,13,3239.57,2,Khách VIP,2
15358.0,4,42,16425.86,2,Khách VIP,2
15359.0,662,8,181.35,1,Khách hàng có nguy cơ rời bỏ,1
15360.0,39,1,427.93,0,Khách hàng trung thành,0
15361.0,361,4,689.07,1,Khách hàng có nguy cơ rời bỏ,1
15362.0,448,2,613.08,1,Khách hàng có nguy cơ rời bỏ,1
15363.0,372,2,678.11,1,Khách hàng có nguy cơ rời bỏ,1
15364.0,95,2,913.19,0,Khách hàng trung thành,0
15365.0,25,13,4557.13,2,Khách VIP,2
15366.0,74,7,2389.08,2,Khách VIP,2
15367.0,56,11,5081.33,2,Khách VIP,2
15368.0,20,2,722.74,0,Khách hàng trung thành,0
15369.0,491,11,6251.26,2,Khách VIP,2
15370.0,40,8,3739.01,2,Khách VIP,2
15371.0,661,1,59.400000000000006,1,Khách hàng có nguy cơ rời bỏ,1
15372.0,136,8,6017.06,2,Khách VIP,2
15373.0,7,17,3084.54,2,Khách VIP,2
15374.0,128,2,307.32,0,Khách hàng trung thành,0
15375.0,689,1,60.96,1,Khách hàng có nguy cơ rời bỏ,1
15376.0,39,3,1221.56,0,Khách hàng trung thành,0
15377.0,382,4,1211.75,1,Khách hàng có nguy cơ rời bỏ,1
15378.0,462,2,246.5,1,Khách hàng có nguy cơ rời bỏ,1
15379.0,168,8,4877.84,2,Khách VIP,2
15380.0,8,11,3248.96,2,Khách VIP,2
15381.0,213,5,1890.57,0,Khách hàng trung thành,0
15382.0,14,12,13733.55,2,Khách VIP,2
15384.0,169,4,2027.79,0,Khách hàng trung thành,0
15385.0,39,3,942.08,0,Khách hàng trung thành,0
15386.0,185,1,394.14,0,Khách hàng trung thành,0
15387.0,491,1,468.65,1,Khách hàng có nguy cơ rời bỏ,1
15388.0,269,1,140.54,1,Khách hàng có nguy cơ rời bỏ,1
15389.0,171,5,2733.8,2,Khách VIP,2
15390.0,395,2,1216.66,1,Khách hàng có nguy cơ rời bỏ,1
15391.0,583,1,289.87,1,Khách hàng có nguy cơ rời bỏ,1
15392.0,4,7,2911.62,2,Khách VIP,2
15393.0,15,5,891.34,0,Khách hàng trung thành,0
15394.0,9,11,5286.8,2,Khách VIP,2
15395.0,325,1,107.45,1,Khách hàng có nguy cơ rời bỏ,1
15396.0,112,2,796.38,0,Khách hàng trung thành,0
15397.0,289,1,94.0,1,Khách hàng có nguy cơ rời bỏ,1
15398.0,15,2,1345.53,0,Khách hàng trung thành,0
15399.0,0,3,815.77,0,Khách hàng trung thành,0
15400.0,91,8,1302.3,2,Khách VIP,2
15401.0,451,2,216.95,1,Khách hàng có nguy cơ rời bỏ,1
15402.0,148,6,1830.12,2,Khách VIP,2
15403.0,491,2,170.88,1,Khách hàng có nguy cơ rời bỏ,1
15404.0,375,1,257.06,1,Khách hàng có nguy cơ rời bỏ,1
15405.0,188,2,659.84,0,Khách hàng trung thành,0
15406.0,30,4,975.87,0,Khách hàng trung thành,0
15407.0,33,4,1046.74,0,Khách hàng trung thành,0
15408.0,263,1,267.18,1,Khách hàng có nguy cơ rời bỏ,1
15409.0,720,1,131.25,1,Khách hàng có nguy cơ rời bỏ,1
15410.0,83,10,4685.72,2,Khách VIP,2
15411.0,25,4,1348.93,0,Khách hàng trung thành,0
15412.0,170,1,190.53,0,Khách hàng trung thành,0
15413.0,691,5,6798.72,1,Khách hàng có nguy cơ rời bỏ,1
15414.0,9,3,774.9000000000001,0,Khách hàng trung thành,0
15415.0,312,1,559.61,1,Khách hàng có nguy cơ rời bỏ,1
15416.0,64,7,4572.82,2,Khách VIP,2
15417.0,84,1,508.8,0,Khách hàng trung thành,0
15418.0,424,2,449.42,1,Khách hàng có nguy cơ rời bỏ,1
15419.0,24,1,135.86,0,Khách hàng trung thành,0
15420.0,433,6,743.0,1,Khách hàng có nguy cơ rời bỏ,1
15421.0,58,10,3805.34,2,Khách VIP,2
15422.0,322,7,1619.97,2,Khách VIP,2
15423.0,37,3,266.89,0,Khách hàng trung thành,0
15424.0,253,3,597.78,0,Khách hàng trung thành,0
15425.0,399,4,1941.12,1,Khách hàng có nguy cơ rời bỏ,1
15426.0,18,9,2156.35,2,Khách VIP,2
15427.0,32,3,1430.54,0,Khách hàng trung thành,0
15428.0,14,4,762.75,0,Khách hàng trung thành,0
15429.0,26,2,397.35,0,Khách hàng trung thành,0
15430.0,467,2,954.75,1,Khách hàng có nguy cơ rời bỏ,1
15431.0,502,1,153.24,1,Khách hàng có nguy cơ rời bỏ,1
15432.0,22,2,320.76,0,Khách hàng trung thành,0
15433.0,213,2,533.3,0,Khách hàng trung thành,0
15434.0,7,11,2567.06,2,Khách VIP,2
15435.0,21,1,149.29,0,Khách hàng trung thành,0
15436.0,11,3,1067.75,0,Khách hàng trung thành,0
15437.0,261,2,393.45,0,Khách hàng trung thành,1
15438.0,130,1,156.57999999999998,0,Khách hàng trung thành,0
15439.0,404,4,1269.05,1,Khách hàng có nguy cơ rời bỏ,1
15440.0,54,3,383.68,0,Khách hàng trung thành,0
15441.0,395,3,1254.21,1,Khách hàng có nguy cơ rời bỏ,1
15442.0,248,1,594.0,0,Khách hàng trung thành,0
15443.0,1,14,5114.23,2,Khách VIP,2
15444.0,8,2,1411.21,0,Khách hàng trung thành,0
15445.0,263,2,284.5,1,Khách hàng có nguy cơ rời bỏ,1
15446.0,376,3,396.75,1,Khách hàng có nguy cơ rời bỏ,1
15447.0,330,5,492.88,1,Khách hàng có nguy cơ rời bỏ,1
15448.0,312,2,788.81,1,Khách hàng có nguy cơ rời bỏ,1
15449.0,25,3,974.52,0,Khách hàng trung thành,0
15450.0,29,1,429.84,0,Khách hàng trung thành,0
15451.0,433,2,226.86,1,Khách hàng có nguy cơ rời bỏ,1
15452.0,29,6,1785.11,2,Khách VIP,2
15453.0,1,7,1371.77,2,Khách VIP,2
15454.0,361,2,303.89,1,Khách hàng có nguy cơ rời bỏ,1
15455.0,597,1,38.25,1,Khách hàng có nguy cơ rời bỏ,1
15456.0,282,10,2091.52,2,Khách VIP,2
15457.0,261,1,237.07,1,Khách hàng có nguy cơ rời bỏ,1
15458.0,24,2,370.44,0,Khách hàng trung thành,0
15459.0,416,2,202.83,1,Khách hàng có nguy cơ rời bỏ,1
15460.0,353,1,214.26,1,Khách hàng có nguy cơ rời bỏ,1
15461.0,460,2,429.7,1,Khách hàng có nguy cơ rời bỏ,1
15462.0,93,4,737.05,0,Khách hàng trung thành,0
15463.0,28,1,126.14,0,Khách hàng trung thành,0
15464.0,337,1,1044.65,1,Khách hàng có nguy cơ rời bỏ,1
15465.0,19,32,12100.4,2,Khách VIP,2
15466.0,84,4,1560.46,0,Khách hàng trung thành,0
15467.0,8,3,524.88,0,Khách hàng trung thành,0
15468.0,50,3,1430.48,0,Khách hàng trung thành,0
15469.0,49,3,874.25,0,Khách hàng trung thành,0
15470.0,575,1,63.42,1,Khách hàng có nguy cơ rời bỏ,1
15471.0,1,3,1292.01,0,Khách hàng trung thành,0
15472.0,112,1,371.56,0,Khách hàng trung thành,0
15473.0,13,8,2046.0,2,Khách VIP,2
15474.0,595,1,150.35,1,Khách hàng có nguy cơ rời bỏ,1
15475.0,76,1,454.11,0,Khách hàng trung thành,0
15476.0,379,4,2209.98,1,Khách hàng có nguy cơ rời bỏ,1
15477.0,649,1,368.4,1,Khách hàng có nguy cơ rời bỏ,1
15478.0,39,3,1940.98,0,Khách hàng trung thành,0
15479.0,732,1,147.4,1,Khách hàng có nguy cơ rời bỏ,1
15480.0,115,3,3592.25,0,Khách hàng trung thành,0
15481.0,400,1,1993.34,1,Khách hàng có nguy cơ rời bỏ,1
15482.0,15,18,14377.36,2,Khách VIP,2
15483.0,160,10,810.68,2,Khách VIP,2
15484.0,0,6,4652.1,2,Khách VIP,2
15485.0,29,7,4810.92,2,Khách VIP,2
15486.0,526,1,102.0,1,Khách hàng có nguy cơ rời bỏ,1
15487.0,679,1,231.32,1,Khách hàng có nguy cơ rời bỏ,1
15488.0,92,5,431.92,0,Khách hàng trung thành,0
15489.0,22,8,2419.61,2,Khách VIP,2
15490.0,429,1,210.85,1,Khách hàng có nguy cơ rời bỏ,1
15491.0,94,6,3100.09,2,Khách VIP,2
15492.0,27,2,659.4599999999999,0,Khách hàng trung thành,0
15493.0,32,9,4113.19,2,Khách VIP,2
15494.0,20,5,3702.6,2,Khách VIP,2
15495.0,378,1,246.5,1,Khách hàng có nguy cơ rời bỏ,1
15496.0,630,1,146.14,1,Khách hàng có nguy cơ rời bỏ,1
15497.0,17,9,8657.39,2,Khách VIP,2
15498.0,2,44,24972.86,2,Khách VIP,2
15499.0,723,1,158.65,1,Khách hàng có nguy cơ rời bỏ,1
15500.0,7,4,1131.56,0,Khách hàng trung thành,0
15501.0,404,2,399.95,1,Khách hàng có nguy cơ rời bỏ,1
15502.0,15,12,9542.92,2,Khách VIP,2
15503.0,362,2,257.3,1,Khách hàng có nguy cơ rời bỏ,1
15504.0,80,4,391.45,0,Khách hàng trung thành,0
15505.0,52,5,3610.96,2,Khách VIP,2
15506.0,22,6,2030.33,2,Khách VIP,2
15507.0,171,1,475.86,0,Khách hàng trung thành,0
15508.0,188,6,1000.27,0,Khách hàng trung thành,0
15509.0,379,1,152.41,1,Khách hàng có nguy cơ rời bỏ,1
15510.0,330,1,250.0,1,Khách hàng có nguy cơ rời bỏ,1
15511.0,11,5,900.53,0,Khách hàng trung thành,0
15512.0,155,4,331.58,0,Khách hàng trung thành,0
15513.0,32,35,26437.05,2,Khách VIP,2
15514.0,11,18,6388.28,2,Khách VIP,2
15515.0,386,1,171.81,1,Khách hàng có nguy cơ rời bỏ,1
15516.0,44,3,62.43,0,Khách hàng trung thành,0
15517.0,232,1,267.03,0,Khách hàng trung thành,1
15518.0,63,15,4189.99,2,Khách VIP,2
15519.0,382,2,344.61,1,Khách hàng có nguy cơ rời bỏ,1
15520.0,1,1,343.5,0,Khách hàng trung thành,0
15521.0,39,16,7087.64,2,Khách VIP,2
15522.0,32,2,397.99,0,Khách hàng trung thành,0
15523.0,83,16,17259.19,2,Khách VIP,2
15524.0,24,2,591.4,0,Khách hàng trung thành,0
15525.0,1,4,887.72,0,Khách hàng trung thành,0
15526.0,32,2,148.44,0,Khách hàng trung thành,0
15527.0,18,23,5554.04,2,Khách VIP,2
15528.0,253,1,229.33,1,Khách hàng có nguy cơ rời bỏ,1
15529.0,22,12,4781.11,2,Khách VIP,2
15530.0,21,5,1808.68,0,Khách hàng trung thành,0
15531.0,7,2,1972.39,0,Khách hàng trung thành,0
15532.0,24,10,3717.2,2,Khách VIP,2
15533.0,18,3,807.57,0,Khách hàng trung thành,0
15534.0,725,1,162.25,1,Khách hàng có nguy cơ rời bỏ,1
15535.0,172,6,1044.37,0,Khách hàng trung thành,0
15536.0,408,1,259.09,1,Khách hàng có nguy cơ rời bỏ,1
15537.0,162,1,110.92,0,Khách hàng trung thành,0
15538.0,537,6,3358.4,1,Khách hàng có nguy cơ rời bỏ,1
15539.0,6,1,538.46,0,Khách hàng trung thành,0
15540.0,10,2,460.68,0,Khách hàng trung thành,0
15541.0,113,1,85.13000000000001,0,Khách hàng trung thành,0
15542.0,511,3,855.71,1,Khách hàng có nguy cơ rời bỏ,1
15543.0,287,2,242.26,1,Khách hàng có nguy cơ rời bỏ,1
15544.0,8,20,7807.89,2,Khách VIP,2
15545.0,53,2,288.97,0,Khách hàng trung thành,0
15546.0,606,2,1079.1,1,Khách hàng có nguy cơ rời bỏ,1
15547.0,6,26,10002.65,2,Khách VIP,2
15548.0,595,1,158.09,1,Khách hàng có nguy cơ rời bỏ,1
15549.0,76,8,2330.41,2,Khách VIP,2
15550.0,3,12,2211.05,2,Khách VIP,2
15551.0,36,7,1679.81,2,Khách VIP,2
15552.0,216,2,252.52,0,Khách hàng trung thành,0
15553.0,59,1,428.93,0,Khách hàng trung thành,0
15554.0,277,1,217.2,1,Khách hàng có nguy cơ rời bỏ,1
15555.0,11,36,11233.78,2,Khách VIP,2
15556.0,23,1,279.77,0,Khách hàng trung thành,0
15557.0,28,1,468.91,0,Khách hàng trung thành,0
15558.0,638,1,202.68,1,Khách hàng có nguy cơ rời bỏ,1
15559.0,567,1,1109.4,1,Khách hàng có nguy cơ rời bỏ,1
15560.0,397,2,153.52,1,Khách hàng có nguy cơ rời bỏ,1
15561.0,11,8,1934.39,2,Khách VIP,2
15562.0,351,3,671.4300000000001,1,Khách hàng có nguy cơ rời bỏ,1
15563.0,21,6,2820.46,2,Khách VIP,2
15564.0,462,2,70.74000000000001,1,Khách hàng có nguy cơ rời bỏ,1
15565.0,49,2,173.16,0,Khách hàng trung thành,0
15566.0,392,2,227.87,1,Khách hàng có nguy cơ rời bỏ,1
15567.0,18,1,186.01,0,Khách hàng trung thành,0
15568.0,2,3,758.29,0,Khách hàng trung thành,0
15569.0,103,10,3583.45,2,Khách VIP,2
15570.0,6,25,8736.49,2,Khách VIP,2
15571.0,11,14,3892.35,2,Khách VIP,2
15572.0,4,10,3965.2,2,Khách VIP,2
15573.0,31,5,1180.47,0,Khách hàng trung thành,0
15574.0,177,6,1101.44,0,Khách hàng trung thành,0
15575.0,619,1,30.1,1,Khách hàng có nguy cơ rời bỏ,1
15576.0,37,1,921.37,0,Khách hàng trung thành,0
15577.0,150,5,396.03,0,Khách hàng trung thành,0
15578.0,161,1,127.1,0,Khách hàng trung thành,0
15579.0,68,5,1250.63,0,Khách hàng trung thành,0
15580.0,376,8,1375.39,2,Khách VIP,1
15581.0,155,34,4505.16,2,Khách VIP,2
15582.0,24,3,682.9100000000001,0,Khách hàng trung thành,0
15583.0,375,1,95.96,1,Khách hàng có nguy cơ rời bỏ,1
15584.0,23,6,1268.2,0,Khách hàng trung thành,0
15585.0,176,1,455.3,0,Khách hàng trung thành,0
15586.0,592,3,1139.1,1,Khách hàng có nguy cơ rời bỏ,1
15587.0,49,7,1522.0800000000002,2,Khách VIP,2
15588.0,677,1,579.6,1,Khách hàng có nguy cơ rời bỏ,1
15589.0,255,3,478.53,0,Khách hàng trung thành,0
15590.0,381,5,1496.6,1,Khách hàng có nguy cơ rời bỏ,1
15591.0,582,3,217.9,1,Khách hàng có nguy cơ rời bỏ,1
15592.0,46,1,388.58,0,Khách hàng trung thành,0
15593.0,70,1,199.8,0,Khách hàng trung thành,0
15594.0,15,5,1771.78,0,Khách hàng trung thành,0
15595.0,487,1,357.6,1,Khách hàng có nguy cơ rời bỏ,1
15596.0,100,9,2727.72,2,Khách VIP,2
15597.0,34,2,563.37,0,Khách hàng trung thành,0
15598.0,52,2,548.02,0,Khách hàng trung thành,0
15599.0,26,3,1250.06,0,Khách hàng trung thành,0
15600.0,427,4,1199.31,1,Khách hàng có nguy cơ rời bỏ,1
15601.0,10,30,14191.74,2,Khách VIP,2
15602.0,7,16,3137.96,2,Khách VIP,2
15603.0,78,2,88.48,0,Khách hàng trung thành,0
15604.0,51,1,216.39,0,Khách hàng trung thành,0
15605.0,35,9,1741.95,2,Khách VIP,2
15606.0,60,17,5230.99,2,Khách VIP,2
15607.0,336,9,1708.97,2,Khách VIP,2
15608.0,27,5,1785.98,0,Khách hàng trung thành,0
15609.0,183,1,298.48,0,Khách hàng trung thành,0
15610.0,51,1,112.46,0,Khách hàng trung thành,0
15611.0,9,24,2976.28,2,Khách VIP,2
15612.0,35,2,195.15,0,Khách hàng trung thành,0
15613.0,609,1,433.72,1,Khách hàng có nguy cơ rời bỏ,1
15614.0,437,4,3147.36,1,Khách hàng có nguy cơ rời bỏ,1
15615.0,9,47,21373.97,2,Khách VIP,2
15616.0,437,1,317.11,1,Khách hàng có nguy cơ rời bỏ,1
15617.0,395,3,828.5500000000001,1,Khách hàng có nguy cơ rời bỏ,1
15618.0,32,4,776.85,0,Khách hàng trung thành,0
15619.0,10,1,336.40000000000003,0,Khách hàng trung thành,0
15620.0,56,4,1942.36,0,Khách hàng trung thành,0
15621.0,3,4,1293.03,0,Khách hàng trung thành,0
15622.0,42,17,7852.61,2,Khách VIP,2
15623.0,140,8,2437.05,2,Khách VIP,2
15624.0,116,4,588.13,0,Khách hàng trung thành,0
15625.0,103,9,3236.4,2,Khách VIP,2
15626.0,74,3,1067.52,0,Khách hàng trung thành,0
15627.0,456,2,566.9,1,Khách hàng có nguy cơ rời bỏ,1
15628.0,4,17,5333.08,2,Khách VIP,2
15629.0,449,4,2240.9,1,Khách hàng có nguy cơ rời bỏ,1
15630.0,44,3,1481.4,0,Khách hàng trung thành,0
15631.0,641,1,596.67,1,Khách hàng có nguy cơ rời bỏ,1
15632.0,15,8,3285.31,2,Khách VIP,2
15633.0,508,13,4335.96,2,Khách VIP,2
15634.0,16,2,554.65,0,Khách hàng trung thành,0
15635.0,395,1,100.35,1,Khách hàng có nguy cơ rời bỏ,1
15636.0,89,4,1444.58,0,Khách hàng trung thành,0
15637.0,52,5,797.59,0,Khách hàng trung thành,0
15638.0,378,6,2265.2,2,Khách VIP,1
15639.0,133,3,1065.08,0,Khách hàng trung thành,0
15640.0,3,29,23459.51,2,Khách VIP,2
15641.0,104,12,5345.55,2,Khách VIP,2
15642.0,729,1,105.78000000000002,1,Khách hàng có nguy cơ rời bỏ,1
15643.0,191,3,664.0,0,Khách hàng trung thành,0
15644.0,165,4,803.54,0,Khách hàng trung thành,0
15645.0,18,3,1054.75,0,Khách hàng trung thành,0
15646.0,157,5,784.8100000000001,0,Khách hàng trung thành,0
15647.0,414,1,169.0,1,Khách hàng có nguy cơ rời bỏ,1
15648.0,203,2,639.5,0,Khách hàng trung thành,0
15649.0,335,4,1660.35,0,Khách hàng trung thành,1
15650.0,521,2,553.88,1,Khách hàng có nguy cơ rời bỏ,1
15651.0,36,5,1259.06,0,Khách hàng trung thành,0
15652.0,90,5,1405.94,0,Khách hàng trung thành,0
15653.0,92,2,877.4399999999999,0,Khách hàng trung thành,0
15654.0,8,2,922.53,0,Khách hàng trung thành,0
15655.0,242,1,560.67,0,Khách hàng trung thành,0
15656.0,44,4,748.5,0,Khách hàng trung thành,0
15657.0,22,1,30.0,0,Khách hàng trung thành,0
15658.0,189,8,2117.27,2,Khách VIP,2
15659.0,43,3,532.49,0,Khách hàng trung thành,0
15660.0,24,15,2603.69,2,Khách VIP,2
15661.0,316,8,1215.95,2,Khách VIP,0
15662.0,660,2,283.73,1,Khách hàng có nguy cơ rời bỏ,1
15663.0,105,1,138.14,0,Khách hàng trung thành,0
15664.0,50,4,1231.53,0,Khách hàng trung thành,0
15665.0,167,5,3987.07,2,Khách VIP,2
15666.0,471,2,632.9399999999999,1,Khách hàng có nguy cơ rời bỏ,1
15667.0,39,1,301.32,0,Khách hàng trung thành,0
15668.0,217,1,76.32000000000001,1,Khách hàng có nguy cơ rời bỏ,1
15669.0,39,4,684.34,0,Khách hàng trung thành,0
15670.0,296,2,325.2,1,Khách hàng có nguy cơ rời bỏ,1
15671.0,18,7,2657.13,2,Khách VIP,2
15672.0,724,1,45.3,1,Khách hàng có nguy cơ rời bỏ,1
15673.0,87,9,6204.32,2,Khách VIP,2
15674.0,72,12,6613.52,2,Khách VIP,2
15675.0,80,4,542.04,0,Khách hàng trung thành,0
15676.0,18,3,3435.76,0,Khách hàng trung thành,0
15677.0,48,3,1305.63,0,Khách hàng trung thành,0
15678.0,52,3,1825.94,0,Khách hàng trung thành,0
15679.0,23,4,781.28,0,Khách hàng trung thành,0
15680.0,8,10,4028.69,2,Khách VIP,2
15681.0,24,14,2989.7,2,Khách VIP,2
15682.0,598,2,318.24,1,Khách hàng có nguy cơ rời bỏ,1
15683.0,116,2,524.54,0,Khách hàng trung thành,0
15684.0,546,3,173.95,1,Khách hàng có nguy cơ rời bỏ,1
15685.0,449,1,55.98,1,Khách hàng có nguy cơ rời bỏ,1
15686.0,419,1,90.0,1,Khách hàng có nguy cơ rời bỏ,1
15687.0,8,9,2993.1,2,Khách VIP,2
15688.0,418,1,190.57,1,Khách hàng có nguy cơ rời bỏ,1
15689.0,119,3,521.03,0,Khách hàng trung thành,0
15690.0,3,2,239.76,0,Khách hàng trung thành,0
15691.0,251,4,571.3,0,Khách hàng trung thành,0
15692.0,27,1,191.04,0,Khách hàng trung thành,0
15693.0,658,1,37.5,1,Khách hàng có nguy cơ rời bỏ,1
15694.0,0,23,9963.48,2,Khách VIP,2
15695.0,266,4,1131.04,0,Khách hàng trung thành,0
15696.0,32,13,3881.22,2,Khách VIP,2
15697.0,689,1,246.75,1,Khách hàng có nguy cơ rời bỏ,1
15698.0,623,1,46.2,1,Khách hàng có nguy cơ rời bỏ,1
15699.0,17,1,309.65,0,Khách hàng trung thành,0
15700.0,171,2,696.68,0,Khách hàng trung thành,0
15701.0,1,4,1529.0,0,Khách hàng trung thành,0
15702.0,475,1,112.57,1,Khách hàng có nguy cơ rời bỏ,1
15703.0,264,1,211.5,1,Khách hàng có nguy cơ rời bỏ,1
15704.0,139,6,3734.66,2,Khách VIP,2
15705.0,200,1,143.1,0,Khách hàng trung thành,1
15706.0,63,4,1060.56,0,Khách hàng trung thành,0
15707.0,34,4,916.98,0,Khách hàng trung thành,0
15708.0,40,9,3887.15,2,Khách VIP,2
15709.0,283,2,327.85,1,Khách hàng có nguy cơ rời bỏ,1
15710.0,416,1,898.87,1,Khách hàng có nguy cơ rời bỏ,1
15711.0,556,2,420.25,1,Khách hàng có nguy cơ rời bỏ,1
15712.0,8,12,3472.4100000000003,2,Khách VIP,2
15713.0,142,4,839.64,0,Khách hàng trung thành,0
15714.0,11,5,783.96,0,Khách hàng trung thành,0
15715.0,555,5,658.02,1,Khách hàng có nguy cơ rời bỏ,1
15716.0,145,11,2482.74,2,Khách VIP,2
15717.0,233,5,607.0,0,Khách hàng trung thành,0
15718.0,539,1,293.79,1,Khách hàng có nguy cơ rời bỏ,1
15719.0,32,31,10194.32,2,Khách VIP,2
15720.0,23,2,739.22,0,Khách hàng trung thành,0
15721.0,11,1,471.4,0,Khách hàng trung thành,0
15722.0,35,11,5234.0,2,Khách VIP,2
15723.0,364,4,930.7,1,Khách hàng có nguy cơ rời bỏ,1
15724.0,200,3,310.85,0,Khách hàng trung thành,0
15725.0,14,1,415.25,0,Khách hàng trung thành,0
15726.0,389,1,321.91,1,Khách hàng có nguy cơ rời bỏ,1
15727.0,16,15,9371.71,2,Khách VIP,2
15728.0,379,2,544.6,1,Khách hàng có nguy cơ rời bỏ,1
15729.0,212,3,192.55,0,Khách hàng trung thành,0
15730.0,65,5,1726.58,0,Khách hàng trung thành,0
15731.0,553,1,125.3,1,Khách hàng có nguy cơ rời bỏ,1
15732.0,211,10,1543.97,2,Khách VIP,2
15733.0,282,1,162.3,1,Khách hàng có nguy cơ rời bỏ,1
15734.0,114,4,2263.3,0,Khách hàng trung thành,0
15735.0,420,1,327.68,1,Khách hàng có nguy cơ rời bỏ,1
15736.0,434,2,1767.12,1,Khách hàng có nguy cơ rời bỏ,1
15737.0,14,8,1188.12,2,Khách VIP,2
15738.0,18,41,13043.32,2,Khách VIP,2
15739.0,65,1,449.12,0,Khách hàng trung thành,0
15740.0,48,1,154.88,0,Khách hàng trung thành,0
15741.0,457,2,208.62,1,Khách hàng có nguy cơ rời bỏ,1
15742.0,618,1,156.87,1,Khách hàng có nguy cơ rời bỏ,1
15743.0,15,4,775.96,0,Khách hàng trung thành,0
15744.0,77,1,34.8,0,Khách hàng trung thành,0
15745.0,18,4,1094.59,0,Khách hàng trung thành,0
15746.0,133,1,196.88,0,Khách hàng trung thành,0
15747.0,12,9,2499.81,2,Khách VIP,2
15748.0,39,3,609.8100000000001,0,Khách hàng trung thành,0
15749.0,234,3,44534.3,2,Khách VIP,2
15750.0,2,18,6452.99,2,Khách VIP,2
15751.0,460,11,1380.44,2,Khách VIP,1
15752.0,39,9,3924.91,2,Khách VIP,2
15753.0,304,1,79.2,1,Khách hàng có nguy cơ rời bỏ,1
15754.0,50,9,3037.61,2,Khách VIP,2
15755.0,9,17,5993.12,2,Khách VIP,2
15756.0,60,4,528.01,0,Khách hàng trung thành,0
15757.0,65,6,2940.36,2,Khách VIP,2
15758.0,24,1,205.25,0,Khách hàng trung thành,0
15759.0,217,7,830.9300000000001,0,Khách hàng trung thành,0
15761.0,442,1,143.05,1,Khách hàng có nguy cơ rời bỏ,1
15762.0,64,2,583.75,0,Khách hàng trung thành,0
15763.0,31,2,1086.92,0,Khách hàng trung thành,0
15764.0,87,8,4503.08,2,Khách VIP,2
15765.0,666,1,370.63,1,Khách hàng có nguy cơ rời bỏ,1
15766.0,63,3,831.06,0,Khách hàng trung thành,0
15768.0,115,34,15308.89,2,Khách VIP,2
15769.0,6,46,88612.52,2,Khách VIP,2
15770.0,612,1,321.45,1,Khách hàng có nguy cơ rời bỏ,1
15771.0,603,3,1006.54,1,Khách hàng có nguy cơ rời bỏ,1
15772.0,417,1,280.88,1,Khách hàng có nguy cơ rời bỏ,1
15773.0,5,2,774.52,0,Khách hàng trung thành,0
15774.0,68,6,1287.09,0,Khách hàng trung thành,0
15775.0,244,2,150.5,1,Khách hàng có nguy cơ rời bỏ,1
15776.0,132,1,241.62,0,Khách hàng trung thành,0
15777.0,240,7,1762.61,2,Khách VIP,2
15778.0,430,1,307.95,1,Khách hàng có nguy cơ rời bỏ,1
15779.0,462,2,124.08,1,Khách hàng có nguy cơ rời bỏ,1
15780.0,183,3,475.28,0,Khách hàng trung thành,0
15781.0,24,3,345.46,0,Khách hàng trung thành,0
15782.0,9,4,4014.1,2,Khách VIP,2
15783.0,10,1,246.3,0,Khách hàng trung thành,0
15784.0,467,2,848.3299999999999,1,Khách hàng có nguy cơ rời bỏ,1
15785.0,32,16,5969.93,2,Khách VIP,2
15786.0,45,5,8501.62,2,Khách VIP,2
15787.0,25,3,933.26,0,Khách hàng trung thành,0
15788.0,508,1,221.83,1,Khách hàng có nguy cơ rời bỏ,1
15789.0,357,6,1962.01,0,Khách hàng trung thành,1
15790.0,9,1,218.75,0,Khách hàng trung thành,0
15791.0,43,5,3608.34,2,Khách VIP,2
15792.0,399,2,933.84,1,Khách hàng có nguy cơ rời bỏ,1
15793.0,14,8,2399.57,2,Khách VIP,2
15794.0,735,2,777.0,1,Khách hàng có nguy cơ rời bỏ,1
15795.0,149,8,1979.87,2,Khách VIP,2
15796.0,0,17,5170.63,2,Khách VIP,2
15797.0,112,5,2806.08,2,Khách VIP,2
15798.0,492,3,1535.37,1,Khách hàng có nguy cơ rời bỏ,1
15799.0,75,4,1421.34,0,Khách hàng trung thành,0
15800.0,106,7,1227.07,0,Khách hàng trung thành,0
15801.0,45,3,1063.95,0,Khách hàng trung thành,0
15803.0,50,4,1929.66,0,Khách hàng trung thành,0
15804.0,0,13,4206.39,2,Khách VIP,2
15805.0,22,30,10148.93,2,Khách VIP,2
15806.0,45,3,784.58,0,Khách hàng trung thành,0
15807.0,49,5,1817.52,0,Khách hàng trung thành,0
15808.0,305,21,17180.25,2,Khách VIP,2
15809.0,35,7,1274.44,2,Khách VIP,2
15810.0,78,8,2999.04,2,Khách VIP,2
15811.0,21,7,3392.55,2,Khách VIP,2
15812.0,106,12,5201.47,2,Khách VIP,2
15813.0,207,2,1303.91,0,Khách hàng trung thành,0
15814.0,16,6,2634.44,2,Khách VIP,2
15815.0,63,5,2100.6,0,Khách hàng trung thành,0
15816.0,541,2,144.14999999999998,1,Khách hàng có nguy cơ rời bỏ,1
15817.0,420,3,2766.4,1,Khách hàng có nguy cơ rời bỏ,1
15818.0,587,1,340.5,1,Khách hàng có nguy cơ rời bỏ,1
15819.0,48,10,3934.79,2,Khách VIP,2
15820.0,319,1,206.98,1,Khách hàng có nguy cơ rời bỏ,1
15821.0,43,2,570.96,0,Khách hàng trung thành,0
15822.0,2,6,1840.06,2,Khách VIP,2
15823.0,728,2,3867.17,1,Khách hàng có nguy cơ rời bỏ,1
15824.0,452,2,890.94,1,Khách hàng có nguy cơ rời bỏ,1
15825.0,171,1,532.94,0,Khách hàng trung thành,0
15826.0,55,4,2598.28,0,Khách hàng trung thành,0
15827.0,72,28,3603.14,2,Khách VIP,2
15828.0,374,1,1108.82,1,Khách hàng có nguy cơ rời bỏ,1
15829.0,98,2,636.14,0,Khách hàng trung thành,0
15830.0,37,1,576.0,0,Khách hàng trung thành,0
15831.0,57,3,794.64,0,Khách hàng trung thành,0
15832.0,253,1,836.79,0,Khách hàng trung thành,0
15833.0,737,1,80.4,1,Khách hàng có nguy cơ rời bỏ,1
15834.0,69,7,3761.89,2,Khách VIP,2
15835.0,43,4,954.09,0,Khách hàng trung thành,0
15836.0,49,1,137.37,0,Khách hàng trung thành,0
15837.0,64,2,777.01,0,Khách hàng trung thành,0
15838.0,10,34,73205.5,2,Khách VIP,2
15839.0,32,3,1048.49,0,Khách hàng trung thành,0
15840.0,58,2,355.56,0,Khách hàng trung thành,0
15841.0,72,9,2742.41,2,Khách VIP,2
15842.0,392,2,548.8,1,Khách hàng có nguy cơ rời bỏ,1
15843.0,303,1,118.95000000000002,1,Khách hàng có nguy cơ rời bỏ,1
15844.0,45,1,130.73999999999998,0,Khách hàng trung thành,0
15845.0,17,11,4426.28,2,Khách VIP,2
15846.0,384,1,107.01,1,Khách hàng có nguy cơ rời bỏ,1
15847.0,37,5,822.57,0,Khách hàng trung thành,0
15848.0,621,1,137.99,1,Khách hàng có nguy cơ rời bỏ,1
15850.0,18,6,1006.75,0,Khách hàng trung thành,0
15851.0,526,1,109.73,1,Khách hàng có nguy cơ rời bỏ,1
15852.0,186,3,257.26,0,Khách hàng trung thành,0
15853.0,51,1,110.8,0,Khách hàng trung thành,0
15854.0,3,21,5578.28,2,Khách VIP,2
15855.0,136,6,1052.72,0,Khách hàng trung thành,0
15856.0,3,52,32274.69,2,Khách VIP,2
15857.0,18,2,570.48,0,Khách hàng trung thành,0
15858.0,15,13,3552.41,2,Khách VIP,2
15859.0,431,1,438.46,1,Khách hàng có nguy cơ rời bỏ,1
15860.0,40,17,2358.8,2,Khách VIP,2
15861.0,11,12,4360.9,2,Khách VIP,2
15862.0,7,13,2507.14,2,Khách VIP,2
15863.0,25,5,355.1,0,Khách hàng trung thành,0
15864.0,21,7,2180.76,2,Khách VIP,2
15865.0,40,5,2241.42,2,Khách VIP,2
15866.0,100,1,211.89,0,Khách hàng trung thành,0
15867.0,4,31,8869.87,2,Khách VIP,2
15868.0,582,1,94.53,1,Khách hàng có nguy cơ rời bỏ,1
15869.0,276,3,321.11,0,Khách hàng trung thành,1
15870.0,32,4,857.46,0,Khách hàng trung thành,0
15871.0,436,1,33.099999999999994,1,Khách hàng có nguy cơ rời bỏ,1
15872.0,14,4,729.25,0,Khách hàng trung thành,0
15873.0,499,4,313.92,1,Khách hàng có nguy cơ rời bỏ,1
15874.0,63,21,11284.76,2,Khách VIP,2
15875.0,645,1,108.52,1,Khách hàng có nguy cơ rời bỏ,1
15876.0,408,2,1449.14,1,Khách hàng có nguy cơ rời bỏ,1
15877.0,1,2,490.33,0,Khách hàng trung thành,0
15878.0,561,2,330.77,1,Khách hàng có nguy cơ rời bỏ,1
15879.0,403,4,1137.8,1,Khách hàng có nguy cơ rời bỏ,1
15880.0,368,1,329.03000000000003,1,Khách hàng có nguy cơ rời bỏ,1
15881.0,311,5,501.39,0,Khách hàng trung thành,1
15882.0,198,8,1122.38,2,Khách VIP,2
15883.0,1,2,396.48,0,Khách hàng trung thành,0
15884.0,431,2,244.6,1,Khách hàng có nguy cơ rời bỏ,1
15885.0,92,13,1921.82,2,Khách VIP,2
15886.0,59,4,1052.87,0,Khách hàng trung thành,0
15887.0,406,3,1027.15,1,Khách hàng có nguy cơ rời bỏ,1
15888.0,80,3,423.49,0,Khách hàng trung thành,0
15889.0,156,8,1407.05,2,Khách VIP,2
15890.0,394,5,535.65,1,Khách hàng có nguy cơ rời bỏ,1
15891.0,226,1,509.13,0,Khách hàng trung thành,0
15892.0,668,1,128.2,1,Khách hàng có nguy cơ rời bỏ,1
15893.0,481,1,305.28000000000003,1,Khách hàng có nguy cơ rời bỏ,1
15894.0,252,2,257.6,0,Khách hàng trung thành,1
15895.0,149,1,179.17,0,Khách hàng trung thành,0
15897.0,193,2,208.59,0,Khách hàng trung thành,0
15898.0,0,25,4992.7,2,Khách VIP,2
15899.0,368,1,56.25,1,Khách hàng có nguy cơ rời bỏ,1
15900.0,23,4,886.5699999999999,0,Khách hàng trung thành,0
15901.0,16,6,667.89,0,Khách hàng trung thành,0
15902.0,379,1,145.01,1,Khách hàng có nguy cơ rời bỏ,1
15903.0,9,12,8939.84,2,Khách VIP,2
15904.0,7,1,164.68,0,Khách hàng trung thành,0
15905.0,542,1,114.69,1,Khách hàng có nguy cơ rời bỏ,1
15906.0,19,10,2530.19,2,Khách VIP,2
15907.0,3,3,881.87,0,Khách hàng trung thành,0
15908.0,490,2,758.62,1,Khách hàng có nguy cơ rời bỏ,1
15909.0,173,1,191.94,0,Khách hàng trung thành,0
15910.0,0,15,2661.17,2,Khách VIP,2
15911.0,623,8,1683.79,1,Khách hàng có nguy cơ rời bỏ,1
15912.0,177,9,1074.7,2,Khách VIP,2
15913.0,533,1,6.300000000000001,1,Khách hàng có nguy cơ rời bỏ,1
15914.0,377,2,205.99,1,Khách hàng có nguy cơ rời bỏ,1
15915.0,401,1,364.24,1,Khách hàng có nguy cơ rời bỏ,1
15916.0,15,13,3145.24,2,Khách VIP,2
15917.0,247,5,530.17,0,Khách hàng trung thành,0
15918.0,190,3,582.88,0,Khách hàng trung thành,0
15919.0,19,2,525.69,0,Khách hàng trung thành,0
15920.0,153,8,565.19,0,Khách hàng trung thành,0
15921.0,172,4,765.61,0,Khách hàng trung thành,0
15922.0,372,1,369.5,1,Khách hàng có nguy cơ rời bỏ,1
15923.0,372,1,127.08,1,Khách hàng có nguy cơ rời bỏ,1
15924.0,730,1,102.82,1,Khách hàng có nguy cơ rời bỏ,1
15925.0,193,1,207.15,0,Khách hàng trung thành,0
15926.0,541,1,134.44,1,Khách hàng có nguy cơ rời bỏ,1
15927.0,646,1,106.54,1,Khách hàng có nguy cơ rời bỏ,1
15928.0,655,1,293.53,1,Khách hàng có nguy cơ rời bỏ,1
15929.0,643,1,594.0,1,Khách hàng có nguy cơ rời bỏ,1
15930.0,66,1,426.63,0,Khách hàng trung thành,0
15931.0,427,1,239.9,1,Khách hàng có nguy cơ rời bỏ,1
15932.0,3,8,2495.87,2,Khách VIP,2
15933.0,20,3,1107.46,0,Khách hàng trung thành,0
15934.0,417,2,2190.66,1,Khách hàng có nguy cơ rời bỏ,1
15935.0,238,1,108.04,1,Khách hàng có nguy cơ rời bỏ,1
15936.0,378,2,282.79,1,Khách hàng có nguy cơ rời bỏ,1
15937.0,63,1,145.35,0,Khách hàng trung thành,0
15938.0,111,9,734.81,0,Khách hàng trung thành,0
15939.0,89,15,9004.84,2,Khách VIP,2
15940.0,310,1,35.8,1,Khách hàng có nguy cơ rời bỏ,1
15941.0,636,1,405.0,1,Khách hàng có nguy cơ rời bỏ,1
15942.0,133,1,337.44,0,Khách hàng trung thành,0
15943.0,649,2,271.29,1,Khách hàng có nguy cơ rời bỏ,1
15944.0,276,4,2164.24,0,Khách hàng trung thành,0
15945.0,364,4,646.27,1,Khách hàng có nguy cơ rời bỏ,1
15946.0,502,3,2304.18,1,Khách hàng có nguy cơ rời bỏ,1
15947.0,82,1,1708.24,0,Khách hàng trung thành,0
15948.0,7,3,1509.09,0,Khách hàng trung thành,0
15949.0,16,2,364.72,0,Khách hàng trung thành,0
15950.0,31,10,7120.91,2,Khách VIP,2
15951.0,8,3,1013.17,0,Khách hàng trung thành,0
15952.0,33,4,781.91,0,Khách hàng trung thành,0
15953.0,14,18,3440.34,2,Khách VIP,2
15954.0,588,1,187.8,1,Khách hàng có nguy cơ rời bỏ,1
15955.0,23,22,8085.98,2,Khách VIP,2
15956.0,550,2,617.6,1,Khách hàng có nguy cơ rời bỏ,1
15957.0,31,3,921.25,0,Khách hàng trung thành,0
15958.0,73,4,462.12,0,Khách hàng trung thành,0
15959.0,681,3,542.89,1,Khách hàng có nguy cơ rời bỏ,1
15960.0,373,4,410.95,1,Khách hàng có nguy cơ rời bỏ,1
15961.0,378,1,451.29,1,Khách hàng có nguy cơ rời bỏ,1
15962.0,448,1,289.48,1,Khách hàng có nguy cơ rời bỏ,1
15963.0,19,2,470.76,0,Khách hàng trung thành,0
15964.0,662,1,269.21000000000004,1,Khách hàng có nguy cơ rời bỏ,1
15965.0,16,13,2771.94,2,Khách VIP,2
15966.0,450,1,426.53,1,Khách hàng có nguy cơ rời bỏ,1
15967.0,22,12,2966.0,2,Khách VIP,2
15968.0,387,1,401.8,1,Khách hàng có nguy cơ rời bỏ,1
15969.0,2,5,1127.05,0,Khách hàng trung thành,0
15970.0,303,2,1017.32,0,Khách hàng trung thành,1
15971.0,17,18,5897.88,2,Khách VIP,2
15972.0,455,5,1769.33,1,Khách hàng có nguy cơ rời bỏ,1
15973.0,366,2,665.62,1,Khách hàng có nguy cơ rời bỏ,1
15974.0,38,7,3442.15,2,Khách VIP,2
15975.0,83,1,371.01,0,Khách hàng trung thành,0
15976.0,164,6,1680.31,0,Khách hàng trung thành,0
15977.0,16,2,1054.73,0,Khách hàng trung thành,0
15978.0,76,3,3279.42,0,Khách hàng trung thành,0
15979.0,602,1,329.22,1,Khách hàng có nguy cơ rời bỏ,1
15980.0,88,7,6543.68,2,Khách VIP,2
15981.0,24,21,9362.77,2,Khách VIP,2
15982.0,604,1,324.51,1,Khách hàng có nguy cơ rời bỏ,1
15983.0,21,8,3110.37,2,Khách VIP,2
15984.0,2,30,8393.02,2,Khách VIP,2
15985.0,122,7,2715.28,2,Khách VIP,2
15986.0,29,2,354.42,0,Khách hàng trung thành,0
15987.0,11,8,1535.99,2,Khách VIP,2
15988.0,18,3,736.39,0,Khách hàng trung thành,0
15989.0,375,2,368.31,1,Khách hàng có nguy cơ rời bỏ,1
15990.0,43,7,1997.75,2,Khách VIP,2
15991.0,533,1,150.55,1,Khách hàng có nguy cơ rời bỏ,1
15992.0,3,3,896.6,0,Khách hàng trung thành,0
15993.0,8,7,2768.97,2,Khách VIP,2
15994.0,54,3,1175.68,0,Khách hàng trung thành,0
15995.0,413,1,694.54,1,Khách hàng có nguy cơ rời bỏ,1
15996.0,87,7,1386.4,2,Khách VIP,2
15998.0,36,16,8274.14,2,Khách VIP,2
15999.0,735,1,20.4,1,Khách hàng có nguy cơ rời bỏ,1
16000.0,2,3,12393.7,2,Khách VIP,2
16001.0,380,1,583.39,1,Khách hàng có nguy cơ rời bỏ,1
16002.0,624,1,169.21,1,Khách hàng có nguy cơ rời bỏ,1
16003.0,29,10,5613.83,2,Khách VIP,2
16004.0,474,5,2146.39,1,Khách hàng có nguy cơ rời bỏ,1
16005.0,11,10,2365.07,2,Khách VIP,2
16006.0,210,2,332.82,0,Khách hàng trung thành,0
16007.0,47,7,3053.06,2,Khách VIP,2
16008.0,23,15,5339.13,2,Khách VIP,2
16009.0,21,4,972.11,0,Khách hàng trung thành,0
16010.0,245,11,1694.86,2,Khách VIP,2
16011.0,7,29,5599.31,2,Khách VIP,2
16012.0,34,5,2978.59,2,Khách VIP,2
16013.0,3,84,56078.44,2,Khách VIP,2
16014.0,37,5,1100.28,0,Khách hàng trung thành,0
16015.0,3,3,704.26,0,Khách hàng trung thành,0
16016.0,2,11,2083.4,2,Khách VIP,2
16017.0,46,5,1545.58,0,Khách hàng trung thành,0
16018.0,38,4,698.13,0,Khách hàng trung thành,0
16019.0,46,27,17329.16,2,Khách VIP,2
16020.0,16,3,851.01,0,Khách hàng trung thành,0
16021.0,394,2,487.03,1,Khách hàng có nguy cơ rời bỏ,1
16022.0,259,1,602.63,0,Khách hàng trung thành,1
16023.0,45,3,719.81,0,Khách hàng trung thành,0
16024.0,11,3,478.71,0,Khách hàng trung thành,0
16025.0,29,1,439.66,0,Khách hàng trung thành,0
16026.0,42,1,236.09,0,Khách hàng trung thành,0
16027.0,91,15,2048.36,2,Khách VIP,2
16028.0,595,1,82.2,1,Khách hàng có nguy cơ rời bỏ,1
16029.0,38,106,109620.87,2,Khách VIP,2
16030.0,309,1,331.24,1,Khách hàng có nguy cơ rời bỏ,1
16031.0,91,2,547.9,0,Khách hàng trung thành,0
16032.0,455,6,1965.72,1,Khách hàng có nguy cơ rời bỏ,1
16033.0,5,27,10608.81,2,Khách VIP,2
16034.0,195,6,911.32,0,Khách hàng trung thành,0
16035.0,559,1,217.73,1,Khách hàng có nguy cơ rời bỏ,1
16036.0,86,4,2556.84,0,Khách hàng trung thành,0
16037.0,269,5,1509.34,0,Khách hàng trung thành,0
16038.0,7,3,471.78,0,Khách hàng trung thành,0
16039.0,423,2,456.4,1,Khách hàng có nguy cơ rời bỏ,1
16040.0,64,7,2416.9,2,Khách VIP,2
16041.0,30,3,3166.4,0,Khách hàng trung thành,0
16042.0,21,8,2245.32,2,Khách VIP,2
16043.0,37,8,1856.59,2,Khách VIP,2
16044.0,434,1,340.84000000000003,1,Khách hàng có nguy cơ rời bỏ,1
16045.0,119,8,3434.9300000000003,2,Khách VIP,2
16046.0,561,1,235.78,1,Khách hàng có nguy cơ rời bỏ,1
16048.0,372,4,818.7900000000001,1,Khách hàng có nguy cơ rời bỏ,1
16049.0,39,6,1852.15,2,Khách VIP,2
16050.0,173,3,300.7,0,Khách hàng trung thành,0
16051.0,681,1,188.44,1,Khách hàng có nguy cơ rời bỏ,1
16052.0,53,1,362.06,0,Khách hàng trung thành,0
16053.0,32,6,3634.84,2,Khách VIP,2
16054.0,144,4,2111.88,0,Khách hàng trung thành,0
16055.0,220,1,134.8,1,Khách hàng có nguy cơ rời bỏ,1
16056.0,44,1,650.75,0,Khách hàng trung thành,0
16057.0,15,10,3854.85,2,Khách VIP,2
16058.0,405,1,62.7,1,Khách hàng có nguy cơ rời bỏ,1
16059.0,65,12,3053.57,2,Khách VIP,2
16060.0,400,3,541.95,1,Khách hàng có nguy cơ rời bỏ,1
16061.0,430,1,89.65,1,Khách hàng có nguy cơ rời bỏ,1
16062.0,9,8,2863.45,2,Khách VIP,2
16063.0,259,1,335.32,1,Khách hàng có nguy cơ rời bỏ,1
16064.0,724,1,109.31,1,Khách hàng có nguy cơ rời bỏ,1
16065.0,364,8,1992.13,2,Khách VIP,2
16066.0,16,5,1521.04,0,Khách hàng trung thành,0
16067.0,562,3,3269.11,1,Khách hàng có nguy cơ rời bỏ,1
16068.0,593,1,115.73,1,Khách hàng có nguy cơ rời bỏ,1
16069.0,417,1,457.7,1,Khách hàng có nguy cơ rời bỏ,1
16070.0,21,2,852.15,0,Khách hàng trung thành,0
16071.0,44,4,1076.8,0,Khách hàng trung thành,0
16072.0,287,4,4180.09,2,Khách VIP,2
16073.0,296,1,122.4,1,Khách hàng có nguy cơ rời bỏ,1
16074.0,389,1,252.5,1,Khách hàng có nguy cơ rời bỏ,1
16075.0,502,2,736.9300000000001,1,Khách hàng có nguy cơ rời bỏ,1
16076.0,2,10,2234.73,2,Khách VIP,2
16077.0,625,1,2300.4,1,Khách hàng có nguy cơ rời bỏ,1
16078.0,283,2,362.99,1,Khách hàng có nguy cơ rời bỏ,1
16079.0,16,3,1352.0,0,Khách hàng trung thành,0
16080.0,81,4,602.5600000000001,0,Khách hàng trung thành,0
16081.0,55,8,4278.96,2,Khách VIP,2
16082.0,669,1,106.75,1,Khách hàng có nguy cơ rời bỏ,1
16083.0,100,4,2351.42,0,Khách hàng trung thành,0
16084.0,298,1,436.18,1,Khách hàng có nguy cơ rời bỏ,1
16085.0,22,12,2324.71,2,Khách VIP,2
16086.0,58,10,2687.73,2,Khách VIP,2
16087.0,388,5,1739.92,1,Khách hàng có nguy cơ rời bỏ,1
16088.0,575,2,1437.43,1,Khách hàng có nguy cơ rời bỏ,1
16089.0,385,2,263.49,1,Khách hàng có nguy cơ rời bỏ,1
16090.0,623,1,180.56,1,Khách hàng có nguy cơ rời bỏ,1
16091.0,154,2,315.06,0,Khách hàng trung thành,0
16092.0,114,6,1587.94,0,Khách hàng trung thành,0
16093.0,106,1,17.0,0,Khách hàng trung thành,0
16094.0,11,11,3695.56,2,Khách VIP,2
16095.0,455,1,447.05,1,Khách hàng có nguy cơ rời bỏ,1
16096.0,263,4,1584.97,0,Khách hàng trung thành,0
16097.0,239,1,185.05,1,Khách hàng có nguy cơ rời bỏ,1
16098.0,87,14,4010.7,2,Khách VIP,2
16099.0,49,7,1573.2,2,Khách VIP,2
16100.0,462,1,582.64,1,Khách hàng có nguy cơ rời bỏ,1
16101.0,70,4,3229.16,2,Khách VIP,2
16102.0,41,3,1842.14,0,Khách hàng trung thành,0
16103.0,6,22,6191.71,2,Khách VIP,2
16104.0,61,9,2774.46,2,Khách VIP,2
16105.0,248,5,2386.19,0,Khách hàng trung thành,0
16106.0,65,1,108.38,0,Khách hàng trung thành,0
16107.0,17,7,3204.1600000000003,2,Khách VIP,2
16108.0,84,4,2235.92,0,Khách hàng trung thành,0
16109.0,218,3,939.48,0,Khách hàng trung thành,0
16110.0,44,4,1781.59,0,Khách hàng trung thành,0
16111.0,427,1,549.33,1,Khách hàng có nguy cơ rời bỏ,1
16112.0,142,4,195.74,0,Khách hàng trung thành,0
16113.0,182,1,161.38,0,Khách hàng trung thành,0
16114.0,170,1,135.75000000000003,0,Khách hàng trung thành,0
16115.0,9,12,2553.8,2,Khách VIP,2
16116.0,211,1,612.78,0,Khách hàng trung thành,0
16117.0,189,3,654.4,0,Khách hàng trung thành,0
16118.0,652,1,4376.25,1,Khách hàng có nguy cơ rời bỏ,1
16119.0,7,8,1720.81,2,Khách VIP,2
16120.0,58,6,2967.51,2,Khách VIP,2
16121.0,56,5,1450.04,0,Khách hàng trung thành,0
16122.0,72,6,895.62,0,Khách hàng trung thành,0
16123.0,51,1,307.78,0,Khách hàng trung thành,0
16124.0,316,4,1772.49,0,Khách hàng trung thành,0
16125.0,366,14,4292.35,2,Khách VIP,2
16126.0,28,15,14644.6,2,Khách VIP,2
16127.0,38,2,801.31,0,Khách hàng trung thành,0
16128.0,17,11,3801.05,2,Khách VIP,2
16129.0,406,3,1396.05,1,Khách hàng có nguy cơ rời bỏ,1
16130.0,421,4,987.48,1,Khách hàng có nguy cơ rời bỏ,1
16131.0,51,12,9957.42,2,Khách VIP,2
16132.0,543,2,664.1999999999999,1,Khách hàng có nguy cơ rời bỏ,1
16133.0,3,56,22992.26,2,Khách VIP,2
16134.0,21,5,2145.34,2,Khách VIP,2
16135.0,262,2,819.45,0,Khách hàng trung thành,0
16136.0,59,4,946.8,0,Khách hàng trung thành,0
16137.0,679,1,422.7,1,Khách hàng có nguy cơ rời bỏ,1
16138.0,378,3,910.35,1,Khách hàng có nguy cơ rời bỏ,1
16139.0,18,5,1111.15,0,Khách hàng trung thành,0
16140.0,65,3,1433.46,0,Khách hàng trung thành,0
16141.0,87,2,955.94,0,Khách hàng trung thành,0
16142.0,249,1,535.34,0,Khách hàng trung thành,1
16143.0,2,12,4555.08,2,Khách VIP,2
16144.0,246,1,175.2,1,Khách hàng có nguy cơ rời bỏ,1
16145.0,8,19,6805.4400000000005,2,Khách VIP,2
16146.0,156,4,946.38,0,Khách hàng trung thành,0
16147.0,133,5,2398.91,2,Khách VIP,2
16148.0,295,2,386.62,1,Khách hàng có nguy cơ rời bỏ,1
16149.0,4,3,422.22,0,Khách hàng trung thành,0
16150.0,42,10,4002.17,2,Khách VIP,2
16152.0,268,1,1829.04,0,Khách hàng trung thành,0
16153.0,49,11,5133.49,2,Khách VIP,2
16155.0,381,5,796.9,1,Khách hàng có nguy cơ rời bỏ,1
16156.0,8,20,6188.18,2,Khách VIP,2
16157.0,15,3,656.69,0,Khách hàng trung thành,0
16158.0,521,9,628.32,1,Khách hàng có nguy cơ rời bỏ,1
16159.0,281,4,1232.79,0,Khách hàng trung thành,0
16160.0,64,2,1025.44,0,Khách hàng trung thành,0
16161.0,1,43,12580.06,2,Khách VIP,2
16162.0,251,1,37.4,1,Khách hàng có nguy cơ rời bỏ,1
16163.0,231,6,2407.98,2,Khách VIP,2
16164.0,16,3,822.48,0,Khách hàng trung thành,0
16165.0,504,1,79.9,1,Khách hàng có nguy cơ rời bỏ,1
16166.0,427,2,435.83,1,Khách hàng có nguy cơ rời bỏ,1
16167.0,413,5,1386.12,1,Khách hàng có nguy cơ rời bỏ,1
16168.0,10,66,10360.67,2,Khách VIP,2
16169.0,7,4,1822.97,0,Khách hàng trung thành,0
16170.0,50,20,6869.0,2,Khách VIP,2
16171.0,58,1,73.2,0,Khách hàng trung thành,0
16172.0,94,8,1884.55,2,Khách VIP,2
16173.0,15,6,1418.32,0,Khách hàng trung thành,0
16174.0,125,7,2246.75,2,Khách VIP,2
16175.0,93,7,1836.44,2,Khách VIP,2
16176.0,420,4,2052.69,1,Khách hàng có nguy cơ rời bỏ,1
16177.0,49,8,2247.31,2,Khách VIP,2
16178.0,137,2,612.6,0,Khách hàng trung thành,0
16179.0,60,1,215.83,0,Khách hàng trung thành,0
16180.0,99,13,16249.87,2,Khách VIP,2
16181.0,72,1,305.54,0,Khách hàng trung thành,0
16182.0,71,9,9971.65,2,Khách VIP,2
16183.0,66,4,1077.81,0,Khách hàng trung thành,0
16184.0,63,6,1158.79,0,Khách hàng trung thành,0
16185.0,16,3,644.72,0,Khách hàng trung thành,0
16186.0,22,26,8718.43,2,Khách VIP,2
16187.0,31,15,6911.4400000000005,2,Khách VIP,2
16188.0,44,5,1087.66,0,Khách hàng trung thành,0
16189.0,15,2,215.48,0,Khách hàng trung thành,0
16190.0,39,8,2723.55,2,Khách VIP,2
16191.0,2,24,15677.82,2,Khách VIP,2
16192.0,735,1,351.3,1,Khách hàng có nguy cơ rời bỏ,1
16193.0,236,2,630.43,0,Khách hàng trung thành,0
16194.0,374,1,308.6,1,Khách hàng có nguy cơ rời bỏ,1
16195.0,722,1,323.25,1,Khách hàng có nguy cơ rời bỏ,1
16196.0,488,1,93.3,1,Khách hàng có nguy cơ rời bỏ,1
16197.0,468,9,2016.71,2,Khách VIP,1
16198.0,74,2,1030.04,0,Khách hàng trung thành,0
16199.0,391,7,942.75,1,Khách hàng có nguy cơ rời bỏ,1
16200.0,3,12,5608.1,2,Khách VIP,2
16201.0,2,5,2112.12,2,Khách VIP,2
16202.0,360,9,2501.99,2,Khách VIP,2
16203.0,58,6,943.84,0,Khách hàng trung thành,0
16204.0,22,3,918.71,0,Khách hàng trung thành,0
16205.0,30,7,1813.51,2,Khách VIP,2
16206.0,54,13,2577.12,2,Khách VIP,2
16207.0,24,1,394.38,0,Khách hàng trung thành,0
16208.0,44,10,3440.45,2,Khách VIP,2
16209.0,88,9,4146.78,2,Khách VIP,2
16210.0,1,33,33730.97,2,Khách VIP,2
16211.0,88,3,1090.59,0,Khách hàng trung thành,0
16212.0,18,4,1293.71,0,Khách hàng trung thành,0
16213.0,78,1,159.0,0,Khách hàng trung thành,0
16214.0,170,4,2038.25,0,Khách hàng trung thành,0
16215.0,80,1,242.35,0,Khách hàng trung thành,0
16216.0,266,1,914.93,0,Khách hàng trung thành,1
16217.0,234,2,304.25,0,Khách hàng trung thành,0
16218.0,29,13,3968.67,2,Khách VIP,2
16219.0,500,1,40.8,1,Khách hàng có nguy cơ rời bỏ,1
16221.0,36,9,2018.47,2,Khách VIP,2
16222.0,317,2,1272.05,0,Khách hàng trung thành,1
16223.0,374,2,1087.05,1,Khách hàng có nguy cơ rời bỏ,1
16224.0,56,5,1616.54,0,Khách hàng trung thành,0
16225.0,44,15,2859.31,2,Khách VIP,2
16226.0,202,5,672.1700000000001,0,Khách hàng trung thành,0
16227.0,224,3,1027.22,0,Khách hàng trung thành,0
16228.0,384,3,885.71,1,Khách hàng có nguy cơ rời bỏ,1
16229.0,86,6,2867.86,2,Khách VIP,2
16230.0,189,2,542.03,0,Khách hàng trung thành,0
16231.0,378,4,1074.47,1,Khách hàng có nguy cơ rời bỏ,1
16232.0,43,7,2712.97,2,Khách VIP,2
16233.0,70,9,1818.31,2,Khách VIP,2
16234.0,475,3,333.18,1,Khách hàng có nguy cơ rời bỏ,1
16235.0,40,8,2043.71,2,Khách VIP,2
16236.0,77,1,432.2,0,Khách hàng trung thành,0
16237.0,436,1,136.65,1,Khách hàng có nguy cơ rời bỏ,1
16238.0,422,1,63.66,1,Khách hàng có nguy cơ rời bỏ,1
16239.0,56,6,1492.2,0,Khách hàng trung thành,0
16240.0,23,2,3718.8,0,Khách hàng trung thành,0
16241.0,9,16,3989.81,2,Khách VIP,2
16242.0,7,14,7404.65,2,Khách VIP,2
16243.0,33,2,409.1,0,Khách hàng trung thành,0
16244.0,211,2,1522.75,0,Khách hàng trung thành,0
16245.0,23,3,1413.66,0,Khách hàng trung thành,0
16246.0,459,2,821.35,1,Khách hàng có nguy cơ rời bỏ,1
16247.0,169,1,114.56,0,Khách hàng trung thành,0
16248.0,61,1,152.94,0,Khách hàng trung thành,0
16249.0,52,5,1800.07,0,Khách hàng trung thành,0
16250.0,260,3,565.24,0,Khách hàng trung thành,0
16251.0,511,1,128.31,1,Khách hàng có nguy cơ rời bỏ,1
16252.0,382,1,295.09000000000003,1,Khách hàng có nguy cơ rời bỏ,1
16253.0,66,7,7222.2,2,Khách VIP,2
16254.0,377,3,967.44,1,Khách hàng có nguy cơ rời bỏ,1
16255.0,16,15,4530.0,2,Khách VIP,2
16256.0,266,3,1579.37,0,Khách hàng trung thành,0
16257.0,176,1,21.95,1,Khách hàng có nguy cơ rời bỏ,1
16258.0,44,15,11942.52,2,Khách VIP,2
16259.0,409,3,340.94,1,Khách hàng có nguy cơ rời bỏ,1
16260.0,50,1,1035.45,0,Khách hàng trung thành,0
16261.0,16,6,1041.16,0,Khách hàng trung thành,0
16262.0,377,1,755.15,1,Khách hàng có nguy cơ rời bỏ,1
16263.0,422,1,348.16,1,Khách hàng có nguy cơ rời bỏ,1
16264.0,437,2,823.53,1,Khách hàng có nguy cơ rời bỏ,1
16265.0,8,12,6685.17,2,Khách VIP,2
16266.0,73,14,1757.95,2,Khách VIP,2
16267.0,590,1,186.66,1,Khách hàng có nguy cơ rời bỏ,1
16268.0,70,2,617.65,0,Khách hàng trung thành,0
16269.0,437,1,717.57,1,Khách hàng có nguy cơ rời bỏ,1
16270.0,352,1,1141.24,1,Khách hàng có nguy cơ rời bỏ,1
16271.0,15,8,3367.82,2,Khách VIP,2
16272.0,116,1,411.7,0,Khách hàng trung thành,0
16273.0,647,2,318.34000000000003,1,Khách hàng có nguy cơ rời bỏ,1
16274.0,372,1,331.55,1,Khách hàng có nguy cơ rời bỏ,1
16275.0,196,3,2151.11,0,Khách hàng trung thành,0
16276.0,176,3,2629.3900000000003,0,Khách hàng trung thành,0
16277.0,733,1,188.69,1,Khách hàng có nguy cơ rời bỏ,1
16278.0,99,3,1117.84,0,Khách hàng trung thành,0
16279.0,20,9,5698.28,2,Khách VIP,2
16280.0,724,1,238.05,1,Khách hàng có nguy cơ rời bỏ,1
16281.0,71,3,3424.02,0,Khách hàng trung thành,0
16282.0,339,3,1307.58,1,Khách hàng có nguy cơ rời bỏ,1
16283.0,5,8,4348.62,2,Khách VIP,2
16284.0,30,3,1018.48,0,Khách hàng trung thành,0
16285.0,645,1,176.9,1,Khách hàng có nguy cơ rời bỏ,1
16286.0,476,2,328.95,1,Khách hàng có nguy cơ rời bỏ,1
16287.0,169,5,1006.98,0,Khách hàng trung thành,0
16288.0,469,1,129.85,1,Khách hàng có nguy cơ rời bỏ,1
16289.0,461,1,136.31,1,Khách hàng có nguy cơ rời bỏ,1
16290.0,464,4,1957.7,1,Khách hàng có nguy cơ rời bỏ,1
16292.0,121,5,1253.76,0,Khách hàng trung thành,0
16293.0,21,15,4279.2,2,Khách VIP,2
16294.0,476,1,126.05,1,Khách hàng có nguy cơ rời bỏ,1
16295.0,9,4,1328.55,0,Khách hàng trung thành,0
16296.0,625,4,1313.67,1,Khách hàng có nguy cơ rời bỏ,1
16297.0,268,1,301.9,1,Khách hàng có nguy cơ rời bỏ,1
16298.0,22,7,1085.7,0,Khách hàng trung thành,0
16299.0,476,1,193.65,1,Khách hàng có nguy cơ rời bỏ,1
16300.0,429,3,1367.32,1,Khách hàng có nguy cơ rời bỏ,1
16301.0,736,1,107.33,1,Khách hàng có nguy cơ rời bỏ,1
16302.0,126,1,233.22,0,Khách hàng trung thành,0
16303.0,25,7,7928.27,2,Khách VIP,2
16304.0,694,1,381.66,1,Khách hàng có nguy cơ rời bỏ,1
16305.0,138,1,361.22,0,Khách hàng trung thành,0
16306.0,213,7,1124.72,0,Khách hàng trung thành,0
16307.0,428,3,1194.92,1,Khách hàng có nguy cơ rời bỏ,1
16308.0,37,7,5120.0,2,Khách VIP,2
16309.0,105,2,706.57,0,Khách hàng trung thành,0
16310.0,413,2,460.08,1,Khách hàng có nguy cơ rời bỏ,1
16311.0,17,2,616.26,0,Khách hàng trung thành,0
16312.0,431,1,171.15,1,Khách hàng có nguy cơ rời bỏ,1
16313.0,2,2,274.15000000000003,0,Khách hàng trung thành,0
16314.0,389,3,1491.4,1,Khách hàng có nguy cơ rời bỏ,1
16315.0,330,2,402.71,1,Khách hàng có nguy cơ rời bỏ,1
16316.0,63,13,5744.91,2,Khách VIP,2
16317.0,119,5,2192.51,0,Khách hàng trung thành,0
16318.0,34,1,328.15,0,Khách hàng trung thành,0
16319.0,217,1,404.4,0,Khách hàng trung thành,0
16320.0,171,6,5628.99,2,Khách VIP,2
16321.0,71,7,604.5500000000001,0,Khách hàng trung thành,0
16322.0,0,2,326.75,0,Khách hàng trung thành,0
16323.0,195,2,353.66,0,Khách hàng trung thành,0
16324.0,127,3,408.59,0,Khách hàng trung thành,0
16325.0,46,12,3597.5,2,Khách VIP,2
16326.0,5,24,4626.25,2,Khách VIP,2
16327.0,13,16,10129.04,2,Khách VIP,2
16328.0,562,1,310.83,1,Khách hàng có nguy cơ rời bỏ,1
16329.0,427,4,1664.92,1,Khách hàng có nguy cơ rời bỏ,1
16330.0,17,7,625.38,0,Khách hàng trung thành,0
16331.0,431,6,2037.7,1,Khách hàng có nguy cơ rời bỏ,1
16332.0,27,11,1997.49,2,Khách VIP,2
16333.0,7,22,26626.8,2,Khách VIP,2
16334.0,491,1,263.73,1,Khách hàng có nguy cơ rời bỏ,1
16335.0,551,7,2753.52,1,Khách hàng có nguy cơ rời bỏ,1
16336.0,420,4,3517.69,1,Khách hàng có nguy cơ rời bỏ,1
16337.0,36,1,151.05,0,Khách hàng trung thành,0
16338.0,156,1,214.8,0,Khách hàng trung thành,0
16339.0,283,1,94.05,1,Khách hàng có nguy cơ rời bỏ,1
16340.0,106,3,1496.24,0,Khách hàng trung thành,0
16341.0,24,7,3850.79,2,Khách VIP,2
16342.0,74,4,322.41,0,Khách hàng trung thành,0
16343.0,15,3,614.12,0,Khách hàng trung thành,0
16344.0,157,4,842.42,0,Khách hàng trung thành,0
16345.0,43,2,1178.79,0,Khách hàng trung thành,0
16346.0,384,1,224.51,1,Khách hàng có nguy cơ rời bỏ,1
16347.0,10,11,3442.96,2,Khách VIP,2
16348.0,31,8,1742.08,2,Khách VIP,2
16349.0,290,1,53.5,1,Khách hàng có nguy cơ rời bỏ,1
16350.0,20,9,2253.89,2,Khách VIP,2
16351.0,332,13,3330.03,2,Khách VIP,2
16352.0,17,2,494.44,0,Khách hàng trung thành,0
16353.0,3,38,9795.46,2,Khách VIP,2
16354.0,62,5,1119.46,0,Khách hàng trung thành,0
16355.0,374,1,416.35,1,Khách hàng có nguy cơ rời bỏ,1
16356.0,197,6,415.87,0,Khách hàng trung thành,0
16357.0,32,4,868.37,0,Khách hàng trung thành,0
16358.0,0,5,2919.65,2,Khách VIP,2
16359.0,6,16,2697.75,2,Khách VIP,2
16360.0,4,6,3450.41,2,Khách VIP,2
16361.0,9,4,891.21,0,Khách hàng trung thành,0
16362.0,31,6,922.16,0,Khách hàng trung thành,0
16363.0,52,1,109.36,0,Khách hàng trung thành,0
16364.0,11,2,705.79,0,Khách hàng trung thành,0
16365.0,17,15,3167.34,2,Khách VIP,2
16366.0,18,4,1548.13,0,Khách hàng trung thành,0
16367.0,36,3,1350.48,0,Khách hàng trung thành,0
16368.0,1,3,621.44,0,Khách hàng trung thành,0
16369.0,17,7,2654.48,2,Khách VIP,2
16370.0,81,4,1301.91,0,Khách hàng trung thành,0
16371.0,448,1,157.2,1,Khách hàng có nguy cơ rời bỏ,1
16372.0,32,5,1290.31,0,Khách hàng trung thành,0
16373.0,381,2,309.49,1,Khách hàng có nguy cơ rời bỏ,1
16374.0,65,5,1709.55,0,Khách hàng trung thành,0
16375.0,469,2,104.0,1,Khách hàng có nguy cơ rời bỏ,1
16376.0,8,2,974.96,0,Khách hàng trung thành,0
16377.0,266,2,1308.48,0,Khách hàng trung thành,0
16378.0,246,3,362.95,0,Khách hàng trung thành,0
16379.0,3,4,2157.4,0,Khách hàng trung thành,0
16380.0,60,1,1743.15,0,Khách hàng trung thành,0
16381.0,395,2,247.85,1,Khách hàng có nguy cơ rời bỏ,1
16382.0,407,2,353.1,1,Khách hàng có nguy cơ rời bỏ,1
16383.0,74,7,2887.99,2,Khách VIP,2
16384.0,89,4,1358.95,0,Khách hàng trung thành,0
16385.0,59,5,881.35,0,Khách hàng trung thành,0
16386.0,28,3,1068.16,0,Khách hàng trung thành,0
16387.0,322,5,882.46,0,Khách hàng trung thành,1
16388.0,653,1,186.05,1,Khách hàng có nguy cơ rời bỏ,1
16389.0,52,4,1382.07,0,Khách hàng trung thành,0
16390.0,536,3,467.5,1,Khách hàng có nguy cơ rời bỏ,1
16391.0,400,4,1048.86,1,Khách hàng có nguy cơ rời bỏ,1
16392.0,269,3,755.45,0,Khách hàng trung thành,0
16393.0,1,23,5297.77,2,Khách VIP,2
16394.0,56,5,1555.34,0,Khách hàng trung thành,0
16395.0,60,14,3517.56,2,Khách VIP,2
16396.0,475,1,137.8,1,Khách hàng có nguy cơ rời bỏ,1
16397.0,627,1,123.13,1,Khách hàng có nguy cơ rời bỏ,1
16398.0,153,2,1705.8,0,Khách hàng trung thành,0
16399.0,18,3,628.42,0,Khách hàng trung thành,0
16400.0,94,9,3059.85,2,Khách VIP,2
16401.0,0,23,6847.45,2,Khách VIP,2
16402.0,264,2,293.45,1,Khách hàng có nguy cơ rời bỏ,1
16403.0,311,1,177.5,1,Khách hàng có nguy cơ rời bỏ,1
16404.0,69,1,443.05,0,Khách hàng trung thành,0
16405.0,301,2,167.25,1,Khách hàng có nguy cơ rời bỏ,1
16406.0,18,3,528.36,0,Khách hàng trung thành,0
16407.0,12,14,2761.65,2,Khách VIP,2
16408.0,590,1,231.93,1,Khách hàng có nguy cơ rời bỏ,1
16409.0,35,12,5652.74,2,Khách VIP,2
16410.0,733,1,130.32,1,Khách hàng có nguy cơ rời bỏ,1
16411.0,18,4,756.39,0,Khách hàng trung thành,0
16412.0,53,5,593.19,0,Khách hàng trung thành,0
16413.0,56,2,522.03,0,Khách hàng trung thành,0
16414.0,21,5,551.21,0,Khách hàng trung thành,0
16415.0,43,3,696.76,0,Khách hàng trung thành,0
16416.0,26,9,2957.88,2,Khách VIP,2
16417.0,492,1,35.7,1,Khách hàng có nguy cơ rời bỏ,1
16418.0,44,5,1028.74,0,Khách hàng trung thành,0
16419.0,112,8,1463.7,2,Khách VIP,2
16420.0,395,1,75.0,1,Khách hàng có nguy cơ rời bỏ,1
16421.0,375,3,526.27,1,Khách hàng có nguy cơ rời bỏ,1
16422.0,16,108,61728.87,2,Khách VIP,2
16423.0,24,1,346.12,0,Khách hàng trung thành,0
16424.0,190,2,443.06,0,Khách hàng trung thành,0
16425.0,301,1,302.7,1,Khách hàng có nguy cơ rời bỏ,1
16426.0,1,10,1863.76,2,Khách VIP,2
16427.0,262,2,241.06,1,Khách hàng có nguy cơ rời bỏ,1
16428.0,413,3,638.49,1,Khách hàng có nguy cơ rời bỏ,1
16429.0,105,1,284.55,0,Khách hàng trung thành,0
16430.0,56,6,1102.94,0,Khách hàng trung thành,0
16431.0,212,3,623.28,0,Khách hàng trung thành,0
16432.0,63,1,287.4,0,Khách hàng trung thành,0
16433.0,27,2,384.52,0,Khách hàng trung thành,0
16434.0,28,12,2673.69,2,Khách VIP,2
16435.0,511,3,1003.07,1,Khách hàng có nguy cơ rời bỏ,1
16436.0,667,3,319.14,1,Khách hàng có nguy cơ rời bỏ,1
16437.0,380,2,301.25,1,Khách hàng có nguy cơ rời bỏ,1
16438.0,5,5,798.35,0,Khách hàng trung thành,0
16439.0,721,1,310.70000000000005,1,Khách hàng có nguy cơ rời bỏ,1
16440.0,7,6,3856.97,2,Khách VIP,2
16441.0,66,5,1013.18,0,Khách hàng trung thành,0
16442.0,1,5,891.98,0,Khách hàng trung thành,0
16443.0,520,1,162.24,1,Khách hàng có nguy cơ rời bỏ,1
16444.0,45,17,3625.88,2,Khách VIP,2
16445.0,33,4,583.16,0,Khách hàng trung thành,0
16446.0,0,2,168472.5,2,Khách VIP,2
16447.0,135,3,727.1,0,Khách hàng trung thành,0
16448.0,197,2,361.12,0,Khách hàng trung thành,0
16449.0,197,2,707.69,0,Khách hàng trung thành,0
16450.0,149,3,1505.73,0,Khách hàng trung thành,0
16451.0,87,3,1013.15,0,Khách hàng trung thành,0
16452.0,630,2,332.17,1,Khách hàng có nguy cơ rời bỏ,1
16453.0,530,2,251.71,1,Khách hàng có nguy cơ rời bỏ,1
16454.0,63,2,7.45,0,Khách hàng trung thành,0
16455.0,63,11,3995.57,2,Khách VIP,2
16456.0,98,13,6000.94,2,Khách VIP,2
16457.0,217,1,208.36,0,Khách hàng trung thành,1
16458.0,2,30,5690.89,2,Khách VIP,2
16459.0,729,1,71.78999999999999,1,Khách hàng có nguy cơ rời bỏ,1
16460.0,27,3,811.23,0,Khách hàng trung thành,0
16461.0,177,3,1539.83,0,Khách hàng trung thành,0
16462.0,73,3,136.0,0,Khách hàng trung thành,0
16463.0,20,4,1422.4,0,Khách hàng trung thành,0
16464.0,19,3,1298.66,0,Khách hàng trung thành,0
16465.0,420,2,746.24,1,Khách hàng có nguy cơ rời bỏ,1
16466.0,33,15,3767.09,2,Khách VIP,2
16467.0,508,7,2869.16,1,Khách hàng có nguy cơ rời bỏ,1
16468.0,73,3,787.52,0,Khách hàng trung thành,0
16469.0,23,5,803.9,0,Khách hàng trung thành,0
16470.0,51,11,2416.85,2,Khách VIP,2
16471.0,274,4,1189.98,0,Khách hàng trung thành,0
16472.0,433,2,789.6,1,Khách hàng có nguy cơ rời bỏ,1
16473.0,164,4,470.83,0,Khách hàng trung thành,0
16474.0,6,7,1810.49,2,Khách VIP,2
16475.0,87,4,544.3,0,Khách hàng trung thành,0
16476.0,431,1,350.35,1,Khách hàng có nguy cơ rời bỏ,1
16477.0,63,11,4094.37,2,Khách VIP,2
16478.0,24,3,331.0,0,Khách hàng trung thành,0
16479.0,9,2,300.83,0,Khách hàng trung thành,0
16480.0,75,1,769.29,0,Khách hàng trung thành,0
16481.0,681,1,453.38,1,Khách hàng có nguy cơ rời bỏ,1
16482.0,15,1,220.62,0,Khách hàng trung thành,0
16483.0,191,1,139.35,0,Khách hàng trung thành,0
16484.0,173,2,404.3,0,Khách hàng trung thành,0
16485.0,76,5,2287.19,2,Khách VIP,2
16486.0,537,1,134.36,1,Khách hàng có nguy cơ rời bỏ,1
16487.0,576,2,209.4,1,Khách hàng có nguy cơ rời bỏ,1
16488.0,32,3,498.8,0,Khách hàng trung thành,0
16489.0,379,2,303.7,1,Khách hàng có nguy cơ rời bỏ,1
16490.0,435,1,205.41000000000005,1,Khách hàng có nguy cơ rời bỏ,1
16491.0,46,2,1533.16,0,Khách hàng trung thành,0
16492.0,540,1,385.56,1,Khách hàng có nguy cơ rời bỏ,1
16493.0,79,7,2132.09,2,Khách VIP,2
16494.0,296,1,826.53,1,Khách hàng có nguy cơ rời bỏ,1
16495.0,2,3,648.26,0,Khách hàng trung thành,0
16496.0,8,6,2330.77,2,Khách VIP,2
16497.0,49,23,6695.28,2,Khách VIP,2
16498.0,160,2,100.97,0,Khách hàng trung thành,0
16499.0,359,8,2578.34,2,Khách VIP,2
16500.0,4,9,843.9100000000001,2,Khách VIP,2
16501.0,382,1,1191.23,1,Khách hàng có nguy cơ rời bỏ,1
16502.0,619,2,258.55,1,Khách hàng có nguy cơ rời bỏ,1
16503.0,106,11,3614.34,2,Khách VIP,2
16504.0,24,1,465.88,0,Khách hàng trung thành,0
16505.0,31,1,777.6,0,Khách hàng trung thành,0
16506.0,19,2,90.3,0,Khách hàng trung thành,0
16507.0,571,1,142.71,1,Khách hàng có nguy cơ rời bỏ,1
16508.0,629,1,240.95,1,Khách hàng có nguy cơ rời bỏ,1
16509.0,296,1,363.7,1,Khách hàng có nguy cơ rời bỏ,1
16510.0,371,6,1757.25,0,Khách hàng trung thành,1
16511.0,21,6,1758.49,2,Khách VIP,2
16513.0,4,4,874.59,0,Khách hàng trung thành,0
16515.0,51,10,3179.06,2,Khách VIP,2
16516.0,29,1,101.7,0,Khách hàng trung thành,0
16517.0,276,1,162.7,1,Khách hàng có nguy cơ rời bỏ,1
16518.0,60,4,959.37,0,Khách hàng trung thành,0
16519.0,24,4,436.96,0,Khách hàng trung thành,0
16520.0,185,6,2148.38,2,Khách VIP,2
16521.0,414,3,1136.36,1,Khách hàng có nguy cơ rời bỏ,1
16522.0,435,2,433.36,1,Khách hàng có nguy cơ rời bỏ,1
16523.0,1,28,11916.33,2,Khách VIP,2
16524.0,445,2,306.19,1,Khách hàng có nguy cơ rời bỏ,1
16525.0,1,48,24151.3,2,Khách VIP,2
16526.0,171,2,717.21,0,Khách hàng trung thành,0
16527.0,80,2,1232.94,0,Khách hàng trung thành,0
16528.0,3,1,244.41,0,Khách hàng trung thành,0
16529.0,189,4,1986.8,0,Khách hàng trung thành,0
16530.0,667,1,48.35,1,Khách hàng có nguy cơ rời bỏ,1
16531.0,21,11,2298.33,2,Khách VIP,2
16532.0,17,5,8756.64,2,Khách VIP,2
16533.0,18,3,1082.81,0,Khách hàng trung thành,0
16534.0,641,1,635.9,1,Khách hàng có nguy cơ rời bỏ,1
16535.0,4,2,952.04,0,Khách hàng trung thành,0
16536.0,109,1,548.12,0,Khách hàng trung thành,0
16537.0,640,1,10.55,1,Khách hàng có nguy cơ rời bỏ,1
16538.0,540,3,395.07,1,Khách hàng có nguy cơ rời bỏ,1
16539.0,2,10,3289.66,2,Khách VIP,2
16540.0,413,1,205.75,1,Khách hàng có nguy cơ rời bỏ,1
16541.0,734,1,424.03,1,Khách hàng có nguy cơ rời bỏ,1
16542.0,53,2,257.32,0,Khách hàng trung thành,0
16543.0,591,1,292.21,1,Khách hàng có nguy cơ rời bỏ,1
16544.0,519,4,376.7000000000001,1,Khách hàng có nguy cơ rời bỏ,1
16545.0,164,2,689.82,0,Khách hàng trung thành,0
16546.0,290,5,5307.07,2,Khách VIP,2
16547.0,545,1,104.26,1,Khách hàng có nguy cơ rời bỏ,1
16548.0,598,1,30.15,1,Khách hàng có nguy cơ rời bỏ,1
16549.0,9,34,12781.8,2,Khách VIP,2
16550.0,108,18,8807.68,2,Khách VIP,2
16551.0,95,7,2237.12,2,Khách VIP,2
16552.0,242,2,379.73,0,Khách hàng trung thành,0
16553.0,162,33,16584.01,2,Khách VIP,2
16554.0,41,8,2841.72,2,Khách VIP,2
16555.0,34,6,1915.68,2,Khách VIP,2
16556.0,66,17,8012.58,2,Khách VIP,2
16557.0,23,2,281.85,0,Khách hàng trung thành,0
16558.0,0,38,13304.11,2,Khách VIP,2
16559.0,396,1,175.0,1,Khách hàng có nguy cơ rời bỏ,1
16560.0,26,8,3048.38,2,Khách VIP,2
16561.0,5,2,511.12,0,Khách hàng trung thành,0
16562.0,476,1,223.86,1,Khách hàng có nguy cơ rời bỏ,1
16563.0,53,6,4412.56,2,Khách VIP,2
16564.0,568,1,87.8,1,Khách hàng có nguy cơ rời bỏ,1
16565.0,363,4,773.05,1,Khách hàng có nguy cơ rời bỏ,1
16566.0,14,5,614.66,0,Khách hàng trung thành,0
16567.0,193,2,865.6,0,Khách hàng trung thành,0
16568.0,427,2,1020.9,1,Khách hàng có nguy cơ rời bỏ,1
16569.0,2,5,1455.23,0,Khách hàng trung thành,0
16570.0,14,20,7434.31,2,Khách VIP,2
16571.0,26,10,4248.74,2,Khách VIP,2
16572.0,126,3,1009.6,0,Khách hàng trung thành,0
16573.0,84,2,663.61,0,Khách hàng trung thành,0
16574.0,70,3,1301.78,0,Khách hàng trung thành,0
16576.0,419,2,540.87,1,Khách hàng có nguy cơ rời bỏ,1
16577.0,666,1,380.0,1,Khách hàng có nguy cơ rời bỏ,1
16578.0,625,1,156.6,1,Khách hàng có nguy cơ rời bỏ,1
16579.0,425,1,295.05,1,Khách hàng có nguy cơ rời bỏ,1
16581.0,182,1,105.84,0,Khách hàng trung thành,0
16582.0,112,1,313.62,0,Khách hàng trung thành,0
16583.0,373,2,297.95,1,Khách hàng có nguy cơ rời bỏ,1
16584.0,79,5,3156.17,2,Khách VIP,2
16585.0,593,2,341.59,1,Khách hàng có nguy cơ rời bỏ,1
16586.0,248,3,1462.78,0,Khách hàng trung thành,0
16587.0,231,1,225.15,1,Khách hàng có nguy cơ rời bỏ,1
16588.0,385,4,1361.28,1,Khách hàng có nguy cơ rời bỏ,1
16589.0,70,4,612.36,0,Khách hàng trung thành,0
16590.0,400,2,605.9,1,Khách hàng có nguy cơ rời bỏ,1
16591.0,68,1,213.5,0,Khách hàng trung thành,0
16592.0,3,28,7807.91,2,Khách VIP,2
16593.0,50,8,1071.14,2,Khách VIP,2
16594.0,74,1,181.09,0,Khách hàng trung thành,0
16595.0,60,5,1757.75,0,Khách hàng trung thành,0
16596.0,15,4,458.98,0,Khách hàng trung thành,0
16597.0,3,1,90.04,0,Khách hàng trung thành,0
16598.0,285,1,145.04999999999998,1,Khách hàng có nguy cơ rời bỏ,1
16599.0,385,1,172.8,1,Khách hàng có nguy cơ rời bỏ,1
16600.0,3,13,2153.41,2,Khách VIP,2
16601.0,40,3,675.83,0,Khách hàng trung thành,0
16602.0,35,2,763.33,0,Khách hàng trung thành,0
16603.0,74,2,482.47,0,Khách hàng trung thành,0
16604.0,562,2,432.45,1,Khách hàng có nguy cơ rời bỏ,1
16605.0,723,1,60.48,1,Khách hàng có nguy cơ rời bỏ,1
16606.0,403,2,357.66,1,Khách hàng có nguy cơ rời bỏ,1
16607.0,17,25,5706.87,2,Khách VIP,2
16608.0,453,2,1286.62,1,Khách hàng có nguy cơ rời bỏ,1
16609.0,14,7,5493.46,2,Khách VIP,2
16610.0,218,1,75.66,1,Khách hàng có nguy cơ rời bỏ,1
16611.0,185,6,1785.13,2,Khách VIP,2
16612.0,32,9,3245.43,2,Khách VIP,2
16613.0,69,1,618.59,0,Khách hàng trung thành,0
16614.0,182,3,1179.79,0,Khách hàng trung thành,0
16615.0,625,1,291.5,1,Khách hàng có nguy cơ rời bỏ,1
16616.0,14,2,500.42,0,Khách hàng trung thành,0
16617.0,235,1,151.85,1,Khách hàng có nguy cơ rời bỏ,1
16618.0,30,5,2647.59,2,Khách VIP,2
16619.0,263,4,1938.33,0,Khách hàng trung thành,0
16620.0,3,6,1758.93,2,Khách VIP,2
16621.0,51,4,813.48,0,Khách hàng trung thành,0
16622.0,543,1,225.4,1,Khách hàng có nguy cơ rời bỏ,1
16623.0,245,4,1015.24,0,Khách hàng trung thành,0
16624.0,80,2,810.5699999999999,0,Khách hàng trung thành,0
16625.0,274,5,1654.03,0,Khách hàng trung thành,0
16626.0,0,17,4413.1,2,Khách VIP,2
16627.0,78,1,322.8,0,Khách hàng trung thành,0
16628.0,29,7,2318.1,2,Khách VIP,2
16629.0,73,2,408.63,0,Khách hàng trung thành,0
16630.0,406,1,106.8,1,Khách hàng có nguy cơ rời bỏ,1
16631.0,481,7,1892.52,1,Khách hàng có nguy cơ rời bỏ,1
16632.0,485,2,406.4,1,Khách hàng có nguy cơ rời bỏ,1
16633.0,16,6,2883.1,2,Khách VIP,2
16634.0,222,6,1649.81,0,Khách hàng trung thành,0
16635.0,406,1,473.0,1,Khách hàng có nguy cơ rời bỏ,1
16636.0,437,4,3802.04,1,Khách hàng có nguy cơ rời bỏ,1
16637.0,31,4,1154.47,0,Khách hàng trung thành,0
16638.0,22,15,2380.13,2,Khách VIP,2
16639.0,30,4,1747.98,0,Khách hàng trung thành,0
16640.0,397,1,179.4,1,Khách hàng có nguy cơ rời bỏ,1
16641.0,105,2,554.5,0,Khách hàng trung thành,0
16642.0,4,3,1077.45,0,Khách hàng trung thành,0
16643.0,245,2,923.11,0,Khách hàng trung thành,0
16644.0,177,2,833.78,0,Khách hàng trung thành,0
16645.0,735,1,160.39,1,Khách hàng có nguy cơ rời bỏ,1
16646.0,448,1,678.8,1,Khách hàng có nguy cơ rời bỏ,1
16647.0,169,4,541.9,0,Khách hàng trung thành,0
16648.0,42,3,672.8,0,Khách hàng trung thành,0
16649.0,519,1,306.58000000000004,1,Khách hàng có nguy cơ rời bỏ,1
16650.0,71,7,1916.11,2,Khách VIP,2
16651.0,586,1,136.2,1,Khách hàng có nguy cơ rời bỏ,1
16652.0,58,16,17550.39,2,Khách VIP,2
16653.0,15,2,1212.66,0,Khách hàng trung thành,0
16654.0,140,8,1484.07,2,Khách VIP,2
16655.0,17,13,6423.26,2,Khách VIP,2
16656.0,21,30,16833.170000000002,2,Khách VIP,2
16657.0,9,4,874.43,0,Khách hàng trung thành,0
16658.0,367,5,680.83,1,Khách hàng có nguy cơ rời bỏ,1
16659.0,188,1,39.12,1,Khách hàng có nguy cơ rời bỏ,1
16660.0,15,7,1879.55,2,Khách VIP,2
16661.0,539,4,932.76,1,Khách hàng có nguy cơ rời bỏ,1
16662.0,393,1,151.05,1,Khách hàng có nguy cơ rời bỏ,1
16663.0,728,1,165.0,1,Khách hàng có nguy cơ rời bỏ,1
16664.0,568,1,109.2,1,Khách hàng có nguy cơ rời bỏ,1
16665.0,361,1,135.39999999999998,1,Khách hàng có nguy cơ rời bỏ,1
16666.0,18,2,217.71,0,Khách hàng trung thành,0
16667.0,67,2,567.1800000000001,0,Khách hàng trung thành,0
16668.0,14,13,862.42,2,Khách VIP,2
16669.0,23,2,1344.48,0,Khách hàng trung thành,0
16670.0,16,20,8030.150000000001,2,Khách VIP,2
16671.0,27,3,1692.27,0,Khách hàng trung thành,0
16672.0,1,20,8134.94,2,Khách VIP,2
16673.0,678,1,171.13,1,Khách hàng có nguy cơ rời bỏ,1
16674.0,54,2,304.24,0,Khách hàng trung thành,0
16675.0,441,2,608.86,1,Khách hàng có nguy cơ rời bỏ,1
16676.0,33,6,2361.9,2,Khách VIP,2
16677.0,410,2,880.62,1,Khách hàng có nguy cơ rời bỏ,1
16678.0,2,12,3109.99,2,Khách VIP,2
16679.0,365,3,663.31,1,Khách hàng có nguy cơ rời bỏ,1
16680.0,42,3,821.45,0,Khách hàng trung thành,0
16681.0,72,7,1921.84,2,Khách VIP,2
16682.0,4,5,1028.0,0,Khách hàng trung thành,0
16683.0,533,1,320.25,1,Khách hàng có nguy cơ rời bỏ,1
16684.0,3,55,147142.77,2,Khách VIP,2
16685.0,60,2,324.24,0,Khách hàng trung thành,0
16686.0,46,16,4881.07,2,Khách VIP,2
16687.0,390,1,157.63,1,Khách hàng có nguy cơ rời bỏ,1
16688.0,0,4,1260.86,0,Khách hàng trung thành,0
16689.0,75,2,422.6,0,Khách hàng trung thành,0
16690.0,71,4,353.03,0,Khách hàng trung thành,0
16691.0,417,2,178.83,1,Khách hàng có nguy cơ rời bỏ,1
16692.0,255,4,1764.6999999999998,0,Khách hàng trung thành,0
16693.0,68,5,1179.48,0,Khách hàng trung thành,0
16694.0,722,1,98.3,1,Khách hàng có nguy cơ rời bỏ,1
16695.0,561,2,191.9,1,Khách hàng có nguy cơ rời bỏ,1
16696.0,134,4,657.9000000000001,0,Khách hàng trung thành,0
16697.0,240,1,112.75,1,Khách hàng có nguy cơ rời bỏ,1
16698.0,226,2,1998.0,0,Khách hàng trung thành,0
16699.0,379,7,994.6,1,Khách hàng có nguy cơ rời bỏ,1
16700.0,8,25,8830.77,2,Khách VIP,2
16701.0,8,26,9916.73,2,Khách VIP,2
16702.0,414,4,1109.53,1,Khách hàng có nguy cơ rời bỏ,1
16704.0,617,2,664.16,1,Khách hàng có nguy cơ rời bỏ,1
16705.0,0,42,43515.05,2,Khách VIP,2
16706.0,36,3,531.35,0,Khách hàng trung thành,0
16707.0,399,4,533.41,1,Khách hàng có nguy cơ rời bỏ,1
16708.0,45,1,656.63,0,Khách hàng trung thành,0
16709.0,84,14,9056.01,2,Khách VIP,2
16710.0,18,22,5921.35,2,Khách VIP,2
16711.0,2,9,2868.48,2,Khách VIP,2
16712.0,8,13,4225.22,2,Khách VIP,2
16713.0,18,32,14115.56,2,Khách VIP,2
16714.0,316,3,1482.33,0,Khách hàng trung thành,0
16715.0,77,2,625.52,0,Khách hàng trung thành,0
16716.0,266,3,2149.6800000000003,0,Khách hàng trung thành,0
16717.0,23,14,6663.68,2,Khách VIP,2
16718.0,368,5,3006.08,2,Khách VIP,2
16719.0,14,14,3508.62,2,Khách VIP,2
16720.0,25,3,566.74,0,Khách hàng trung thành,0
16721.0,261,1,292.47,1,Khách hàng có nguy cơ rời bỏ,1
16722.0,16,22,8189.56,2,Khách VIP,2
16723.0,90,4,1231.36,0,Khách hàng trung thành,0
16724.0,404,1,147.35,1,Khách hàng có nguy cơ rời bỏ,1
16725.0,301,13,1686.81,2,Khách VIP,2
16726.0,25,7,2063.88,2,Khách VIP,2
16727.0,363,4,1377.77,1,Khách hàng có nguy cơ rời bỏ,1
16728.0,45,4,1048.28,0,Khách hàng trung thành,0
16729.0,37,21,7202.01,2,Khách VIP,2
16730.0,51,3,743.11,0,Khách hàng trung thành,0
16731.0,647,1,170.3,1,Khách hàng có nguy cơ rời bỏ,1
16732.0,31,4,4387.64,2,Khách VIP,2
16733.0,529,1,259.68,1,Khách hàng có nguy cơ rời bỏ,1
16734.0,51,3,646.76,0,Khách hàng trung thành,0
16735.0,78,14,6217.41,2,Khách VIP,2
16736.0,505,5,2956.56,1,Khách hàng có nguy cơ rời bỏ,1
16737.0,52,2,835.1999999999999,0,Khách hàng trung thành,0
16738.0,297,1,3.75,1,Khách hàng có nguy cơ rời bỏ,1
16739.0,176,2,786.43,0,Khách hàng trung thành,0
16740.0,394,1,226.91,1,Khách hàng có nguy cơ rời bỏ,1
16741.0,624,1,173.06,1,Khách hàng có nguy cơ rời bỏ,1
16742.0,492,13,2334.97,2,Khách VIP,2
16743.0,28,14,4212.15,2,Khách VIP,2
16744.0,10,7,1291.91,2,Khách VIP,2
16745.0,86,17,7180.7,2,Khách VIP,2
16746.0,4,42,18045.05,2,Khách VIP,2
16747.0,37,2,836.06,0,Khách hàng trung thành,0
16748.0,17,14,3637.33,2,Khách VIP,2
16749.0,590,2,4157.88,1,Khách hàng có nguy cơ rời bỏ,1
16750.0,44,5,623.93,0,Khách hàng trung thành,0
16751.0,30,1,1764.72,0,Khách hàng trung thành,0
16752.0,372,1,207.5,1,Khách hàng có nguy cơ rời bỏ,1
16753.0,57,1,223.92,0,Khách hàng trung thành,0
16754.0,371,29,65500.07,2,Khách VIP,2
16755.0,113,7,2864.68,2,Khách VIP,2
16756.0,214,7,1312.37,0,Khách hàng trung thành,0
16757.0,318,2,270.48,1,Khách hàng có nguy cơ rời bỏ,1
16758.0,64,1,369.34,0,Khách hàng trung thành,0
16759.0,7,3,789.79,0,Khách hàng trung thành,0
16760.0,429,1,228.0,1,Khách hàng có nguy cơ rời bỏ,1
16761.0,96,1,316.62,0,Khách hàng trung thành,0
16762.0,19,3,1207.24,0,Khách hàng trung thành,0
16763.0,198,2,964.7,0,Khách hàng trung thành,0
16764.0,3,13,2790.9500000000003,2,Khách VIP,2
16765.0,293,2,454.75,1,Khách hàng có nguy cơ rời bỏ,1
16766.0,272,2,1145.6,0,Khách hàng trung thành,0
16767.0,30,15,8052.41,2,Khách VIP,2
16768.0,47,9,1698.57,2,Khách VIP,2
16769.0,259,4,1117.05,0,Khách hàng trung thành,0
16770.0,57,9,1778.93,2,Khách VIP,2
16771.0,32,10,3921.1,2,Khách VIP,2
16772.0,422,3,3698.05,1,Khách hàng có nguy cơ rời bỏ,1
16773.0,56,3,421.24,0,Khách hàng trung thành,0
16774.0,67,8,1567.48,2,Khách VIP,2
16775.0,9,16,2820.84,2,Khách VIP,2
16776.0,59,2,592.51,0,Khách hàng trung thành,0
16777.0,79,5,1292.18,0,Khách hàng trung thành,0
16778.0,73,2,245.94,0,Khách hàng trung thành,0
16779.0,1,53,32809.03,2,Khách VIP,2
16780.0,99,3,596.4,0,Khách hàng trung thành,0
16781.0,371,2,623.0,1,Khách hàng có nguy cơ rời bỏ,1
16782.0,9,38,9636.12,2,Khách VIP,2
16783.0,436,1,391.95,1,Khách hàng có nguy cơ rời bỏ,1
16784.0,19,5,892.33,0,Khách hàng trung thành,0
16785.0,409,1,533.78,1,Khách hàng có nguy cơ rời bỏ,1
16786.0,393,1,51.84,1,Khách hàng có nguy cơ rời bỏ,1
16787.0,397,4,1017.53,1,Khách hàng có nguy cơ rời bỏ,1
16788.0,122,5,1927.28,0,Khách hàng trung thành,0
16789.0,7,1,80.8,0,Khách hàng trung thành,0
16790.0,3,6,1545.62,0,Khách hàng trung thành,2
16791.0,28,15,3944.88,2,Khách VIP,2
16792.0,281,5,623.46,0,Khách hàng trung thành,0
16793.0,56,1,243.84,0,Khách hàng trung thành,0
16794.0,0,15,2050.68,2,Khách VIP,2
16795.0,364,3,2062.41,1,Khách hàng có nguy cơ rời bỏ,1
16796.0,88,1,305.62,0,Khách hàng trung thành,0
16797.0,392,5,1802.02,1,Khách hàng có nguy cơ rời bỏ,1
16798.0,553,3,841.16,1,Khách hàng có nguy cơ rời bỏ,1
16799.0,431,2,452.78,1,Khách hàng có nguy cơ rời bỏ,1
16800.0,10,1,1162.65,0,Khách hàng trung thành,0
16801.0,162,4,1594.23,0,Khách hàng trung thành,0
16802.0,678,2,582.61,1,Khách hàng có nguy cơ rời bỏ,1
16803.0,64,1,332.3,0,Khách hàng trung thành,0
16804.0,22,3,536.99,0,Khách hàng trung thành,0
16805.0,173,4,1076.34,0,Khách hàng trung thành,0
16806.0,102,4,736.21,0,Khách hàng trung thành,0
16807.0,142,6,2123.88,2,Khách VIP,2
16808.0,98,2,288.42,0,Khách hàng trung thành,0
16809.0,22,9,1727.43,2,Khách VIP,2
16810.0,191,2,842.0400000000001,0,Khách hàng trung thành,0
16811.0,4,2,547.07,0,Khách hàng trung thành,0
16812.0,360,4,2392.0,0,Khách hàng trung thành,1
16813.0,7,10,1652.18,2,Khách VIP,2
16814.0,13,36,11914.95,2,Khách VIP,2
16815.0,453,2,406.02,1,Khách hàng có nguy cơ rời bỏ,1
16816.0,102,4,417.06,0,Khách hàng trung thành,0
16817.0,2,13,2560.7,2,Khách VIP,2
16818.0,10,11,3349.57,2,Khách VIP,2
16819.0,464,2,182.59,1,Khách hàng có nguy cơ rời bỏ,1
16820.0,95,1,497.61,0,Khách hàng trung thành,0
16821.0,381,1,113.35,1,Khách hàng có nguy cơ rời bỏ,1
16822.0,685,1,181.39,1,Khách hàng có nguy cơ rời bỏ,1
16823.0,226,7,2243.09,2,Khách VIP,2
16824.0,15,3,686.24,0,Khách hàng trung thành,0
16825.0,38,5,1826.89,0,Khách hàng trung thành,0
16826.0,50,1,341.7,0,Khách hàng trung thành,0
16827.0,392,5,387.18,1,Khách hàng có nguy cơ rời bỏ,1
16828.0,111,1,113.5,0,Khách hàng trung thành,0
16829.0,156,2,513.32,0,Khách hàng trung thành,0
16830.0,38,4,1207.5,0,Khách hàng trung thành,0
16831.0,564,1,91.8,1,Khách hàng có nguy cơ rời bỏ,1
16832.0,183,5,417.61,0,Khách hàng trung thành,0
16833.0,0,6,2409.04,2,Khách VIP,2
16834.0,227,2,898.96,0,Khách hàng trung thành,0
16835.0,127,6,1456.66,0,Khách hàng trung thành,0
16836.0,39,4,782.37,0,Khách hàng trung thành,0
16837.0,30,11,3170.98,2,Khách VIP,2
16838.0,196,4,1159.61,0,Khách hàng trung thành,0
16839.0,8,44,21758.25,2,Khách VIP,2
16840.0,602,2,139.85,1,Khách hàng có nguy cơ rời bỏ,1
16841.0,36,12,4006.06,2,Khách VIP,2
16842.0,100,3,1264.19,0,Khách hàng trung thành,0
16843.0,42,35,19571.43,2,Khách VIP,2
16844.0,562,2,614.34,1,Khách hàng có nguy cơ rời bỏ,1
16845.0,617,1,253.88,1,Khách hàng có nguy cơ rời bỏ,1
16846.0,49,3,842.41,0,Khách hàng trung thành,0
16847.0,42,2,614.89,0,Khách hàng trung thành,0
16848.0,52,4,1411.62,0,Khách hàng trung thành,0
16849.0,186,1,124.57,0,Khách hàng trung thành,0
16850.0,333,1,332.41,1,Khách hàng có nguy cơ rời bỏ,1
16851.0,3,3,342.45,0,Khách hàng trung thành,0
16852.0,9,2,144.91000000000005,0,Khách hàng trung thành,0
16854.0,416,2,1408.96,1,Khách hàng có nguy cơ rời bỏ,1
16855.0,23,2,328.4,0,Khách hàng trung thành,0
16856.0,14,3,358.49,0,Khách hàng trung thành,0
16857.0,442,1,352.8,1,Khách hàng có nguy cơ rời bỏ,1
16858.0,368,10,4292.59,2,Khách VIP,2
16859.0,144,7,1932.41,2,Khách VIP,2
16860.0,452,3,1610.62,1,Khách hàng có nguy cơ rời bỏ,1
16861.0,59,5,946.59,0,Khách hàng trung thành,0
16862.0,546,4,662.33,1,Khách hàng có nguy cơ rời bỏ,1
16863.0,30,3,834.27,0,Khách hàng trung thành,0
16864.0,433,2,409.25,1,Khách hàng có nguy cơ rời bỏ,1
16865.0,401,1,130.95,1,Khách hàng có nguy cơ rời bỏ,1
16866.0,140,3,207.74,0,Khách hàng trung thành,0
16867.0,689,1,76.74000000000001,1,Khách hàng có nguy cơ rời bỏ,1
16868.0,393,3,384.56,1,Khách hàng có nguy cơ rời bỏ,1
16869.0,22,4,817.12,0,Khách hàng trung thành,0
16870.0,468,1,450.16,1,Khách hàng có nguy cơ rời bỏ,1
16871.0,21,6,2812.34,2,Khách VIP,2
16872.0,76,6,1213.13,0,Khách hàng trung thành,0
16873.0,4,12,14617.39,2,Khách VIP,2
16874.0,378,1,209.89,1,Khách hàng có nguy cơ rời bỏ,1
16875.0,66,11,4234.53,2,Khách VIP,2
16876.0,403,1,136.01,1,Khách hàng có nguy cơ rời bỏ,1
16877.0,11,6,846.62,0,Khách hàng trung thành,0
16878.0,83,1,13.3,0,Khách hàng trung thành,0
16880.0,30,8,1813.21,2,Khách VIP,2
16881.0,66,1,432.0,0,Khách hàng trung thành,0
16882.0,66,3,705.12,0,Khách hàng trung thành,0
16883.0,186,19,2246.06,2,Khách VIP,2
16884.0,37,4,1070.97,0,Khách hàng trung thành,0
16885.0,14,4,683.35,0,Khách hàng trung thành,0
16886.0,455,1,134.0,1,Khách hàng có nguy cơ rời bỏ,1
16887.0,34,3,658.17,0,Khách hàng trung thành,0
16888.0,400,3,434.2,1,Khách hàng có nguy cơ rời bỏ,1
16889.0,194,6,2526.65,2,Khách VIP,2
16890.0,476,3,277.91,1,Khách hàng có nguy cơ rời bỏ,1
16891.0,1,11,1727.94,2,Khách VIP,2
16892.0,0,7,754.75,0,Khách hàng trung thành,0
16893.0,366,2,249.47,1,Khách hàng có nguy cơ rời bỏ,1
16894.0,501,3,1306.96,1,Khách hàng có nguy cơ rời bỏ,1
16895.0,64,5,1102.9,0,Khách hàng trung thành,0
16896.0,554,1,103.95,1,Khách hàng có nguy cơ rời bỏ,1
16897.0,298,2,289.78,1,Khách hàng có nguy cơ rời bỏ,1
16898.0,25,5,885.21,0,Khách hàng trung thành,0
16899.0,7,8,1695.77,2,Khách VIP,2
16900.0,16,3,882.16,0,Khách hàng trung thành,0
16901.0,728,1,204.26,1,Khách hàng có nguy cơ rời bỏ,1
16902.0,115,1,1706.88,0,Khách hàng trung thành,0
16903.0,28,3,1041.75,0,Khách hàng trung thành,0
16904.0,3,20,4656.56,2,Khách VIP,2
16905.0,4,17,4704.27,2,Khách VIP,2
16906.0,81,7,1410.07,2,Khách VIP,2
16907.0,28,9,1470.89,2,Khách VIP,2
16908.0,721,1,252.59,1,Khách hàng có nguy cơ rời bỏ,1
16909.0,71,1,379.14,0,Khách hàng trung thành,0
16910.0,3,8,1508.96,2,Khách VIP,2
16911.0,635,2,255.25,1,Khách hàng có nguy cơ rời bỏ,1
16912.0,28,15,4460.51,2,Khách VIP,2
16913.0,289,3,423.91,0,Khách hàng trung thành,1
16914.0,35,1,183.76,0,Khách hàng trung thành,0
16915.0,8,11,1543.18,2,Khách VIP,2
16916.0,23,4,896.12,0,Khách hàng trung thành,0
16917.0,276,2,1851.88,0,Khách hàng trung thành,0
16918.0,49,16,3206.54,2,Khách VIP,2
16919.0,155,24,4909.66,2,Khách VIP,2
16920.0,410,1,355.45,1,Khách hàng có nguy cơ rời bỏ,1
16921.0,60,3,409.21,0,Khách hàng trung thành,0
16922.0,572,1,611.08,1,Khách hàng có nguy cơ rời bỏ,1
16923.0,11,32,13157.13,2,Khách VIP,2
16924.0,20,3,829.89,0,Khách hàng trung thành,0
16925.0,539,1,125.65,1,Khách hàng có nguy cơ rời bỏ,1
16926.0,370,5,1169.61,1,Khách hàng có nguy cơ rời bỏ,1
16927.0,115,3,543.05,0,Khách hàng trung thành,0
16928.0,79,26,3798.08,2,Khách VIP,2
16929.0,3,7,1295.39,2,Khách VIP,2
16930.0,25,3,378.89,0,Khách hàng trung thành,0
16931.0,4,23,5032.22,2,Khách VIP,2
16932.0,52,3,412.55,0,Khách hàng trung thành,0
16933.0,0,9,3099.3,2,Khách VIP,2
16934.0,54,6,2083.14,2,Khách VIP,2
16935.0,381,3,530.86,1,Khách hàng có nguy cơ rời bỏ,1
16936.0,25,2,548.29,0,Khách hàng trung thành,0
16937.0,498,1,196.25,1,Khách hàng có nguy cơ rời bỏ,1
16938.0,8,9,6995.360000000001,2,Khách VIP,2
16939.0,488,3,433.85,1,Khách hàng có nguy cơ rời bỏ,1
16940.0,51,8,6427.66,2,Khách VIP,2
16941.0,611,1,33.0,1,Khách hàng có nguy cơ rời bỏ,1
16942.0,12,9,1904.99,2,Khách VIP,2
16943.0,211,3,816.73,0,Khách hàng trung thành,0
16944.0,609,1,101.36,1,Khách hàng có nguy cơ rời bỏ,1
16945.0,21,33,8548.16,2,Khách VIP,2
16946.0,382,5,1222.04,1,Khách hàng có nguy cơ rời bỏ,1
16947.0,235,4,946.71,0,Khách hàng trung thành,0
16948.0,138,7,868.77,0,Khách hàng trung thành,0
16949.0,3,6,1286.27,0,Khách hàng trung thành,0
16950.0,56,10,3533.77,2,Khách VIP,2
16951.0,134,3,1277.75,0,Khách hàng trung thành,0
16952.0,108,5,795.83,0,Khách hàng trung thành,0
16953.0,29,1,20.8,0,Khách hàng trung thành,0
16954.0,0,20,6081.88,2,Khách VIP,2
16955.0,184,6,1120.31,0,Khách hàng trung thành,0
16956.0,17,1,308.74,0,Khách hàng trung thành,0
16957.0,238,2,416.64,0,Khách hàng trung thành,0
16958.0,434,1,778.49,1,Khách hàng có nguy cơ rời bỏ,1
16959.0,86,1,117.35,0,Khách hàng trung thành,0
16960.0,38,8,1988.93,2,Khách VIP,2
16961.0,115,3,794.56,0,Khách hàng trung thành,0
16962.0,409,1,251.04,1,Khách hàng có nguy cơ rời bỏ,1
16963.0,186,1,110.55,0,Khách hàng trung thành,0
16964.0,732,2,207.85,1,Khách hàng có nguy cơ rời bỏ,1
16965.0,226,1,192.07,1,Khách hàng có nguy cơ rời bỏ,1
16966.0,7,7,2154.97,2,Khách VIP,2
16967.0,188,1,319.02,0,Khách hàng trung thành,0
16968.0,3,2,439.43,0,Khách hàng trung thành,0
16969.0,38,3,650.41,0,Khách hàng trung thành,0
16970.0,625,1,71.4,1,Khách hàng có nguy cơ rời bỏ,1
16971.0,37,1,357.21,0,Khách hàng trung thành,0
16972.0,382,2,749.0,1,Khách hàng có nguy cơ rời bỏ,1
16973.0,385,1,127.0,1,Khách hàng có nguy cơ rời bỏ,1
16974.0,522,2,365.5,1,Khách hàng có nguy cơ rời bỏ,1
16975.0,422,3,926.12,1,Khách hàng có nguy cơ rời bỏ,1
16976.0,266,1,251.52,1,Khách hàng có nguy cơ rời bỏ,1
16977.0,394,4,496.0,1,Khách hàng có nguy cơ rời bỏ,1
16978.0,77,3,768.88,0,Khách hàng trung thành,0
16979.0,3,9,2859.74,2,Khách VIP,2
16980.0,254,3,1422.8300000000002,0,Khách hàng trung thành,0
16982.0,60,1,384.06,0,Khách hàng trung thành,0
16983.0,12,11,3490.53,2,Khách VIP,2
16984.0,87,9,10350.53,2,Khách VIP,2
16985.0,16,23,10923.16,2,Khách VIP,2
16986.0,29,11,4888.75,2,Khách VIP,2
16987.0,2,11,2499.45,2,Khách VIP,2
16988.0,4,2,382.67,0,Khách hàng trung thành,0
16989.0,6,6,1133.25,0,Khách hàng trung thành,0
16990.0,218,2,344.0,0,Khách hàng trung thành,0
16991.0,420,1,1041.21,1,Khách hàng có nguy cơ rời bỏ,1
16992.0,10,13,5476.5,2,Khách VIP,2
16993.0,463,2,1950.95,1,Khách hàng có nguy cơ rời bỏ,1
16996.0,29,9,2123.61,2,Khách VIP,2
16997.0,287,3,702.0,0,Khách hàng trung thành,0
16998.0,149,5,402.0,0,Khách hàng trung thành,0
16999.0,22,2,484.82,0,Khách hàng trung thành,0
17000.0,395,2,406.3,1,Khách hàng có nguy cơ rời bỏ,1
17001.0,0,19,6640.8,2,Khách VIP,2
17002.0,85,7,2571.55,2,Khách VIP,2
17003.0,401,4,828.21,1,Khách hàng có nguy cơ rời bỏ,1
17004.0,45,4,2324.36,0,Khách hàng trung thành,0
17005.0,470,2,622.36,1,Khách hàng có nguy cơ rời bỏ,1
17006.0,4,8,1635.27,2,Khách VIP,2
17007.0,50,7,1120.1,0,Khách hàng trung thành,0
17008.0,428,1,81.36,1,Khách hàng có nguy cơ rời bỏ,1
17009.0,550,1,242.06,1,Khách hàng có nguy cơ rời bỏ,1
17010.0,17,1,195.36,0,Khách hàng trung thành,0
17011.0,29,3,671.7,0,Khách hàng trung thành,0
17012.0,724,1,360.61,1,Khách hàng có nguy cơ rời bỏ,1
17014.0,7,3,583.4300000000001,0,Khách hàng trung thành,0
17015.0,28,3,1838.61,0,Khách hàng trung thành,0
17016.0,576,1,552.4,1,Khách hàng có nguy cơ rời bỏ,1
17017.0,2,29,12576.99,2,Khách VIP,2
17018.0,40,6,2287.7,2,Khách VIP,2
17019.0,10,11,3586.99,2,Khách VIP,2
17020.0,541,2,935.62,1,Khách hàng có nguy cơ rời bỏ,1
17021.0,441,6,1182.22,1,Khách hàng có nguy cơ rời bỏ,1
17022.0,30,2,260.0,0,Khách hàng trung thành,0
17023.0,416,3,800.18,1,Khách hàng có nguy cơ rời bỏ,1
17024.0,44,3,95.85,0,Khách hàng trung thành,0
17025.0,60,5,1349.67,0,Khách hàng trung thành,0
17026.0,184,3,175.82999999999998,0,Khách hàng trung thành,0
17027.0,78,9,1310.63,2,Khách VIP,2
17028.0,580,3,1593.83,1,Khách hàng có nguy cơ rời bỏ,1
17029.0,110,7,2137.3,2,Khách VIP,2
17030.0,63,1,146.87,0,Khách hàng trung thành,0
17031.0,11,6,2773.85,2,Khách VIP,2
17032.0,602,5,2896.69,1,Khách hàng có nguy cơ rời bỏ,1
17033.0,85,4,1332.79,0,Khách hàng trung thành,0
17034.0,15,5,1276.42,0,Khách hàng trung thành,0
17035.0,245,4,613.59,0,Khách hàng trung thành,0
17036.0,382,1,176.9,1,Khách hàng có nguy cơ rời bỏ,1
17037.0,87,1,1267.32,0,Khách hàng trung thành,0
17038.0,29,2,743.17,0,Khách hàng trung thành,0
17039.0,603,1,1954.99,1,Khách hàng có nguy cơ rời bỏ,1
17040.0,137,2,463.25,0,Khách hàng trung thành,0
17041.0,26,6,1655.2,2,Khách VIP,2
17042.0,2,5,1036.58,0,Khách hàng trung thành,0
17043.0,31,8,2593.65,2,Khách VIP,2
17044.0,24,12,11962.3,2,Khách VIP,2
17045.0,112,5,827.6800000000001,0,Khách hàng trung thành,0
17046.0,156,5,1906.07,0,Khách hàng trung thành,0
17047.0,84,6,2289.23,2,Khách VIP,2
17048.0,117,7,2071.68,2,Khách VIP,2
17049.0,2,19,9942.53,2,Khách VIP,2
17050.0,95,11,4648.59,2,Khách VIP,2
17051.0,193,4,706.49,0,Khách hàng trung thành,0
17052.0,27,1,399.09,0,Khách hàng trung thành,0
17053.0,130,1,498.48,0,Khách hàng trung thành,0
17054.0,27,5,1356.33,0,Khách hàng trung thành,0
17055.0,445,1,232.85,1,Khách hàng có nguy cơ rời bỏ,1
17056.0,737,1,128.60000000000002,1,Khách hàng có nguy cơ rời bỏ,1
17057.0,595,1,288.79,1,Khách hàng có nguy cơ rời bỏ,1
17058.0,81,3,1179.89,0,Khách hàng trung thành,0
17059.0,29,9,4864.57,2,Khách VIP,2
17060.0,265,1,234.24,1,Khách hàng có nguy cơ rời bỏ,1
17061.0,73,11,5232.2300000000005,2,Khách VIP,2
17062.0,313,6,884.71,0,Khách hàng trung thành,0
17063.0,20,13,3638.53,2,Khách VIP,2
17064.0,58,3,855.45,0,Khách hàng trung thành,0
17065.0,637,2,194.7,1,Khách hàng có nguy cơ rời bỏ,1
17066.0,725,1,228.34,1,Khách hàng có nguy cơ rời bỏ,1
17067.0,724,3,454.54,1,Khách hàng có nguy cơ rời bỏ,1
17068.0,11,47,8980.18,2,Khách VIP,2
17069.0,27,14,5517.2300000000005,2,Khách VIP,2
17070.0,113,2,437.42,0,Khách hàng trung thành,0
17071.0,27,13,3793.71,2,Khách VIP,2
17072.0,624,1,273.35,1,Khách hàng có nguy cơ rời bỏ,1
17073.0,17,4,1444.84,0,Khách hàng trung thành,0
17074.0,562,1,203.05,1,Khách hàng có nguy cơ rời bỏ,1
17075.0,17,10,2236.63,2,Khách VIP,2
17076.0,35,6,1242.75,0,Khách hàng trung thành,0
17077.0,577,1,306.0,1,Khách hàng có nguy cơ rời bỏ,1
17078.0,35,2,375.86,0,Khách hàng trung thành,0
17079.0,77,1,118.8,0,Khách hàng trung thành,0
17080.0,21,7,957.53,0,Khách hàng trung thành,0
17081.0,24,6,949.39,0,Khách hàng trung thành,0
17082.0,32,6,4732.03,2,Khách VIP,2
17083.0,108,9,4049.79,2,Khách VIP,2
17084.0,34,3,5001.21,2,Khách VIP,2
17085.0,122,28,7839.27,2,Khách VIP,2
17086.0,6,6,2050.08,2,Khách VIP,2
17087.0,737,1,221.53,1,Khách hàng có nguy cơ rời bỏ,1
17088.0,27,4,1991.01,0,Khách hàng trung thành,0
17089.0,385,1,128.45,1,Khách hàng có nguy cơ rời bỏ,1
17090.0,3,13,3080.1800000000003,2,Khách VIP,2
17091.0,2,19,7495.75,2,Khách VIP,2
17092.0,49,11,5511.41,2,Khách VIP,2
17093.0,592,1,235.88,1,Khách hàng có nguy cơ rời bỏ,1
17094.0,321,2,402.2000000000001,1,Khách hàng có nguy cơ rời bỏ,1
17095.0,22,7,2572.25,2,Khách VIP,2
17096.0,14,11,3697.93,2,Khách VIP,2
17097.0,1,9,1143.36,2,Khách VIP,2
17098.0,381,3,591.0699999999999,1,Khách hàng có nguy cơ rời bỏ,1
17099.0,532,1,582.17,1,Khách hàng có nguy cơ rời bỏ,1
17100.0,17,2,971.74,0,Khách hàng trung thành,0
17101.0,9,7,2507.05,2,Khách VIP,2
17102.0,261,1,25.5,1,Khách hàng có nguy cơ rời bỏ,1
17103.0,721,1,424.3,1,Khách hàng có nguy cơ rời bỏ,1
17104.0,423,1,474.03,1,Khách hàng có nguy cơ rời bỏ,1
17105.0,158,2,665.78,0,Khách hàng trung thành,0
17106.0,388,1,481.58,1,Khách hàng có nguy cơ rời bỏ,1
17107.0,32,10,16052.72,2,Khách VIP,2
17108.0,663,1,174.95,1,Khách hàng có nguy cơ rời bỏ,1
17109.0,28,8,1291.71,2,Khách VIP,2
17110.0,164,3,499.9,0,Khách hàng trung thành,0
17111.0,46,2,459.58,0,Khách hàng trung thành,0
17112.0,502,1,197.57,1,Khách hàng có nguy cơ rời bỏ,1
17113.0,573,6,2305.59,1,Khách hàng có nguy cơ rời bỏ,1
17114.0,5,8,801.12,0,Khách hàng trung thành,0
17115.0,7,7,2761.49,2,Khách VIP,2
17116.0,647,1,389.78,1,Khách hàng có nguy cơ rời bỏ,1
17117.0,287,1,116.2,1,Khách hàng có nguy cơ rời bỏ,1
17118.0,317,1,157.02,1,Khách hàng có nguy cơ rời bỏ,1
17119.0,2,2,606.91,0,Khách hàng trung thành,0
17120.0,232,1,307.46,0,Khách hàng trung thành,1
17121.0,402,1,314.74,1,Khách hàng có nguy cơ rời bỏ,1
17122.0,118,4,570.5,0,Khách hàng trung thành,0
17123.0,161,3,966.67,0,Khách hàng trung thành,0
17124.0,184,1,294.24,0,Khách hàng trung thành,0
17125.0,49,1,230.5,0,Khách hàng trung thành,0
17126.0,151,9,2008.93,2,Khách VIP,2
17127.0,428,5,1155.0300000000002,1,Khách hàng có nguy cơ rời bỏ,1
17128.0,334,1,157.09,1,Khách hàng có nguy cơ rời bỏ,1
17129.0,519,1,31.85,1,Khách hàng có nguy cơ rời bỏ,1
17131.0,4,5,2463.17,2,Khách VIP,2
17132.0,451,2,1220.91,1,Khách hàng có nguy cơ rời bỏ,1
17133.0,15,12,14622.33,2,Khách VIP,2
17134.0,106,3,625.3,0,Khách hàng trung thành,0
17135.0,15,10,1716.38,2,Khách VIP,2
17136.0,661,1,231.68,1,Khách hàng có nguy cơ rời bỏ,1
17137.0,415,6,1099.81,1,Khách hàng có nguy cơ rời bỏ,1
17138.0,275,7,4417.27,2,Khách VIP,2
17139.0,15,25,19566.76,2,Khách VIP,2
17140.0,246,1,454.12,0,Khách hàng trung thành,1
17141.0,417,4,727.58,1,Khách hàng có nguy cơ rời bỏ,1
17142.0,238,4,1275.25,0,Khách hàng trung thành,0
17143.0,416,2,880.97,1,Khách hàng có nguy cơ rời bỏ,1
17144.0,0,2,984.57,0,Khách hàng trung thành,0
17145.0,512,4,3120.91,1,Khách hàng có nguy cơ rời bỏ,1
17146.0,105,13,5852.64,2,Khách VIP,2
17147.0,22,9,3199.95,2,Khách VIP,2
17148.0,51,1,124.88,0,Khách hàng trung thành,0
17149.0,450,1,143.10000000000002,1,Khách hàng có nguy cơ rời bỏ,1
17150.0,376,6,1357.95,1,Khách hàng có nguy cơ rời bỏ,1
17151.0,734,1,231.90000000000003,1,Khách hàng có nguy cơ rời bỏ,1
17152.0,194,4,2016.5,0,Khách hàng trung thành,0
17153.0,23,1,213.78,0,Khách hàng trung thành,0
17154.0,74,1,329.34,0,Khách hàng trung thành,0
17155.0,17,7,892.46,0,Khách hàng trung thành,0
17156.0,491,1,591.87,1,Khách hàng có nguy cơ rời bỏ,1
17157.0,7,19,5151.9,2,Khách VIP,2
17158.0,31,5,1980.0,0,Khách hàng trung thành,0
17159.0,21,5,2099.59,0,Khách hàng trung thành,2
17160.0,30,17,10209.16,2,Khách VIP,2
17161.0,443,1,856.01,1,Khách hàng có nguy cơ rời bỏ,1
17162.0,28,10,1715.46,2,Khách VIP,2
17163.0,21,4,699.78,0,Khách hàng trung thành,0
17164.0,32,7,2467.35,2,Khách VIP,2
17165.0,283,6,1794.32,0,Khách hàng trung thành,0
17166.0,38,2,206.34,0,Khách hàng trung thành,0
17167.0,379,3,867.11,1,Khách hàng có nguy cơ rời bỏ,1
17168.0,498,1,400.2,1,Khách hàng có nguy cơ rời bỏ,1
17169.0,57,3,1156.73,0,Khách hàng trung thành,0
17170.0,373,2,178.68,1,Khách hàng có nguy cơ rời bỏ,1
17171.0,288,2,384.59,1,Khách hàng có nguy cơ rời bỏ,1
17172.0,78,3,956.57,0,Khách hàng trung thành,0
17173.0,4,8,3766.6,2,Khách VIP,2
17174.0,217,1,59.9,1,Khách hàng có nguy cơ rời bỏ,1
17175.0,43,4,1443.69,0,Khách hàng trung thành,0
17176.0,201,3,902.32,0,Khách hàng trung thành,0
17177.0,504,1,119.5,1,Khách hàng có nguy cơ rời bỏ,1
17178.0,730,1,432.96,1,Khách hàng có nguy cơ rời bỏ,1
17179.0,177,6,1507.26,0,Khách hàng trung thành,0
17180.0,55,11,2236.77,2,Khách VIP,2
17181.0,56,3,309.85,0,Khách hàng trung thành,0
17182.0,422,2,321.3,1,Khách hàng có nguy cơ rời bỏ,1
17183.0,7,6,3347.31,2,Khách VIP,2
17184.0,568,2,198.41000000000005,1,Khách hàng có nguy cơ rời bỏ,1
17185.0,591,3,229.46,1,Khách hàng có nguy cơ rời bỏ,1
17186.0,46,2,144.0,0,Khách hàng trung thành,0
17187.0,226,2,467.71,0,Khách hàng trung thành,0
17188.0,10,13,4592.93,2,Khách VIP,2
17189.0,105,5,953.63,0,Khách hàng trung thành,0
17190.0,58,7,1724.73,2,Khách VIP,2
17191.0,27,15,4310.34,2,Khách VIP,2
17192.0,535,1,75.28,1,Khách hàng có nguy cơ rời bỏ,1
17193.0,35,9,2310.04,2,Khách VIP,2
17194.0,360,2,776.66,1,Khách hàng có nguy cơ rời bỏ,1
17195.0,654,1,562.98,1,Khách hàng có nguy cơ rời bỏ,1
17196.0,427,1,327.75,1,Khách hàng có nguy cơ rời bỏ,1
17197.0,29,1,1013.01,0,Khách hàng trung thành,0
17198.0,23,3,692.22,0,Khách hàng trung thành,0
17199.0,581,1,135.04000000000002,1,Khách hàng có nguy cơ rời bỏ,1
17200.0,386,4,356.71,1,Khách hàng có nguy cơ rời bỏ,1
17201.0,53,4,1132.6,0,Khách hàng trung thành,0
17202.0,420,1,160.65,1,Khách hàng có nguy cơ rời bỏ,1
17203.0,35,10,5564.09,2,Khách VIP,2
17204.0,174,9,5504.6900000000005,2,Khách VIP,2
17205.0,53,3,999.35,0,Khách hàng trung thành,0
17206.0,52,1,204.24,0,Khách hàng trung thành,0
17207.0,651,1,291.77,1,Khách hàng có nguy cơ rời bỏ,1
17208.0,395,1,111.15,1,Khách hàng có nguy cơ rời bỏ,1
17209.0,648,3,595.7,1,Khách hàng có nguy cơ rời bỏ,1
17210.0,392,1,251.72,1,Khách hàng có nguy cơ rời bỏ,1
17211.0,26,13,3773.35,2,Khách VIP,2
17212.0,252,3,794.41,0,Khách hàng trung thành,0
17213.0,39,13,4869.400000000001,2,Khách VIP,2
17214.0,59,6,1059.12,0,Khách hàng trung thành,0
17215.0,463,1,186.15,1,Khách hàng có nguy cơ rời bỏ,1
17216.0,553,1,63.6,1,Khách hàng có nguy cơ rời bỏ,1
17217.0,233,2,210.1,0,Khách hàng trung thành,1
17218.0,3,18,3889.39,2,Khách VIP,2
17219.0,31,2,259.13,0,Khách hàng trung thành,0
17220.0,23,21,4451.41,2,Khách VIP,2
17221.0,6,5,976.62,0,Khách hàng trung thành,0
17222.0,64,6,1563.61,0,Khách hàng trung thành,0
17223.0,309,3,523.04,1,Khách hàng có nguy cơ rời bỏ,1
17224.0,500,1,100.86,1,Khách hàng có nguy cơ rời bỏ,1
17225.0,581,1,131.15,1,Khách hàng có nguy cơ rời bỏ,1
17226.0,308,3,895.47,0,Khách hàng trung thành,1
17227.0,18,12,1878.93,2,Khách VIP,2
17228.0,15,13,2820.03,2,Khách VIP,2
17229.0,95,2,318.76,0,Khách hàng trung thành,0
17230.0,263,18,9388.49,2,Khách VIP,2
17231.0,11,25,7064.8,2,Khách VIP,2
17232.0,2,2,417.77,0,Khách hàng trung thành,0
17233.0,34,3,560.86,0,Khách hàng trung thành,0
17234.0,182,1,149.89,0,Khách hàng trung thành,0
17235.0,24,8,1562.98,2,Khách VIP,2
17236.0,12,12,1929.26,2,Khách VIP,2
17237.0,10,4,994.13,0,Khách hàng trung thành,0
17238.0,2,32,7331.17,2,Khách VIP,2
17239.0,312,4,1189.45,0,Khách hàng trung thành,0
17240.0,595,1,130.6,1,Khách hàng có nguy cơ rời bỏ,1
17241.0,384,12,2736.64,2,Khách VIP,2
17242.0,107,5,2889.28,2,Khách VIP,2
17243.0,0,69,20184.68,2,Khách VIP,2
17244.0,52,5,1826.04,0,Khách hàng trung thành,0
17245.0,204,2,371.63,0,Khách hàng trung thành,0
17246.0,546,2,38.92,1,Khách hàng có nguy cơ rời bỏ,1
17247.0,14,1,280.09000000000003,0,Khách hàng trung thành,0
17248.0,119,2,500.54,0,Khách hàng trung thành,0
17249.0,428,1,68.03,1,Khách hàng có nguy cơ rời bỏ,1
17250.0,3,2,381.97,0,Khách hàng trung thành,0
17251.0,362,3,798.98,1,Khách hàng có nguy cơ rời bỏ,1
17252.0,116,2,348.91,0,Khách hàng trung thành,0
17253.0,17,1,178.26,0,Khách hàng trung thành,0
17254.0,4,3,469.48,0,Khách hàng trung thành,0
17255.0,40,4,781.7,0,Khách hàng trung thành,0
17256.0,106,5,498.93,0,Khách hàng trung thành,0
17257.0,435,2,189.78,1,Khách hàng có nguy cơ rời bỏ,1
17258.0,396,2,417.3,1,Khách hàng có nguy cơ rời bỏ,1
17259.0,147,6,1452.39,0,Khách hàng trung thành,0
17260.0,410,1,120.95,1,Khách hàng có nguy cơ rời bỏ,1
17261.0,509,1,221.59,1,Khách hàng có nguy cơ rời bỏ,1
17262.0,51,11,2488.76,2,Khách VIP,2
17263.0,207,1,63.440000000000005,1,Khách hàng có nguy cơ rời bỏ,1
17264.0,423,1,268.28,1,Khách hàng có nguy cơ rời bỏ,1
17265.0,138,2,550.01,0,Khách hàng trung thành,0
17266.0,1,5,501.72,0,Khách hàng trung thành,0
17267.0,126,2,317.2,0,Khách hàng trung thành,0
17268.0,107,11,1733.89,2,Khách VIP,2
17269.0,385,1,491.81,1,Khách hàng có nguy cơ rời bỏ,1
17270.0,468,2,601.4499999999999,1,Khách hàng có nguy cơ rời bỏ,1
17271.0,735,1,204.3,1,Khách hàng có nguy cơ rời bỏ,1
17272.0,41,4,2148.63,0,Khách hàng trung thành,0
17273.0,423,1,141.12,1,Khách hàng có nguy cơ rời bỏ,1
17274.0,34,2,573.22,0,Khách hàng trung thành,0
17275.0,382,1,114.1,1,Khách hàng có nguy cơ rời bỏ,1
17276.0,401,1,501.24,1,Khách hàng có nguy cơ rời bỏ,1
17277.0,227,2,1065.35,0,Khách hàng trung thành,0
17278.0,240,2,271.24,0,Khách hàng trung thành,0
17279.0,57,1,187.83,0,Khách hàng trung thành,0
17280.0,437,1,118.86,1,Khách hàng có nguy cơ rời bỏ,1
17281.0,373,6,797.8499999999999,1,Khách hàng có nguy cơ rời bỏ,1
17282.0,129,5,2308.54,2,Khách VIP,2
17283.0,378,1,188.46,1,Khách hàng có nguy cơ rời bỏ,1
17284.0,59,7,2558.6,2,Khách VIP,2
17285.0,627,2,400.44,1,Khách hàng có nguy cơ rời bỏ,1
17286.0,21,3,389.18,0,Khách hàng trung thành,0
17287.0,25,21,3826.86,2,Khách VIP,2
17288.0,8,11,2468.43,2,Khách VIP,2
17289.0,31,9,2041.8,2,Khách VIP,2
17290.0,3,8,1427.48,2,Khách VIP,2
17291.0,307,1,550.8000000000001,1,Khách hàng có nguy cơ rời bỏ,1
17292.0,471,2,271.75,1,Khách hàng có nguy cơ rời bỏ,1
17293.0,7,17,3750.63,2,Khách VIP,2
17294.0,668,2,467.79,1,Khách hàng có nguy cơ rời bỏ,1
17295.0,28,3,547.0,0,Khách hàng trung thành,0
17296.0,729,1,338.13,1,Khách hàng có nguy cơ rời bỏ,1
17297.0,16,1,128.18,0,Khách hàng trung thành,0
17298.0,100,5,938.36,0,Khách hàng trung thành,0
17299.0,11,6,993.23,0,Khách hàng trung thành,0
17300.0,390,2,393.64,1,Khách hàng có nguy cơ rời bỏ,1
17301.0,20,2,294.39,0,Khách hàng trung thành,0
17302.0,14,5,1135.63,0,Khách hàng trung thành,0
17303.0,360,1,250.04,1,Khách hàng có nguy cơ rời bỏ,1
17304.0,533,1,111.5,1,Khách hàng có nguy cơ rời bỏ,1
17305.0,648,1,2135.46,1,Khách hàng có nguy cơ rời bỏ,1
17306.0,10,21,9782.35,2,Khách VIP,2
17307.0,394,11,3999.89,2,Khách VIP,2
17308.0,392,2,4511.76,1,Khách hàng có nguy cơ rời bỏ,1
17309.0,94,3,320.39,0,Khách hàng trung thành,0
17310.0,386,2,1025.1,1,Khách hàng có nguy cơ rời bỏ,1
17311.0,77,6,3566.56,2,Khách VIP,2
17312.0,138,3,644.3,0,Khách hàng trung thành,0
17313.0,30,1,2328.84,0,Khách hàng trung thành,0
17314.0,24,17,4904.43,2,Khách VIP,2
17315.0,1,41,9559.5,2,Khách VIP,2
17316.0,419,1,124.45,1,Khách hàng có nguy cơ rời bỏ,1
17317.0,45,3,2600.34,0,Khách hàng trung thành,0
17318.0,724,1,157.32999999999998,1,Khách hàng có nguy cơ rời bỏ,1
17319.0,668,1,29.1,1,Khách hàng có nguy cơ rời bỏ,1
17320.0,99,6,2444.85,2,Khách VIP,2
17321.0,7,6,1665.21,2,Khách VIP,2
17322.0,375,5,922.59,1,Khách hàng có nguy cơ rời bỏ,1
17323.0,14,12,1547.64,2,Khách VIP,2
17324.0,17,12,2171.07,2,Khách VIP,2
17325.0,279,3,609.5699999999999,0,Khách hàng trung thành,0
17326.0,407,2,312.35,1,Khách hàng có nguy cơ rời bỏ,1
17327.0,409,2,152.35,1,Khách hàng có nguy cơ rời bỏ,1
17328.0,672,1,104.7,1,Khách hàng có nguy cơ rời bỏ,1
17329.0,13,5,998.53,0,Khách hàng trung thành,0
17330.0,22,4,423.8,0,Khách hàng trung thành,0
17331.0,123,1,175.2,0,Khách hàng trung thành,0
17332.0,527,5,827.77,1,Khách hàng có nguy cơ rời bỏ,1
17333.0,85,1,494.25,0,Khách hàng trung thành,0
17334.0,301,3,635.15,0,Khách hàng trung thành,1
17335.0,383,2,497.04,1,Khách hàng có nguy cơ rời bỏ,1
17336.0,471,1,81.12,1,Khách hàng có nguy cơ rời bỏ,1
17337.0,150,4,1979.61,0,Khách hàng trung thành,0
17338.0,16,17,11880.54,2,Khách VIP,2
17339.0,93,3,302.36,0,Khách hàng trung thành,0
17340.0,29,18,19617.95,2,Khách VIP,2
17341.0,156,5,1272.21,0,Khách hàng trung thành,0
17342.0,379,4,1227.54,1,Khách hàng có nguy cơ rời bỏ,1
17343.0,354,6,1259.94,0,Khách hàng trung thành,1
17344.0,45,2,457.36,0,Khách hàng trung thành,0
17345.0,14,10,1586.63,2,Khách VIP,2
17346.0,3,26,4991.41,2,Khách VIP,2
17347.0,85,1,228.96,0,Khách hàng trung thành,0
17348.0,14,9,2430.99,2,Khách VIP,2
17349.0,178,5,772.41,0,Khách hàng trung thành,0
17350.0,7,7,1893.7,2,Khách VIP,2
17351.0,35,12,1964.38,2,Khách VIP,2
17352.0,695,1,36.25,1,Khách hàng có nguy cơ rời bỏ,1
17353.0,128,4,3242.0,2,Khách VIP,2
17354.0,50,4,3133.96,2,Khách VIP,2
17355.0,385,1,273.31,1,Khách hàng có nguy cơ rời bỏ,1
17356.0,311,5,946.47,0,Khách hàng trung thành,0
17357.0,23,2,384.39,0,Khách hàng trung thành,0
17358.0,302,5,861.01,0,Khách hàng trung thành,0
17359.0,10,2,284.46,0,Khách hàng trung thành,0
17360.0,16,6,1200.51,0,Khách hàng trung thành,0
17361.0,48,5,871.79,0,Khách hàng trung thành,0
17362.0,238,7,1024.04,0,Khách hàng trung thành,0
17363.0,394,3,920.46,1,Khách hàng có nguy cơ rời bỏ,1
17364.0,0,28,11972.92,2,Khách VIP,2
17365.0,12,15,8179.45,2,Khách VIP,2
17366.0,431,2,1077.24,1,Khách hàng có nguy cơ rời bỏ,1
17367.0,237,1,167.55,1,Khách hàng có nguy cơ rời bỏ,1
17368.0,22,14,2758.29,2,Khách VIP,2
17369.0,455,1,979.2,1,Khách hàng có nguy cơ rời bỏ,1
17370.0,72,4,446.18,0,Khách hàng trung thành,0
17371.0,16,6,651.37,0,Khách hàng trung thành,0
17372.0,40,27,4316.46,2,Khách VIP,2
17373.0,39,7,1167.5,0,Khách hàng trung thành,0
17374.0,218,3,727.11,0,Khách hàng trung thành,0
17375.0,198,4,660.55,0,Khách hàng trung thành,0
17376.0,70,4,453.64,0,Khách hàng trung thành,0
17377.0,23,78,17639.23,2,Khách VIP,2
17378.0,373,1,10.95,1,Khách hàng có nguy cơ rời bỏ,1
17379.0,10,1,389.72,0,Khách hàng trung thành,0
17380.0,433,3,645.0,1,Khách hàng có nguy cơ rời bỏ,1
17381.0,8,38,36398.65,2,Khách VIP,2
17382.0,64,8,902.28,0,Khách hàng trung thành,0
17383.0,3,2,304.09,0,Khách hàng trung thành,0
17384.0,18,3,507.55,0,Khách hàng trung thành,0
17385.0,14,1,256.11,0,Khách hàng trung thành,0
17386.0,7,7,2812.77,2,Khách VIP,2
17387.0,19,2,746.81,0,Khách hàng trung thành,0
17388.0,77,11,2675.37,2,Khách VIP,2
17389.0,0,61,57215.33,2,Khách VIP,2
17390.0,420,1,149.3,1,Khách hàng có nguy cơ rời bỏ,1
17391.0,163,2,508.8,0,Khách hàng trung thành,0
17392.0,306,3,579.92,1,Khách hàng có nguy cơ rời bỏ,1
17393.0,410,2,381.15,1,Khách hàng có nguy cơ rời bỏ,1
17394.0,218,1,203.87,0,Khách hàng trung thành,1
17395.0,507,1,97.5,1,Khách hàng có nguy cơ rời bỏ,1
17396.0,38,13,8391.6,2,Khách VIP,2
17397.0,21,3,1198.28,0,Khách hàng trung thành,0
17398.0,114,3,653.38,0,Khách hàng trung thành,0
17400.0,125,8,4623.28,2,Khách VIP,2
17401.0,540,1,114.85,1,Khách hàng có nguy cơ rời bỏ,1
17402.0,4,22,4600.56,2,Khách VIP,2
17403.0,35,2,382.87,0,Khách hàng trung thành,0
17404.0,3,21,47638.12,2,Khách VIP,2
17405.0,0,3,1031.41,0,Khách hàng trung thành,0
17406.0,332,13,4186.95,2,Khách VIP,2
17407.0,411,1,552.9,1,Khách hàng có nguy cơ rời bỏ,1
17408.0,162,3,316.09000000000003,0,Khách hàng trung thành,0
17409.0,184,10,7793.51,2,Khách VIP,2
17410.0,15,5,1214.72,0,Khách hàng trung thành,0
17411.0,11,5,1425.38,0,Khách hàng trung thành,0
17412.0,2,16,4220.22,2,Khách VIP,2
17413.0,404,2,560.14,1,Khách hàng có nguy cơ rời bỏ,1
17414.0,43,6,2249.52,2,Khách VIP,2
17415.0,79,1,507.84,0,Khách hàng trung thành,0
17416.0,29,22,17298.45,2,Khách VIP,2
17417.0,548,1,164.18,1,Khách hàng có nguy cơ rời bỏ,1
17418.0,41,3,670.0600000000001,0,Khách hàng trung thành,0
17419.0,10,18,6126.25,2,Khách VIP,2
17420.0,49,6,953.58,0,Khách hàng trung thành,0
17421.0,385,3,1059.41,1,Khách hàng có nguy cơ rời bỏ,1
17422.0,15,11,3594.76,2,Khách VIP,2
17423.0,45,3,1118.95,0,Khách hàng trung thành,0
17425.0,18,2,759.17,0,Khách hàng trung thành,0
17426.0,7,13,8077.77,2,Khách VIP,2
17427.0,71,1,100.8,0,Khách hàng trung thành,0
17428.0,0,45,31466.76,2,Khách VIP,2
17429.0,127,5,1357.46,0,Khách hàng trung thành,0
17430.0,32,4,622.57,0,Khách hàng trung thành,0
17431.0,312,1,403.3,1,Khách hàng có nguy cơ rời bỏ,1
17432.0,17,9,1728.99,2,Khách VIP,2
17433.0,87,2,569.96,0,Khách hàng trung thành,0
17434.0,1,7,2373.82,2,Khách VIP,2
17435.0,410,1,331.35,1,Khách hàng có nguy cơ rời bỏ,1
17436.0,1,5,534.06,0,Khách hàng trung thành,0
17437.0,529,1,369.68,1,Khách hàng có nguy cơ rời bỏ,1
17438.0,253,5,1422.77,0,Khách hàng trung thành,0
17439.0,655,1,325.74,1,Khách hàng có nguy cơ rời bỏ,1
17440.0,156,4,323.58,0,Khách hàng trung thành,0
17441.0,731,1,293.35,1,Khách hàng có nguy cơ rời bỏ,1
17442.0,36,15,4620.3,2,Khách VIP,2
17443.0,219,1,534.24,0,Khách hàng trung thành,0
17444.0,151,2,2389.1,0,Khách hàng trung thành,0
17446.0,176,2,120.9,0,Khách hàng trung thành,0
17447.0,39,2,541.53,0,Khách hàng trung thành,0
17448.0,528,41,14448.67,2,Khách VIP,2
17449.0,1,13,4865.15,2,Khách VIP,2
17450.0,7,51,244784.25,2,Khách VIP,2
17451.0,0,7,1721.4,2,Khách VIP,2
17453.0,17,2,486.72,0,Khách hàng trung thành,0
17454.0,191,10,1547.94,2,Khách VIP,2
17455.0,203,1,131.7,0,Khách hàng trung thành,1
17456.0,364,2,975.56,1,Khách hàng có nguy cơ rời bỏ,1
17457.0,126,14,5984.81,2,Khách VIP,2
17458.0,14,2,529.58,0,Khách hàng trung thành,0
17459.0,42,2,657.3,0,Khách hàng trung thành,0
17460.0,93,16,2157.9700000000003,2,Khách VIP,2
17461.0,22,3,735.82,0,Khách hàng trung thành,0
17462.0,59,2,675.69,0,Khách hàng trung thành,0
17463.0,15,7,2535.26,2,Khách VIP,2
17464.0,157,3,907.14,0,Khách hàng trung thành,0
17465.0,425,7,2542.79,2,Khách VIP,1
17466.0,9,2,763.28,0,Khách hàng trung thành,0
17467.0,394,1,102.6,1,Khách hàng có nguy cơ rời bỏ,1
17468.0,9,3,194.8,0,Khách hàng trung thành,0
17469.0,15,17,5051.25,2,Khách VIP,2
17470.0,44,11,2626.47,2,Khách VIP,2
17471.0,474,1,321.65000000000003,1,Khách hàng có nguy cơ rời bỏ,1
17472.0,190,4,922.35,0,Khách hàng trung thành,0
17473.0,408,2,607.0,1,Khách hàng có nguy cơ rời bỏ,1
17474.0,599,1,1047.0,1,Khách hàng có nguy cơ rời bỏ,1
17475.0,78,1,194.37,0,Khách hàng trung thành,0
17476.0,395,2,489.86,1,Khách hàng có nguy cơ rời bỏ,1
17477.0,612,2,1144.3,1,Khách hàng có nguy cơ rời bỏ,1
17478.0,407,2,1272.8,1,Khách hàng có nguy cơ rời bỏ,1
17479.0,632,1,389.2600000000001,1,Khách hàng có nguy cơ rời bỏ,1
17480.0,77,2,882.23,0,Khách hàng trung thành,0
17481.0,3,4,1255.59,0,Khách hàng trung thành,0
17482.0,486,2,775.64,1,Khách hàng có nguy cơ rời bỏ,1
17483.0,64,4,591.73,0,Khách hàng trung thành,0
17484.0,575,2,209.57,1,Khách hàng có nguy cơ rời bỏ,1
17486.0,260,1,396.87,1,Khách hàng có nguy cơ rời bỏ,1
17487.0,727,1,160.55,1,Khách hàng có nguy cơ rời bỏ,1
17488.0,640,1,336.5,1,Khách hàng có nguy cơ rời bỏ,1
17489.0,58,2,376.64,0,Khách hàng trung thành,0
17490.0,0,9,2750.5,2,Khách VIP,2
17491.0,0,17,5653.67,2,Khách VIP,2
17492.0,247,3,1122.42,0,Khách hàng trung thành,0
17493.0,384,1,100.91,1,Khách hàng có nguy cơ rời bỏ,1
17494.0,501,1,54.7,1,Khách hàng có nguy cơ rời bỏ,1
17495.0,7,3,806.72,0,Khách hàng trung thành,0
17496.0,358,4,1412.89,1,Khách hàng có nguy cơ rời bỏ,1
17497.0,389,2,287.25,1,Khách hàng có nguy cơ rời bỏ,1
17498.0,75,1,272.22,0,Khách hàng trung thành,0
17499.0,289,2,1341.39,0,Khách hàng trung thành,0
17500.0,16,3,1138.0,0,Khách hàng trung thành,0
17501.0,220,2,288.6,0,Khách hàng trung thành,0
17502.0,8,4,689.1,0,Khách hàng trung thành,0
17503.0,2,2,558.96,0,Khách hàng trung thành,0
17504.0,205,18,9490.17,2,Khách VIP,2
17505.0,161,5,2435.48,2,Khách VIP,2
17506.0,75,1,302.2,0,Khách hàng trung thành,0
17507.0,261,2,605.58,0,Khách hàng trung thành,0
17508.0,280,8,4579.23,2,Khách VIP,2
17509.0,57,8,6083.64,2,Khách VIP,2
17510.0,24,2,514.56,0,Khách hàng trung thành,0
17511.0,2,60,172132.87,2,Khách VIP,2
17512.0,28,18,5467.820000000001,2,Khách VIP,2
17513.0,71,3,1158.8,0,Khách hàng trung thành,0
17514.0,127,2,522.0,0,Khách hàng trung thành,0
17515.0,30,9,1602.51,2,Khách VIP,2
17516.0,14,6,947.5,0,Khách hàng trung thành,0
17517.0,308,1,153.94,1,Khách hàng có nguy cơ rời bỏ,1
17518.0,425,2,329.42,1,Khách hàng có nguy cơ rời bỏ,1
17519.0,16,15,4774.17,2,Khách VIP,2
17520.0,53,1,546.81,0,Khách hàng trung thành,0
17521.0,29,5,1278.06,0,Khách hàng trung thành,0
17522.0,1,5,1066.15,0,Khách hàng trung thành,0
17523.0,10,4,652.74,0,Khách hàng trung thành,0
17524.0,360,3,539.14,1,Khách hàng có nguy cơ rời bỏ,1
17525.0,359,3,1161.9,1,Khách hàng có nguy cơ rời bỏ,1
17526.0,4,12,3939.24,2,Khách VIP,2
17527.0,53,4,939.37,0,Khách hàng trung thành,0
17528.0,0,8,3628.5,2,Khách VIP,2
17529.0,609,2,1240.25,1,Khách hàng có nguy cơ rời bỏ,1
17530.0,0,12,2787.1,2,Khách VIP,2
17531.0,189,3,1266.82,0,Khách hàng trung thành,0
17532.0,385,1,65.34,1,Khách hàng có nguy cơ rời bỏ,1
17533.0,434,1,34.8,1,Khách hàng có nguy cơ rời bỏ,1
17534.0,53,5,1668.83,0,Khách hàng trung thành,0
17535.0,279,1,164.4,1,Khách hàng có nguy cơ rời bỏ,1
17536.0,176,3,364.83,0,Khách hàng trung thành,0
17537.0,29,2,887.67,0,Khách hàng trung thành,0
17538.0,25,1,98.42,0,Khách hàng trung thành,0
17539.0,627,3,1161.84,1,Khách hàng có nguy cơ rời bỏ,1
17540.0,24,6,1590.6,2,Khách VIP,2
17541.0,509,1,119.86,1,Khách hàng có nguy cơ rời bỏ,1
17542.0,269,3,340.85,0,Khách hàng trung thành,1
17543.0,549,1,120.05,1,Khách hàng có nguy cơ rời bỏ,1
17544.0,389,3,944.82,1,Khách hàng có nguy cơ rời bỏ,1
17545.0,42,6,1409.86,0,Khách hàng trung thành,0
17547.0,375,2,727.85,1,Khách hàng có nguy cơ rời bỏ,1
17548.0,233,4,731.26,0,Khách hàng trung thành,0
17549.0,23,2,148.86,0,Khách hàng trung thành,0
17550.0,196,9,2506.64,2,Khách VIP,2
17551.0,358,1,290.34,1,Khách hàng có nguy cơ rời bỏ,1
17552.0,59,12,2786.77,2,Khách VIP,2
17553.0,129,4,3757.6,2,Khách VIP,2
17554.0,0,5,1952.45,0,Khách hàng trung thành,0
17555.0,19,5,1045.74,0,Khách hàng trung thành,0
17556.0,205,2,300.67,0,Khách hàng trung thành,0
17557.0,13,4,575.46,0,Khách hàng trung thành,0
17558.0,392,1,259.17,1,Khách hàng có nguy cơ rời bỏ,1
17559.0,512,1,167.62,1,Khách hàng có nguy cơ rời bỏ,1
17560.0,94,9,1895.8,2,Khách VIP,2
17561.0,18,4,703.02,0,Khách hàng trung thành,0
17562.0,13,7,1122.38,0,Khách hàng trung thành,0
17563.0,577,2,392.38,1,Khách hàng có nguy cơ rời bỏ,1
17564.0,23,3,454.01,0,Khách hàng trung thành,0
17565.0,586,1,131.83,1,Khách hàng có nguy cơ rời bỏ,1
17566.0,7,2,869.77,0,Khách hàng trung thành,0
17567.0,6,9,4838.08,2,Khách VIP,2
17568.0,632,1,374.45,1,Khách hàng có nguy cơ rời bỏ,1
17569.0,331,1,344.14,1,Khách hàng có nguy cơ rời bỏ,1
17571.0,49,5,1629.66,0,Khách hàng trung thành,0
17572.0,70,10,652.21,0,Khách hàng trung thành,0
17573.0,28,3,380.6,0,Khách hàng trung thành,0
17574.0,242,1,185.65,1,Khách hàng có nguy cơ rời bỏ,1
17575.0,666,1,171.7,1,Khách hàng có nguy cơ rời bỏ,1
17576.0,7,41,8705.6,2,Khách VIP,2
17577.0,644,2,348.75,1,Khách hàng có nguy cơ rời bỏ,1
17578.0,217,7,1047.33,0,Khách hàng trung thành,0
17579.0,4,4,753.28,0,Khách hàng trung thành,0
17580.0,252,5,538.07,0,Khách hàng trung thành,0
17581.0,0,43,17951.17,2,Khách VIP,2
17582.0,235,5,1446.95,0,Khách hàng trung thành,0
17583.0,559,1,135.95,1,Khách hàng có nguy cơ rời bỏ,1
17584.0,6,6,5309.42,2,Khách VIP,2
17585.0,108,7,2064.71,2,Khách VIP,2
17586.0,618,1,167.4,1,Khách hàng có nguy cơ rời bỏ,1
17587.0,627,1,173.76,1,Khách hàng có nguy cơ rời bỏ,1
17588.0,99,7,2939.55,2,Khách VIP,2
17589.0,59,18,13806.27,2,Khách VIP,2
17590.0,1,3,1466.77,0,Khách hàng trung thành,0
17591.0,72,8,2339.32,2,Khách VIP,2
17592.0,738,1,148.3,1,Khách hàng có nguy cơ rời bỏ,1
17593.0,3,11,8092.32,2,Khách VIP,2
17594.0,84,4,2497.88,0,Khách hàng trung thành,0
17595.0,11,2,386.69,0,Khách hàng trung thành,0
17596.0,22,13,4491.46,2,Khách VIP,2
17597.0,213,5,3484.09,2,Khách VIP,2
17598.0,380,1,409.98,1,Khách hàng có nguy cơ rời bỏ,1
17599.0,477,1,52.05,1,Khách hàng có nguy cơ rời bỏ,1
17600.0,17,1,161.67000000000002,0,Khách hàng trung thành,0
17601.0,238,2,412.66,0,Khách hàng trung thành,0
17602.0,1,14,7354.43,2,Khách VIP,2
17603.0,77,4,1788.38,0,Khách hàng trung thành,0
17604.0,216,6,942.38,0,Khách hàng trung thành,0
17605.0,589,1,160.75,1,Khách hàng có nguy cơ rời bỏ,1
17606.0,736,1,87.30000000000001,1,Khách hàng có nguy cơ rời bỏ,1
17607.0,375,1,333.81,1,Khách hàng có nguy cơ rời bỏ,1
17608.0,32,4,488.06,0,Khách hàng trung thành,0
17609.0,40,11,1875.36,2,Khách VIP,2
17610.0,539,5,1511.94,1,Khách hàng có nguy cơ rời bỏ,1
17611.0,6,28,8287.53,2,Khách VIP,2
17612.0,52,18,5394.86,2,Khách VIP,2
17613.0,22,14,4544.55,2,Khách VIP,2
17614.0,56,1,386.32,0,Khách hàng trung thành,0
17615.0,129,6,721.8,0,Khách hàng trung thành,0
17616.0,173,4,734.4,0,Khách hàng trung thành,0
17617.0,558,1,385.19,1,Khách hàng có nguy cơ rời bỏ,1
17618.0,5,11,4001.64,2,Khách VIP,2
17619.0,311,1,214.37,1,Khách hàng có nguy cơ rời bỏ,1
17620.0,59,1,81.44,0,Khách hàng trung thành,0
17621.0,20,6,3175.12,2,Khách VIP,2
17622.0,597,2,1130.21,1,Khách hàng có nguy cơ rời bỏ,1
17623.0,32,7,2365.77,2,Khách VIP,2
17624.0,14,4,1568.63,0,Khách hàng trung thành,0
17625.0,17,8,5978.9,2,Khách VIP,2
17626.0,602,1,254.0,1,Khách hàng có nguy cơ rời bỏ,1
17627.0,478,1,296.36,1,Khách hàng có nguy cơ rời bỏ,1
17628.0,80,1,75.75,0,Khách hàng trung thành,0
17629.0,5,10,2455.52,2,Khách VIP,2
17630.0,169,2,503.6,0,Khách hàng trung thành,0
17631.0,1,7,998.49,0,Khách hàng trung thành,0
17633.0,30,7,2057.39,2,Khách VIP,2
17634.0,35,9,2358.59,2,Khách VIP,2
17635.0,423,3,1265.58,1,Khách hàng có nguy cơ rời bỏ,1
17636.0,18,1,285.56,0,Khách hàng trung thành,0
17637.0,30,2,547.0600000000001,0,Khách hàng trung thành,0
17638.0,646,2,842.4,1,Khách hàng có nguy cơ rời bỏ,1
17639.0,275,6,615.17,0,Khách hàng trung thành,0
17640.0,86,6,3168.94,2,Khách VIP,2
17642.0,119,5,1824.49,0,Khách hàng trung thành,0
17643.0,372,2,439.7,1,Khách hàng có nguy cơ rời bỏ,1
17644.0,0,20,6028.6,2,Khách VIP,2
17646.0,218,12,3898.79,2,Khách VIP,2
17647.0,64,3,331.66,0,Khách hàng trung thành,0
17648.0,60,5,2216.37,2,Khách VIP,2
17649.0,137,3,1578.89,0,Khách hàng trung thành,0
17650.0,20,1,166.08,0,Khách hàng trung thành,0
17651.0,11,16,5703.52,2,Khách VIP,2
17652.0,24,12,4867.72,2,Khách VIP,2
17653.0,36,4,1207.56,0,Khách hàng trung thành,0
17654.0,276,1,117.55,1,Khách hàng có nguy cơ rời bỏ,1
17655.0,10,9,2976.38,2,Khách VIP,2
17656.0,72,5,1674.69,0,Khách hàng trung thành,0
17657.0,429,1,126.0,1,Khách hàng có nguy cơ rời bỏ,1
17658.0,25,2,595.42,0,Khách hàng trung thành,0
17659.0,16,14,3586.99,2,Khách VIP,2
17660.0,140,2,342.22,0,Khách hàng trung thành,0
17662.0,661,2,412.92,1,Khách hàng có nguy cơ rời bỏ,1
17663.0,25,17,5175.83,2,Khách VIP,2
17664.0,18,4,1166.23,0,Khách hàng trung thành,0
17665.0,492,1,563.1,1,Khách hàng có nguy cơ rời bỏ,1
17666.0,3,5,2047.8,0,Khách hàng trung thành,2
17667.0,65,9,3950.7,2,Khách VIP,2
17668.0,0,2,347.75,0,Khách hàng trung thành,0
17669.0,42,10,6142.35,2,Khách VIP,2
17670.0,227,1,205.7,1,Khách hàng có nguy cơ rời bỏ,1
17671.0,15,5,2009.16,0,Khách hàng trung thành,0
17672.0,49,6,5663.74,2,Khách VIP,2
17673.0,1,13,4173.88,2,Khách VIP,2
17674.0,73,2,551.04,0,Khách hàng trung thành,0
17675.0,0,70,37642.48,2,Khách VIP,2
17676.0,3,10,2448.64,2,Khách VIP,2
17677.0,1,54,35058.46,2,Khách VIP,2
17678.0,263,2,599.76,0,Khách hàng trung thành,0
17679.0,52,7,3577.61,2,Khách VIP,2
17680.0,23,3,497.45,0,Khách hàng trung thành,0
17681.0,596,5,731.2,1,Khách hàng có nguy cơ rời bỏ,1
17682.0,9,11,4065.28,2,Khách VIP,2
17683.0,385,3,819.01,1,Khách hàng có nguy cơ rời bỏ,1
17684.0,43,1,239.41,0,Khách hàng trung thành,0
17685.0,16,12,5454.95,2,Khách VIP,2
17686.0,6,9,8296.81,2,Khách VIP,2
17687.0,420,1,432.68,1,Khách hàng có nguy cơ rời bỏ,1
17688.0,393,1,304.2,1,Khách hàng có nguy cơ rời bỏ,1
17689.0,387,2,317.08,1,Khách hàng có nguy cơ rời bỏ,1
17690.0,29,20,6963.8,2,Khách VIP,2
17691.0,357,4,637.5500000000001,1,Khách hàng có nguy cơ rời bỏ,1
17692.0,126,12,2960.44,2,Khách VIP,2
17693.0,136,1,200.47,0,Khách hàng trung thành,0
17694.0,141,3,1695.97,0,Khách hàng trung thành,0
17695.0,131,5,1746.04,0,Khách hàng trung thành,0
17696.0,37,27,7679.59,2,Khách VIP,2
17697.0,235,1,338.95,0,Khách hàng trung thành,1
17698.0,260,1,154.95,1,Khách hàng có nguy cơ rời bỏ,1
17699.0,476,2,442.0,1,Khách hàng có nguy cơ rời bỏ,1
17700.0,16,14,6679.97,2,Khách VIP,2
17701.0,252,1,417.95,0,Khách hàng trung thành,1
17702.0,29,6,3144.04,2,Khách VIP,2
17703.0,34,4,1094.84,0,Khách hàng trung thành,0
17704.0,168,2,885.19,0,Khách hàng trung thành,0
17705.0,2,11,2083.9,2,Khách VIP,2
17706.0,3,31,20272.15,2,Khách VIP,2
17707.0,184,8,609.3000000000001,0,Khách hàng trung thành,0
17708.0,187,4,884.1800000000001,0,Khách hàng trung thành,0
17709.0,169,5,671.01,0,Khách hàng trung thành,0
17710.0,423,1,293.5,1,Khách hàng có nguy cơ rời bỏ,1
17711.0,10,2,385.1,0,Khách hàng trung thành,0
17712.0,44,1,522.91,0,Khách hàng trung thành,0
17713.0,381,4,1198.09,1,Khách hàng có nguy cơ rời bỏ,1
17714.0,320,5,1410.18,0,Khách hàng trung thành,0
17715.0,200,2,489.6,0,Khách hàng trung thành,0
17716.0,22,24,15956.97,2,Khách VIP,2
17717.0,420,1,376.92,1,Khách hàng có nguy cơ rời bỏ,1
17718.0,231,2,439.18,0,Khách hàng trung thành,0
17719.0,37,15,5396.04,2,Khách VIP,2
17720.0,25,10,2666.91,2,Khách VIP,2
17721.0,658,1,307.21000000000004,1,Khách hàng có nguy cơ rời bỏ,1
17722.0,95,5,3520.2200000000003,2,Khách VIP,2
17723.0,126,7,3378.4000000000005,2,Khách VIP,2
17724.0,70,3,1033.0,0,Khách hàng trung thành,0
17725.0,15,11,3439.08,2,Khách VIP,2
17726.0,394,7,1092.06,1,Khách hàng có nguy cơ rời bỏ,1
17727.0,14,1,1060.25,0,Khách hàng trung thành,0
17728.0,3,5,4238.76,2,Khách VIP,2
17729.0,595,1,438.65,1,Khách hàng có nguy cơ rời bỏ,1
17730.0,2,20,7773.8,2,Khách VIP,2
17731.0,78,6,1708.99,2,Khách VIP,2
17732.0,372,8,2166.42,2,Khách VIP,2
17733.0,38,2,692.19,0,Khách hàng trung thành,0
17734.0,53,6,1442.32,0,Khách hàng trung thành,0
17735.0,1,26,16790.33,2,Khách VIP,2
17736.0,8,3,377.44,0,Khách hàng trung thành,0
17737.0,8,2,168.24,0,Khách hàng trung thành,0
17738.0,18,13,4183.56,2,Khách VIP,2
17739.0,11,18,7730.59,2,Khách VIP,2
17740.0,388,6,426.9,1,Khách hàng có nguy cơ rời bỏ,1
17741.0,406,2,101.1,1,Khách hàng có nguy cơ rời bỏ,1
17742.0,112,11,2098.48,2,Khách VIP,2
17743.0,447,1,229.2,1,Khách hàng có nguy cơ rời bỏ,1
17744.0,3,7,2649.14,2,Khách VIP,2
17745.0,477,2,600.34,1,Khách hàng có nguy cơ rời bỏ,1
17746.0,239,4,904.18,0,Khách hàng trung thành,0
17747.0,112,1,71.4,0,Khách hàng trung thành,0
17748.0,526,1,358.15,1,Khách hàng có nguy cơ rời bỏ,1
17749.0,177,3,1026.18,0,Khách hàng trung thành,0
17750.0,4,9,1694.16,2,Khách VIP,2
17751.0,420,1,157.86,1,Khách hàng có nguy cơ rời bỏ,1
17752.0,358,1,80.64,1,Khách hàng có nguy cơ rời bỏ,1
17753.0,463,4,382.06,1,Khách hàng có nguy cơ rời bỏ,1
17754.0,0,13,4451.22,2,Khách VIP,2
17756.0,375,3,728.75,1,Khách hàng có nguy cơ rời bỏ,1
17757.0,0,56,9070.1,2,Khách VIP,2
17758.0,18,12,4964.03,2,Khách VIP,2
17759.0,16,5,1260.63,0,Khách hàng trung thành,0
17760.0,21,6,746.39,0,Khách hàng trung thành,0
17761.0,32,1,712.78,0,Khách hàng trung thành,0
17762.0,455,1,129.75,1,Khách hàng có nguy cơ rời bỏ,1
17763.0,262,4,86.15,1,Khách hàng có nguy cơ rời bỏ,1
17764.0,50,5,1513.57,0,Khách hàng trung thành,0
17765.0,158,4,524.0,0,Khách hàng trung thành,0
17766.0,380,2,299.61,1,Khách hàng có nguy cơ rời bỏ,1
17767.0,14,2,413.05,0,Khách hàng trung thành,0
17768.0,7,7,3292.73,2,Khách VIP,2
17769.0,12,17,7053.38,2,Khách VIP,2
17770.0,198,5,1143.27,0,Khách hàng trung thành,0
17771.0,56,4,386.93,0,Khách hàng trung thành,0
17772.0,10,3,360.75,0,Khách hàng trung thành,0
17773.0,513,2,575.37,1,Khách hàng có nguy cơ rời bỏ,1
17774.0,96,9,3272.83,2,Khách VIP,2
17775.0,254,1,56.4,1,Khách hàng có nguy cơ rời bỏ,1
17776.0,386,2,329.3,1,Khách hàng có nguy cơ rời bỏ,1
17777.0,24,3,647.56,0,Khách hàng trung thành,0
17778.0,661,1,197.7,1,Khách hàng có nguy cơ rời bỏ,1
17779.0,20,3,650.32,0,Khách hàng trung thành,0
17780.0,666,3,346.56,1,Khách hàng có nguy cơ rời bỏ,1
17781.0,158,2,188.02,0,Khách hàng trung thành,0
17782.0,382,2,679.02,1,Khách hàng có nguy cơ rời bỏ,1
17783.0,71,3,376.96,0,Khách hàng trung thành,0
17784.0,549,1,112.86,1,Khách hàng có nguy cơ rời bỏ,1
17785.0,52,3,403.38,0,Khách hàng trung thành,0
17786.0,84,2,266.85,0,Khách hàng trung thành,0
17787.0,152,4,1817.54,0,Khách hàng trung thành,0
17788.0,73,2,1112.95,0,Khách hàng trung thành,0
17789.0,280,2,397.15,1,Khách hàng có nguy cơ rời bỏ,1
17790.0,26,20,2779.41,2,Khách VIP,2
17791.0,29,1,106.1,0,Khách hàng trung thành,0
17792.0,466,2,368.35,1,Khách hàng có nguy cơ rời bỏ,1
17793.0,24,1,300.34,0,Khách hàng trung thành,0
17794.0,686,2,147.3,1,Khách hàng có nguy cơ rời bỏ,1
17795.0,179,2,342.83,0,Khách hàng trung thành,0
17796.0,39,7,1236.39,2,Khách VIP,2
17797.0,21,8,1971.87,2,Khách VIP,2
17798.0,581,1,172.17,1,Khách hàng có nguy cơ rời bỏ,1
17799.0,21,20,6246.93,2,Khách VIP,2
17800.0,36,9,1186.21,2,Khách VIP,2
17801.0,450,3,770.03,1,Khách hàng có nguy cơ rời bỏ,1
17802.0,81,10,4946.22,2,Khách VIP,2
17803.0,391,1,184.66,1,Khách hàng có nguy cơ rời bỏ,1
17804.0,375,3,383.78,1,Khách hàng có nguy cơ rời bỏ,1
17805.0,73,2,927.03,0,Khách hàng trung thành,0
17806.0,10,1,546.04,0,Khách hàng trung thành,0
17807.0,394,3,437.87,1,Khách hàng có nguy cơ rời bỏ,1
17808.0,548,4,262.64,1,Khách hàng có nguy cơ rời bỏ,1
17809.0,15,20,10085.89,2,Khách VIP,2
17810.0,668,2,343.21,1,Khách hàng có nguy cơ rời bỏ,1
17811.0,3,47,9513.1,2,Khách VIP,2
17812.0,12,7,911.99,0,Khách hàng trung thành,0
17813.0,13,5,1698.07,0,Khách hàng trung thành,0
17814.0,374,2,1609.37,1,Khách hàng có nguy cơ rời bỏ,1
17815.0,392,1,591.96,1,Khách hàng có nguy cơ rời bỏ,1
17816.0,36,6,96.11,0,Khách hàng trung thành,0
17817.0,3,6,788.15,0,Khách hàng trung thành,0
17818.0,737,1,124.78,1,Khách hàng có nguy cơ rời bỏ,1
17819.0,71,12,6021.05,2,Khách VIP,2
17820.0,373,1,180.61,1,Khách hàng có nguy cơ rời bỏ,1
17821.0,405,1,334.62,1,Khách hàng có nguy cơ rời bỏ,1
17822.0,419,5,2154.08,1,Khách hàng có nguy cơ rời bỏ,1
17823.0,420,2,449.25,1,Khách hàng có nguy cơ rời bỏ,1
17824.0,50,1,298.4,0,Khách hàng trung thành,0
17825.0,598,4,701.96,1,Khách hàng có nguy cơ rời bỏ,1
17826.0,373,1,133.34,1,Khách hàng có nguy cơ rời bỏ,1
17827.0,4,6,2376.17,2,Khách VIP,2
17828.0,22,4,1165.09,0,Khách hàng trung thành,0
17829.0,298,5,4756.74,2,Khách VIP,2
17830.0,1,3,398.7,0,Khách hàng trung thành,0
17831.0,32,1,35.400000000000006,0,Khách hàng trung thành,0
17832.0,49,1,155.37,0,Khách hàng trung thành,0
17833.0,722,1,338.46000000000004,1,Khách hàng có nguy cơ rời bỏ,1
17834.0,414,2,689.6700000000001,1,Khách hàng có nguy cơ rời bỏ,1
17835.0,2,3,342.24,0,Khách hàng trung thành,0
17836.0,46,1,109.83,0,Khách hàng trung thành,0
17837.0,41,8,1535.33,2,Khách VIP,2
17838.0,26,13,5604.64,2,Khách VIP,2
17839.0,41,1,318.15,0,Khách hàng trung thành,0
17840.0,443,1,175.9,1,Khách hàng có nguy cơ rời bỏ,1
17841.0,1,211,68519.95,2,Khách VIP,2
17842.0,601,1,430.69,1,Khách hàng có nguy cơ rời bỏ,1
17843.0,302,2,312.65,1,Khách hàng có nguy cơ rời bỏ,1
17844.0,106,1,51.56,0,Khách hàng trung thành,0
17845.0,554,4,596.09,1,Khách hàng có nguy cơ rời bỏ,1
17847.0,515,2,125.74,1,Khách hàng có nguy cơ rời bỏ,1
17848.0,80,30,3538.46,2,Khách VIP,2
17849.0,217,8,1063.76,0,Khách hàng trung thành,0
17850.0,371,155,51208.87,2,Khách VIP,2
17851.0,421,6,1552.35,1,Khách hàng có nguy cơ rời bỏ,1
17852.0,11,5,657.8100000000001,0,Khách hàng trung thành,0
17853.0,406,3,1596.29,1,Khách hàng có nguy cơ rời bỏ,1
17854.0,184,6,1068.5,0,Khách hàng trung thành,0
17855.0,372,1,208.97,1,Khách hàng có nguy cơ rời bỏ,1
17856.0,1,4,1418.03,0,Khách hàng trung thành,0
17857.0,3,23,25769.54,2,Khách VIP,2
17858.0,5,30,12518.65,2,Khách VIP,2
17859.0,304,1,141.92000000000002,1,Khách hàng có nguy cơ rời bỏ,1
17860.0,368,4,717.39,1,Khách hàng có nguy cơ rời bỏ,1
17861.0,2,18,5088.29,2,Khách VIP,2
17862.0,323,4,1254.89,0,Khách hàng trung thành,1
17863.0,58,12,5360.48,2,Khách VIP,2
17864.0,12,5,876.57,0,Khách hàng trung thành,0
17865.0,30,46,26310.09,2,Khách VIP,2
17866.0,142,3,1134.95,0,Khách hàng trung thành,0
17867.0,29,14,1560.72,2,Khách VIP,2
17868.0,385,1,227.15,1,Khách hàng có nguy cơ rời bỏ,1
17869.0,106,7,813.64,0,Khách hàng trung thành,0
17870.0,1,13,2753.29,2,Khách VIP,2
17871.0,204,5,1068.95,0,Khách hàng trung thành,0
17872.0,381,1,235.87,1,Khách hàng có nguy cơ rời bỏ,1
17873.0,79,18,6135.95,2,Khách VIP,2
17874.0,184,6,683.46,0,Khách hàng trung thành,0
17875.0,687,1,167.1,1,Khách hàng có nguy cơ rời bỏ,1
17876.0,399,3,3424.02,1,Khách hàng có nguy cơ rời bỏ,1
17877.0,169,1,237.61,0,Khách hàng trung thành,0
17878.0,43,3,1378.93,0,Khách hàng trung thành,0
17879.0,173,1,178.51999999999998,0,Khách hàng trung thành,0
17880.0,364,3,824.9200000000001,1,Khách hàng có nguy cơ rời bỏ,1
17881.0,303,1,133.35000000000002,1,Khách hàng có nguy cơ rời bỏ,1
17882.0,378,2,291.56,1,Khách hàng có nguy cơ rời bỏ,1
17883.0,2,7,988.42,0,Khách hàng trung thành,0
17884.0,3,20,2693.47,2,Khách VIP,2
17885.0,11,1,156.34,0,Khách hàng trung thành,0
17886.0,31,6,1572.55,0,Khách hàng trung thành,2
17887.0,128,1,111.35,0,Khách hàng trung thành,0
17888.0,20,25,1807.44,2,Khách VIP,2
17889.0,211,7,746.42,0,Khách hàng trung thành,0
17890.0,322,2,586.89,1,Khách hàng có nguy cơ rời bỏ,1
17891.0,161,1,203.86,0,Khách hàng trung thành,0
17892.0,55,3,244.1,0,Khách hàng trung thành,0
17893.0,224,1,107.21,1,Khách hàng có nguy cơ rời bỏ,1
17894.0,71,18,2304.16,2,Khách VIP,2
17895.0,43,1,95.45,0,Khách hàng trung thành,0
17896.0,22,1,256.32,0,Khách hàng trung thành,0
17897.0,172,9,2053.04,2,Khách VIP,2
17898.0,84,4,299.18,0,Khách hàng trung thành,0
17899.0,158,1,154.55,0,Khách hàng trung thành,0
17900.0,189,2,112.2,0,Khách hàng trung thành,0
17901.0,28,3,260.08,0,Khách hàng trung thành,0
17902.0,546,1,216.4,1,Khách hàng có nguy cơ rời bỏ,1
17903.0,393,1,381.09,1,Khách hàng có nguy cơ rời bỏ,1
17904.0,20,1,181.07,0,Khách hàng trung thành,0
17905.0,70,13,2168.37,2,Khách VIP,2
17906.0,246,1,72.9,1,Khách hàng có nguy cơ rời bỏ,1
17907.0,640,1,291.76,1,Khách hàng có nguy cơ rời bỏ,1
17908.0,373,5,1142.47,1,Khách hàng có nguy cơ rời bỏ,1
17909.0,736,1,110.05,1,Khách hàng có nguy cơ rời bỏ,1
17910.0,725,1,261.7,1,Khách hàng có nguy cơ rời bỏ,1
17911.0,8,1,366.23,0,Khách hàng trung thành,0
17912.0,309,6,371.6,0,Khách hàng trung thành,1
17913.0,58,14,3425.09,2,Khách VIP,2
17914.0,3,1,329.36,0,Khách hàng trung thành,0
17915.0,550,1,225.78,1,Khách hàng có nguy cơ rời bỏ,1
17916.0,628,2,43.87,1,Khách hàng có nguy cơ rời bỏ,1
17917.0,44,3,335.03,0,Khách hàng trung thành,0
17918.0,500,3,388.44,1,Khách hàng có nguy cơ rời bỏ,1
17919.0,87,2,1840.32,0,Khách hàng trung thành,0
17920.0,3,54,23569.88,2,Khách VIP,2
17921.0,63,10,2394.36,2,Khách VIP,2
17922.0,542,1,170.4,1,Khách hàng có nguy cơ rời bỏ,1
17923.0,281,3,497.0,0,Khách hàng trung thành,1
17924.0,11,8,3257.7000000000003,2,Khách VIP,2
17925.0,372,1,244.08,1,Khách hàng có nguy cơ rời bỏ,1
17926.0,132,5,1035.49,0,Khách hàng trung thành,0
17927.0,721,1,294.0,1,Khách hàng có nguy cơ rời bỏ,1
17928.0,44,3,313.16,0,Khách hàng trung thành,0
17929.0,10,12,3082.1,2,Khách VIP,2
17930.0,35,13,4275.22,2,Khách VIP,2
17931.0,133,14,3402.24,2,Khách VIP,2
17932.0,28,3,1331.57,0,Khách hàng trung thành,0
17933.0,631,1,105.99,1,Khách hàng có nguy cơ rời bỏ,1
17934.0,51,3,1049.15,0,Khách hàng trung thành,0
17935.0,137,7,683.24,0,Khách hàng trung thành,0
17936.0,4,1,380.13,0,Khách hàng trung thành,0
17937.0,8,7,4301.22,2,Khách VIP,2
17938.0,419,1,144.29,1,Khách hàng có nguy cơ rời bỏ,1
17939.0,159,1,99.14,0,Khách hàng trung thành,0
17940.0,48,14,28389.58,2,Khách VIP,2
17941.0,130,4,1433.28,0,Khách hàng trung thành,0
17942.0,7,1,77.50000000000001,0,Khách hàng trung thành,0
17944.0,422,1,74.99,1,Khách hàng có nguy cơ rời bỏ,1
17945.0,696,3,359.5,1,Khách hàng có nguy cơ rời bỏ,1
17946.0,232,2,149.57999999999998,0,Khách hàng trung thành,1
17947.0,36,1,176.68,0,Khách hàng trung thành,0
17948.0,146,1,358.56000000000006,0,Khách hàng trung thành,0
17949.0,0,116,107833.48,2,Khách VIP,2
17950.0,71,7,1166.29,0,Khách hàng trung thành,0
17951.0,39,4,1340.5800000000002,0,Khách hàng trung thành,0
17952.0,377,4,788.46,1,Khách hàng có nguy cơ rời bỏ,1
17953.0,539,1,148.67000000000002,1,Khách hàng có nguy cơ rời bỏ,1
17954.0,4,19,3801.83,2,Khách VIP,2
17955.0,198,6,949.9,0,Khách hàng trung thành,0
17956.0,248,1,12.75,1,Khách hàng có nguy cơ rời bỏ,1
17957.0,65,1,110.72,0,Khách hàng trung thành,0
17958.0,116,2,973.88,0,Khách hàng trung thành,0
17959.0,591,1,140.75,1,Khách hàng có nguy cơ rời bỏ,1
17960.0,170,3,135.08,0,Khách hàng trung thành,0
17961.0,20,100,2866.74,2,Khách VIP,2
17962.0,141,4,665.91,0,Khách hàng trung thành,0
17963.0,470,4,643.16,1,Khách hàng có nguy cơ rời bỏ,1
17964.0,31,2,463.21,0,Khách hàng trung thành,0
17965.0,37,29,7002.9,2,Khách VIP,2
17966.0,37,10,1963.92,2,Khách VIP,2
17967.0,371,2,223.42,1,Khách hàng có nguy cơ rời bỏ,1
17968.0,373,4,590.4399999999999,1,Khách hàng có nguy cơ rời bỏ,1
17969.0,165,20,2354.29,2,Khách VIP,2
17970.0,210,1,562.79,0,Khách hàng trung thành,0
17971.0,547,1,161.94,1,Khách hàng có nguy cơ rời bỏ,1
17972.0,241,1,135.19,1,Khách hàng có nguy cơ rời bỏ,1
17973.0,51,1,337.04,0,Khách hàng trung thành,0
17974.0,24,6,1739.09,2,Khách VIP,2
17975.0,14,24,6693.03,2,Khách VIP,2
17976.0,371,1,321.79,1,Khách hàng có nguy cơ rời bỏ,1
17977.0,28,2,1511.45,0,Khách hàng trung thành,0
17978.0,364,4,1159.99,1,Khách hàng có nguy cơ rời bỏ,1
17979.0,35,4,729.01,0,Khách hàng trung thành,0
17980.0,165,4,1012.72,0,Khách hàng trung thành,0
17981.0,410,1,239.12,1,Khách hàng có nguy cơ rời bỏ,1
17982.0,680,1,138.18,1,Khách hàng có nguy cơ rời bỏ,1
17983.0,394,1,171.71,1,Khách hàng có nguy cơ rời bỏ,1
17984.0,144,5,1148.69,0,Khách hàng trung thành,0
17985.0,21,1,631.35,0,Khách hàng trung thành,0
17986.0,55,1,20.8,0,Khách hàng trung thành,0
17987.0,184,5,965.44,0,Khách hàng trung thành,0
17988.0,11,13,485.69,2,Khách VIP,2
17989.0,378,1,207.33,1,Khách hàng có nguy cơ rời bỏ,1
17990.0,236,6,1527.61,0,Khách hàng trung thành,0
17991.0,224,3,298.65,0,Khách hàng trung thành,0
17992.0,388,1,252.88,1,Khách hàng có nguy cơ rời bỏ,1
17993.0,616,1,225.99,1,Khách hàng có nguy cơ rời bỏ,1
17994.0,121,11,2264.03,2,Khách VIP,2
17995.0,281,3,495.48,0,Khách hàng trung thành,1
17996.0,379,3,469.73,1,Khách hàng có nguy cơ rời bỏ,1
17997.0,73,8,1962.46,2,Khách VIP,2
17998.0,379,3,639.24,1,Khách hàng có nguy cơ rời bỏ,1
17999.0,36,3,528.46,0,Khách hàng trung thành,0
18000.0,563,1,124.25,1,Khách hàng có nguy cơ rời bỏ,1
18001.0,11,6,924.14,0,Khách hàng trung thành,0
18002.0,375,4,237.62,1,Khách hàng có nguy cơ rời bỏ,1
18003.0,375,1,353.51,1,Khách hàng có nguy cơ rời bỏ,1
18004.0,361,1,157.92,1,Khách hàng có nguy cơ rời bỏ,1
18005.0,3,2,226.47,0,Khách hàng trung thành,0
18006.0,22,4,969.51,0,Khách hàng trung thành,0
18007.0,392,1,215.22,1,Khách hàng có nguy cơ rời bỏ,1
18008.0,69,23,19759.08,2,Khách VIP,2
18009.0,234,8,2144.23,2,Khách VIP,2
18010.0,256,1,174.8,1,Khách hàng có nguy cơ rời bỏ,1
18011.0,372,2,410.79,1,Khách hàng có nguy cơ rời bỏ,1
18012.0,722,1,115.3,1,Khách hàng có nguy cơ rời bỏ,1
18013.0,154,2,187.29,0,Khách hàng trung thành,0
18014.0,27,1,154.27,0,Khách hàng trung thành,0
18015.0,3,1,120.03,0,Khách hàng trung thành,0
18016.0,31,7,1954.56,2,Khách VIP,2
18017.0,80,4,688.0,0,Khách hàng trung thành,0
18018.0,107,4,297.99,0,Khách hàng trung thành,0
18019.0,51,1,38.45,0,Khách hàng trung thành,0
18020.0,543,1,190.48,1,Khách hàng có nguy cơ rời bỏ,1
18021.0,509,2,216.41,1,Khách hàng có nguy cơ rời bỏ,1
18022.0,35,5,1506.62,0,Khách hàng trung thành,0
18024.0,152,2,389.78,0,Khách hàng trung thành,0
18025.0,379,6,1177.72,1,Khách hàng có nguy cơ rời bỏ,1
18026.0,500,2,2074.07,1,Khách hàng có nguy cơ rời bỏ,1
18027.0,98,1,115.31,0,Khách hàng trung thành,0
18028.0,582,1,192.05,1,Khách hàng có nguy cơ rời bỏ,1
18029.0,641,1,433.77,1,Khách hàng có nguy cơ rời bỏ,1
18030.0,3,2,230.65,0,Khách hàng trung thành,0
18031.0,378,1,451.3,1,Khách hàng có nguy cơ rời bỏ,1
18032.0,333,1,73.5,1,Khách hàng có nguy cơ rời bỏ,1
18033.0,64,1,93.82,0,Khách hàng trung thành,0
18034.0,21,3,753.35,0,Khách hàng trung thành,0
18035.0,35,5,1260.23,0,Khách hàng trung thành,0
18036.0,31,11,1545.49,2,Khách VIP,2
18037.0,153,15,167.42,0,Khách hàng trung thành,0
18038.0,555,1,141.48,1,Khách hàng có nguy cơ rời bỏ,1
18039.0,373,4,548.22,1,Khách hàng có nguy cơ rời bỏ,1
18040.0,18,2,357.20000000000005,0,Khách hàng trung thành,0
18041.0,11,38,8018.769999999999,2,Khách VIP,2
18042.0,53,2,281.15,0,Khách hàng trung thành,0
18043.0,24,3,529.29,0,Khách hàng trung thành,0
18044.0,3,18,3505.61,2,Khách VIP,2
18045.0,44,1,178.34,0,Khách hàng trung thành,0
18046.0,649,1,189.63,1,Khách hàng có nguy cơ rời bỏ,1
18047.0,380,2,326.09,1,Khách hàng có nguy cơ rời bỏ,1
18048.0,202,3,394.93,0,Khách hàng trung thành,0
18049.0,436,2,500.5,1,Khách hàng có nguy cơ rời bỏ,1
18050.0,358,2,412.06,1,Khách hàng có nguy cơ rời bỏ,1
18051.0,633,7,2282.28,1,Khách hàng có nguy cơ rời bỏ,1
18052.0,564,1,10877.18,1,Khách hàng có nguy cơ rời bỏ,1
18053.0,70,3,571.07,0,Khách hàng trung thành,0
18054.0,392,1,176.5,1,Khách hàng có nguy cơ rời bỏ,1
18055.0,6,14,10142.64,2,Khách VIP,2
18056.0,287,2,554.6,1,Khách hàng có nguy cơ rời bỏ,1
18057.0,392,3,1168.14,1,Khách hàng có nguy cơ rời bỏ,1
18058.0,9,3,774.06,0,Khách hàng trung thành,0
18059.0,22,3,306.46,0,Khách hàng trung thành,0
18060.0,407,2,1185.46,1,Khách hàng có nguy cơ rời bỏ,1
18061.0,21,28,6083.81,2,Khách VIP,2
18062.0,172,6,1632.67,0,Khách hàng trung thành,0
18063.0,390,2,186.6,1,Khách hàng có nguy cơ rời bỏ,1
18064.0,132,11,4481.83,2,Khách VIP,2
18065.0,5,28,5846.63,2,Khách VIP,2
18066.0,74,3,1440.4,0,Khách hàng trung thành,0
18067.0,39,1,396.33,0,Khách hàng trung thành,0
18068.0,288,1,101.7,1,Khách hàng có nguy cơ rời bỏ,1
18069.0,25,11,4449.02,2,Khách VIP,2
18070.0,668,1,314.1,1,Khách hàng có nguy cơ rời bỏ,1
18071.0,257,6,1169.68,0,Khách hàng trung thành,0
18072.0,185,1,247.44,0,Khách hàng trung thành,0
18073.0,113,12,3859.82,2,Khách VIP,2
18074.0,373,2,1019.44,1,Khách hàng có nguy cơ rời bỏ,1
18075.0,22,20,5783.29,2,Khách VIP,2
18076.0,379,1,151.49,1,Khách hàng có nguy cơ rời bỏ,1
18077.0,7,18,4078.79,2,Khách VIP,2
18078.0,216,4,725.53,0,Khách hàng trung thành,0
18079.0,44,5,4203.93,2,Khách VIP,2
18080.0,18,2,1231.5,0,Khách hàng trung thành,0
18081.0,35,3,343.45,0,Khách hàng trung thành,0
18082.0,25,1,680.84,0,Khách hàng trung thành,0
18083.0,397,1,463.53,1,Khách hàng có nguy cơ rời bỏ,1
18084.0,15,3,795.2299999999999,0,Khách hàng trung thành,0
18085.0,329,4,1341.85,0,Khách hàng trung thành,1
18086.0,273,1,101.34,1,Khách hàng có nguy cơ rời bỏ,1
18087.0,290,16,13908.72,2,Khách VIP,2
18088.0,60,1,166.03,0,Khách hàng trung thành,0
18089.0,446,1,428.45,1,Khách hàng có nguy cơ rời bỏ,1
18090.0,421,1,321.9,1,Khách hàng có nguy cơ rời bỏ,1
18091.0,592,1,360.85,1,Khách hàng có nguy cơ rời bỏ,1
18092.0,1,18,14693.72,2,Khách VIP,2
18093.0,92,8,4452.71,2,Khách VIP,2
18094.0,81,13,6391.52,2,Khách VIP,2
18095.0,312,5,2303.09,0,Khách hàng trung thành,0
18096.0,11,6,1638.16,2,Khách VIP,2
18097.0,7,11,4627.92,2,Khách VIP,2
18098.0,395,1,527.94,1,Khách hàng có nguy cơ rời bỏ,1
18099.0,126,1,168.31,0,Khách hàng trung thành,0
18100.0,549,1,451.56,1,Khách hàng có nguy cơ rời bỏ,1
18101.0,10,5,622.01,0,Khách hàng trung thành,0
18102.0,0,145,580987.04,2,Khách VIP,2
18103.0,548,1,105.8,1,Khách hàng có nguy cơ rời bỏ,1
18104.0,36,1,754.64,0,Khách hàng trung thành,0
18105.0,37,1,113.48000000000002,0,Khách hàng trung thành,0
18106.0,329,6,1441.06,0,Khách hàng trung thành,0
18107.0,441,1,165.88,1,Khách hàng có nguy cơ rời bỏ,1
18108.0,253,3,848.8100000000001,0,Khách hàng trung thành,0
18109.0,1,38,9555.71,2,Khách VIP,2
18110.0,19,2,392.28,0,Khách hàng trung thành,0
18111.0,588,1,405.85,1,Khách hàng có nguy cơ rời bỏ,1
18112.0,11,4,773.36,0,Khách hàng trung thành,0
18113.0,368,1,76.32000000000001,1,Khách hàng có nguy cơ rời bỏ,1
18114.0,289,1,220.1,1,Khách hàng có nguy cơ rời bỏ,1
18115.0,697,1,9.7,1,Khách hàng có nguy cơ rời bỏ,1
18116.0,67,13,2130.89,2,Khách VIP,2
18117.0,25,1,314.4,0,Khách hàng trung thành,0
18118.0,10,29,6218.62,2,Khách VIP,2
18119.0,367,1,180.7,1,Khách hàng có nguy cơ rời bỏ,1
18120.0,213,1,111.15,1,Khách hàng có nguy cơ rời bỏ,1
18121.0,148,2,653.3,0,Khách hàng trung thành,0
18122.0,7,6,1791.84,2,Khách VIP,2
18123.0,23,3,666.64,0,Khách hàng trung thành,0
18124.0,471,1,102.65,1,Khách hàng có nguy cơ rời bỏ,1
18125.0,29,4,1131.75,0,Khách hàng trung thành,0
18126.0,60,1,198.58,0,Khách hàng trung thành,0
18127.0,18,4,556.13,0,Khách hàng trung thành,0
18128.0,536,1,399.29,1,Khách hàng có nguy cơ rời bỏ,1
18129.0,242,1,112.55,1,Khách hàng có nguy cơ rời bỏ,1
18130.0,14,3,1059.39,0,Khách hàng trung thành,0
18131.0,631,1,222.96,1,Khách hàng có nguy cơ rời bỏ,1
18132.0,503,1,220.13,1,Khách hàng có nguy cơ rời bỏ,1
18133.0,211,1,931.5,0,Khách hàng trung thành,0
18134.0,597,2,445.0,1,Khách hàng có nguy cơ rời bỏ,1
18135.0,28,10,1249.62,2,Khách VIP,2
18136.0,62,5,1631.36,0,Khách hàng trung thành,0
18137.0,550,2,145.99,1,Khách hàng có nguy cơ rời bỏ,1
18138.0,294,1,152.65,1,Khách hàng có nguy cơ rời bỏ,1
18139.0,17,6,8438.34,2,Khách VIP,2
18140.0,473,1,536.41,1,Khách hàng có nguy cơ rời bỏ,1
18141.0,401,2,882.47,1,Khách hàng có nguy cơ rời bỏ,1
18142.0,156,2,1019.52,0,Khách hàng trung thành,0
18143.0,116,2,1000.16,0,Khách hàng trung thành,0
18144.0,7,19,4892.95,2,Khách VIP,2
18145.0,12,11,5609.74,2,Khách VIP,2
18146.0,140,2,160.35000000000002,0,Khách hàng trung thành,0
18147.0,45,2,179.33999999999995,0,Khách hàng trung thành,0
18148.0,646,1,112.85,1,Khách hàng có nguy cơ rời bỏ,1
18149.0,50,7,1553.96,2,Khách VIP,2
18150.0,31,3,566.58,0,Khách hàng trung thành,0
18151.0,134,6,1879.44,2,Khách VIP,2
18152.0,645,1,426.69,1,Khách hàng có nguy cơ rời bỏ,1
18153.0,658,1,246.22,1,Khách hàng có nguy cơ rời bỏ,1
18154.0,2,5,932.6,0,Khách hàng trung thành,0
18155.0,74,3,371.62,0,Khách hàng trung thành,0
18156.0,12,2,675.64,0,Khách hàng trung thành,0
18157.0,570,1,213.9,1,Khách hàng có nguy cơ rời bỏ,1
18158.0,8,2,453.4,0,Khách hàng trung thành,0
18159.0,300,1,530.15,1,Khách hàng có nguy cơ rời bỏ,1
18160.0,56,3,1003.88,0,Khách hàng trung thành,0
18161.0,14,6,1803.1,2,Khách VIP,2
18162.0,731,1,371.51,1,Khách hàng có nguy cơ rời bỏ,1
18163.0,583,1,728.84,1,Khách hàng có nguy cơ rời bỏ,1
18164.0,36,1,399.65,0,Khách hàng trung thành,0
18165.0,176,1,302.46000000000004,0,Khách hàng trung thành,0
18166.0,623,1,175.5,1,Khách hàng có nguy cơ rời bỏ,1
18167.0,22,3,1384.86,0,Khách hàng trung thành,0
18168.0,175,16,3435.5,2,Khách VIP,2
18169.0,60,1,202.65,0,Khách hàng trung thành,0
18170.0,32,9,2878.0,2,Khách VIP,2
18171.0,58,9,2437.31,2,Khách VIP,2
18172.0,14,52,17467.24,2,Khách VIP,2
18173.0,86,5,2696.36,2,Khách VIP,2
18174.0,6,2,162.5,0,Khách hàng trung thành,0
18175.0,675,1,176.1,1,Khách hàng có nguy cơ rời bỏ,1
18176.0,357,1,476.35,1,Khách hàng có nguy cơ rời bỏ,1
18177.0,30,9,2216.32,2,Khách VIP,2
18178.0,128,11,6103.74,2,Khách VIP,2
18179.0,8,8,2547.55,2,Khách VIP,2
18180.0,4,6,1843.75,2,Khách VIP,2
18181.0,23,5,1188.34,0,Khách hàng trung thành,0
18182.0,462,1,291.13,1,Khách hàng có nguy cơ rời bỏ,1
18183.0,226,2,632.07,0,Khách hàng trung thành,0
18184.0,14,1,49.8,0,Khách hàng trung thành,0
18185.0,248,1,304.25,1,Khách hàng có nguy cơ rời bỏ,1
18186.0,722,1,329.58,1,Khách hàng có nguy cơ rời bỏ,1
18187.0,631,1,724.89,1,Khách hàng có nguy cơ rời bỏ,1
18188.0,14,6,3280.59,2,Khách VIP,2
18189.0,77,3,1403.73,0,Khách hàng trung thành,0
18190.0,191,5,745.62,0,Khách hàng trung thành,0
18191.0,261,2,529.4,0,Khách hàng trung thành,0
18192.0,71,1,957.97,0,Khách hàng trung thành,0
18193.0,164,3,1207.35,0,Khách hàng trung thành,0
18194.0,81,6,4162.04,2,Khách VIP,2
18195.0,386,1,101.16,1,Khách hàng có nguy cơ rời bỏ,1
18196.0,94,4,1455.27,0,Khách hàng trung thành,0
18197.0,575,1,230.1,1,Khách hàng có nguy cơ rời bỏ,1
18198.0,3,17,5425.56,2,Khách VIP,2
18199.0,683,1,344.75,1,Khách hàng có nguy cơ rời bỏ,1
18200.0,105,1,150.35,0,Khách hàng trung thành,0
18201.0,722,1,447.53,1,Khách hàng có nguy cơ rời bỏ,1
18202.0,199,3,1396.99,0,Khách hàng trung thành,0
18203.0,156,4,482.52,0,Khách hàng trung thành,0
18204.0,70,3,1975.35,0,Khách hàng trung thành,0
18205.0,35,2,517.36,0,Khách hàng trung thành,0
18206.0,552,1,314.66,1,Khách hàng có nguy cơ rời bỏ,1
18207.0,498,1,544.47,1,Khách hàng có nguy cơ rời bỏ,1
18208.0,565,1,360.08,1,Khách hàng có nguy cơ rời bỏ,1
18209.0,28,1,139.10000000000002,0,Khách hàng trung thành,0
18210.0,1,7,2768.83,2,Khách VIP,2
18211.0,25,5,600.07,0,Khách hàng trung thành,0
18212.0,325,2,514.37,1,Khách hàng có nguy cơ rời bỏ,1
18213.0,236,1,232.48,1,Khách hàng có nguy cơ rời bỏ,1
18214.0,530,4,1780.34,1,Khách hàng có nguy cơ rời bỏ,1
18215.0,88,5,2232.49,2,Khách VIP,2
18216.0,30,1,481.75,0,Khách hàng trung thành,0
18217.0,28,4,945.04,0,Khách hàng trung thành,0
18218.0,210,4,1121.84,0,Khách hàng trung thành,0
18219.0,2,17,3352.7000000000003,2,Khách VIP,2
18220.0,226,6,1921.76,2,Khách VIP,2
18221.0,21,6,1424.94,0,Khách hàng trung thành,0
18222.0,92,1,443.0,0,Khách hàng trung thành,0
18223.0,4,26,14000.85,2,Khách VIP,2
18224.0,263,1,158.95000000000002,1,Khách hàng có nguy cơ rời bỏ,1
18225.0,2,26,13014.8,2,Khách VIP,2
18226.0,43,26,11878.88,2,Khách VIP,2
18227.0,217,2,388.75,0,Khách hàng trung thành,0
18228.0,56,2,779.9,0,Khách hàng trung thành,0
18229.0,11,28,10150.51,2,Khách VIP,2
18230.0,8,9,4291.06,2,Khách VIP,2
18231.0,191,28,6848.27,2,Khách VIP,2
18232.0,81,4,592.97,0,Khách hàng trung thành,0
18233.0,325,1,440.0,1,Khách hàng có nguy cơ rời bỏ,1
18234.0,551,1,179.6,1,Khách hàng có nguy cơ rời bỏ,1
18235.0,71,3,1796.48,0,Khách hàng trung thành,0
18236.0,29,12,1795.35,2,Khách VIP,2
18237.0,2,5,987.1,0,Khách hàng trung thành,0
18238.0,514,1,270.92,1,Khách hàng có nguy cơ rời bỏ,1
18239.0,218,6,1712.26,0,Khách hàng trung thành,0
18240.0,45,1,422.58,0,Khách hàng trung thành,0
18241.0,9,21,2986.99,2,Khách VIP,2
18242.0,71,8,3605.21,2,Khách VIP,2
18243.0,413,1,515.78,1,Khách hàng có nguy cơ rời bỏ,1
18244.0,430,2,568.64,1,Khách hàng có nguy cơ rời bỏ,1
18245.0,6,20,6324.9800000000005,2,Khách VIP,2
18246.0,23,3,758.8199999999999,0,Khách hàng trung thành,0
18247.0,414,3,839.73,1,Khách hàng có nguy cơ rời bỏ,1
18248.0,122,2,804.02,0,Khách hàng trung thành,0
18249.0,16,1,95.34,0,Khách hàng trung thành,0
18250.0,309,1,349.27,1,Khách hàng có nguy cơ rời bỏ,1
18251.0,86,9,26278.86,2,Khách VIP,2
18252.0,50,7,1533.69,2,Khách VIP,2
18253.0,642,1,317.88,1,Khách hàng có nguy cơ rời bỏ,1
18254.0,580,1,267.9,1,Khách hàng có nguy cơ rời bỏ,1
18255.0,88,2,303.15,0,Khách hàng trung thành,0
18256.0,387,1,110.7,1,Khách hàng có nguy cơ rời bỏ,1
18257.0,38,12,4585.15,2,Khách VIP,2
18258.0,463,6,2059.67,1,Khách hàng có nguy cơ rời bỏ,1
18259.0,24,7,3941.9,2,Khách VIP,2
18260.0,172,23,9947.26,2,Khách VIP,2
18261.0,42,2,324.24,0,Khách hàng trung thành,0
18262.0,139,3,577.54,0,Khách hàng trung thành,0
18263.0,25,3,1213.16,0,Khách hàng trung thành,0
18264.0,498,1,603.25,1,Khách hàng có nguy cơ rời bỏ,1
18265.0,71,2,801.51,0,Khách hàng trung thành,0
18266.0,433,1,251.1,1,Khách hàng có nguy cơ rời bỏ,1
18267.0,672,1,269.37,1,Khách hàng có nguy cơ rời bỏ,1
18268.0,133,6,1490.23,0,Khách hàng trung thành,0
18269.0,365,1,168.6,1,Khách hàng có nguy cơ rời bỏ,1
18270.0,37,3,444.55,0,Khách hàng trung thành,0
18271.0,609,2,680.85,1,Khách hàng có nguy cơ rời bỏ,1
18272.0,2,9,4385.9800000000005,2,Khách VIP,2
18273.0,1,4,357.0,0,Khách hàng trung thành,0
18274.0,29,1,175.92,0,Khách hàng trung thành,0
18275.0,577,2,741.85,1,Khách hàng có nguy cơ rời bỏ,1
18276.0,43,6,1656.52,2,Khách VIP,2
18277.0,57,5,1180.05,0,Khách hàng trung thành,0
18278.0,73,2,414.2000000000001,0,Khách hàng trung thành,0
18279.0,518,1,231.34,1,Khách hàng có nguy cơ rời bỏ,1
18280.0,277,2,488.15,0,Khách hàng trung thành,1
18281.0,180,2,201.14,0,Khách hàng trung thành,0
18282.0,7,2,178.05,0,Khách hàng trung thành,0
18283.0,3,22,2658.95,2,Khách VIP,2
18284.0,431,1,411.68,1,Khách hàng có nguy cơ rời bỏ,1
18285.0,660,1,377.0,1,Khách hàng có nguy cơ rời bỏ,1
18286.0,476,2,1246.43,1,Khách hàng có nguy cơ rời bỏ,1
18287.0,42,7,4132.99,2,Khách VIP,2
